time_sec,x,y,ref_x,ref_y,path_error_m,heading_error_rad,heading_error_deg,linear_velocity_mps,angular_velocity_radps
0.02,9.600788030062297e-09,-2.2140514371747e-21,-0.004099797678237288,0.009800949585576063,0.010623889706889496,0.8913713135510466,51.07181424550733,1.5905893106104448e-13,-2.1061831368707648e-13
0.04,4.9448221795257655e-05,1.4221194248994467e-07,-0.004099797678237288,0.009800949585576063,0.010642935061063143,0.8860720052682415,50.768186246563886,0.004324101498432875,0.5033947167210355
0.060000000000000005,0.0002556211069491315,3.834765030182843e-06,-0.004099797678237288,0.009800949585576063,0.010721619821711385,0.8635283796461103,49.47653164349278,0.01225544845873766,1.460741515471146
0.08,0.0009939906787768396,4.4344492193651546e-05,-0.004099797678237288,0.009800949585576063,0.01100627197439116,0.8287386441082818,47.48322662679892,0.0504947051522596,2.1999338070179455
0.1,0.002298018413234373,0.00016818697571390542,-0.004099797678237288,0.009800949585576063,0.011563830085151378,0.7961885465333256,45.61824341301491,0.07049999998212939,2.2000000000278708
0.12000000000000001,0.0039915856639198884,0.00040371395854232173,-0.004099797678237288,0.009800949585576063,0.012400746825079967,0.7674182949243973,43.96982942029385,0.09049999998216629,2.168541127296657
0.14,0.005987482451722488,0.000767478466796765,-0.004099797678237288,0.009800949585576063,0.013540931314872735,0.7429076120304295,42.565470737485995,0.1028856108729331,2.071092961340433
0.16,0.00805631311435389,0.0012322833821542354,-0.004099797678237288,0.009800949585576063,0.014872560980120913,0.7209925924463371,41.30983260737095,0.1070620759418583,1.9752486051703433
0.18000000000000002,0.010183821205710944,0.001797960272128091,-0.004099797678237288,0.009800949585576063,0.016372831348702186,0.7015996053620286,40.19869629528836,0.11104606399361158,1.8812396007907441
0.2,0.012362623680571496,0.0024645062702800392,-0.004099797678237288,0.009800949585576063,0.018023171682961782,0.6847250221604709,39.23185389679675,0.11484130299583803,1.7890498302744082
0.22,0.014585957706916515,0.003231171524624429,-0.004099797678237288,0.009800949585576063,0.019807055260284548,0.6703807689532109,38.409988727753756,0.11845143764611636,1.6987015952664635
0.24000000000000002,0.0168475394364071,0.004096517254102196,-0.004099797678237288,0.009800949585576063,0.021710169976739534,0.6585933824958969,37.734621232260004,0.12188014189833692,1.6102444122082709
0.26,0.019144664565454102,0.005059568272200613,-0.004099797678237288,0.009800949585576063,0.023723105230075182,0.6495228486726212,37.21491792625564,0.12513117787109998,1.5237536512161018
0.28,0.021462998215118337,0.006114320495348487,-0.004099797678237288,0.009800949585576063,0.025827267914633776,0.6428767294891355,36.83412334690098,0.1281997989097194,1.4395890190361638
0.30000000000000004,0.02380922832560399,0.0072625923657436715,-0.004099797678237288,0.009800949585576063,0.028024221485325223,0.6391911629769972,36.6229559406407,0.13111622817530344,1.3570830596409964
0.32,0.02617459295993102,0.008498956893682874,-0.004099797678237288,0.009800949585576063,0.03030237471687914,0.6383804301406956,36.576504370807946,0.13385031685739418,1.2774193133858276
0.34,0.028551595868088434,0.009818090024608893,-0.004099797678237288,0.009800949585576063,0.032651398045285766,0.6404102835715885,36.69280640542826,0.13642108823342491,1.200314902453564
0.36000000000000004,0.03093725161663739,0.011216483892572031,-0.004099797678237288,0.009800949585576063,0.03506563218688294,0.6454368700068687,36.98080859352753,0.13884484936162161,1.1255313904019586
0.38,0.033335117394891055,0.012693647866315837,-0.004099797678237288,0.009800949585576063,0.03754651208668691,0.6539487801895606,37.4685051225902,0.14112582554725228,1.0532101199256958
0.4,0.035736495107535925,0.014242019073525973,-0.004099797678237288,0.009800949585576063,0.04008308023481537,0.6658612574064544,38.151039790663965,0.1432467100412043,0.9842575898070779
0.42000000000000004,0.0381412312395639,0.015858814677474426,-0.004099797678237288,0.009800949585576063,0.04267320299094218,0.6815338478396598,39.04901307652374,0.1452359109798601,0.9179908357480334
0.44,0.04055073433002901,0.017541827708725415,-0.004099797678237288,0.009800949585576063,0.0453165665374007,0.70145773437716,40.19056768662002,0.14709177267758355,0.8547460259695713
0.46,0.042957098031112355,0.019283045793560282,0.052827187242635916,0.06540357743784331,0.04716483966043715,0.33123647482136587,18.978452028055624,0.1488075890720102,0.7950526319238318
0.48000000000000004,0.04532253560519217,0.021052503524491405,0.052827187242635916,0.06540357743784331,0.04498152457917573,0.3233327699633878,18.525603097176432,0.14750795030389685,0.791544824724341
0.5,0.04767679441941773,0.02287114579618329,0.052827187242635916,0.06540357743784331,0.04284313582811067,0.31641551348491437,18.12927349515038,0.14909209229498596,0.7347277094255471
0.52,0.0500283993377002,0.024742291895898397,0.052827187242635916,0.06540357743784331,0.040757494472310155,0.3107230567709719,17.803119750380567,0.15058427456199985,0.6802130105628437
0.54,0.05237559879556452,0.02666160879510897,0.052827187242635916,0.06540357743784331,0.038744600481101094,0.30616981141407934,17.542238008343084,0.15196650628514474,0.6288949188804793
0.56,0.05472119431496698,0.028628070583103935,0.052827187242635916,0.06540357743784331,0.03682424700130368,0.30289428077501157,17.354563927058713,0.15324995534949912,0.5805135599202936
0.5800000000000001,0.057063577504784746,0.030637160579131364,0.052827187242635916,0.06540357743784331,0.035023574112973674,0.30080583051422727,17.234904541392776,0.1544254968722512,0.5355976734131213
0.6000000000000001,0.05939792169354013,0.03268234828307098,0.052827187242635916,0.06540357743784331,0.033374442146999576,0.2996467515827393,17.168494210495982,0.1555056753965065,0.4937902265632409
0.62,0.061731031956826485,0.03476632768023486,0.052827187242635916,0.06540357743784331,0.0319048510951626,0.29978225807438474,17.17625816056389,0.15651834031894432,0.45407018719645753
0.64,0.06405869599133338,0.03688265988749029,0.052827187242635916,0.06540357743784331,0.030652724620922403,0.3009786734507057,17.24480771217164,0.15743442447497463,0.41772415158764814
0.66,0.06638100885081855,0.03902893862504348,0.052827187242635916,0.06540357743784331,0.02965345937141374,0.30324704494568555,17.374775825201766,0.15828077682448602,0.3837407763927271
0.68,0.06869508574682824,0.041200490391597566,0.052827187242635916,0.06540357743784331,0.02894096794351387,0.30643359352198,17.557351609836857,0.1590618519417908,0.35200431502385676
0.7000000000000001,0.07100826006750673,0.04340151172515179,0.052827187242635916,0.06540357743784331,0.028541939399572194,0.3109918958594463,17.818523095518294,0.15979759680807107,0.3217417076708607
0.7200000000000001,0.07330680364353037,0.045616267793601804,0.052827187242635916,0.06540357743784331,0.0284772244238247,0.31667040720612294,18.143877829600015,0.15954681449407912,0.29567757890099944
0.74,0.07558414293253858,0.04783589922628123,0.052827187242635916,0.06540357743784331,0.028748953894310418,0.3235072944468692,18.53560261350162,0.15894503392863327,0.27181889638531714
0.76,0.07784258616038389,0.050060559325973614,0.052827187242635916,0.06540357743784331,0.02934584106471014,0.33146458889647173,18.991522001806718,0.15839662439797608,0.24964653000851672
0.78,0.0800828537587853,0.052288906554362434,0.052827187242635916,0.06540357743784331,0.030246751058941312,0.3406611995932035,19.518448980554318,0.15788846239142038,0.2286991597620939
0.8,0.08230588812386586,0.05451976539173929,0.052827187242635916,0.06540357743784331,0.031423735778865404,0.3512234534241344,20.123621547212544,0.15742268486557862,0.2091115830451856
0.8200000000000001,0.084514162815214,0.05675384996685422,0.052827187242635916,0.06540357743784331,0.032846342357400214,0.36320310484334284,20.810005013571093,0.15700054444181058,0.19098371828163258
0.8400000000000001,0.08670889489750233,0.058990794560991155,0.052827187242635916,0.06540357743784331,0.03448324082558775,0.37673323091950683,21.585224134015192,0.15661313890237283,0.17399795122569756
0.8600000000000001,0.08889056358446423,0.061229414169303636,0.052827187242635916,0.06540357743784331,0.036304142355449855,0.3920161676352847,22.46087190639479,0.1562583484349501,0.1581030480299816
0.88,0.09106110592260655,0.06347028470682771,0.052827187242635916,0.06540357743784331,0.038282765814533375,0.4091949917196419,23.44514602342615,0.1559389633705371,0.14344731417920922
0.9,0.0932213250461885,0.06571291003598,0.052827187242635916,0.06540357743784331,0.04039532219884706,0.42850957548686464,24.5517901563399,0.1556476720114549,0.12976001512847185
0.92,0.09537221065262988,0.06795707659575571,0.052827187242635916,0.06540357743784331,0.04262158343968926,0.45023082627039324,25.796326151981322,0.15538404578812057,0.11704884266827698
0.9400000000000001,0.09751482660608915,0.0702027900972271,0.052827187242635916,0.06540357743784331,0.044944605394063086,0.4746738578660403,27.196808700916822,0.1551461347534932,0.10525614321704128
0.9600000000000001,0.09964970218918384,0.07244950758031782,0.052827187242635916,0.06540357743784331,0.04734968888485261,0.5022502552257685,28.776819883804954,0.15493090563669998,0.09427575557475165
0.9800000000000001,0.10177781057858377,0.07469725882762523,0.11182083569849667,0.11882057853699914,0.04525184742897051,0.137616767104892,7.884859945345093,0.15473905950074487,0.08415554405240797
1.0,0.10394063438283428,0.076992764291453,0.11182083569849667,0.11882057853699914,0.04256364196512417,0.13790817596331462,7.9015564430454335,0.15853413726771431,0.18439835140196884
1.02,0.10611066881858067,0.07931240186054576,0.11182083569849667,0.11882057853699914,0.039918692740298294,0.13826946864918813,7.922256989114931,0.15887286112739596,0.17040214859723182
1.04,0.10827796926599886,0.08164446915264206,0.11182083569849667,0.11882057853699914,0.03734454460180498,0.13906505594140195,7.967840783193025,0.15921786428822954,0.15599721997995064
1.06,0.11044206451222646,0.08398731508345415,0.11182083569849667,0.11882057853699914,0.03486054005330614,0.14025212282714483,8.03585470574583,0.15953273971391696,0.14275361544811677
1.08,0.11260385568125636,0.08634071744844085,0.11182083569849667,0.11882057853699914,0.03248929818610189,0.14187544543555838,8.128864239996094,0.15982354438662874,0.13042115047725253
1.1,0.1147612881180968,0.0887013344732941,0.11182083569849667,0.11882057853699914,0.03026243749933179,0.14391898774533418,8.245950589602664,0.15991191357286744,0.11920392864918013
1.12,0.11691081105900394,0.09106428730420042,0.11182083569849667,0.11882057853699914,0.02821913450427759,0.14636841520160793,8.386292445070614,0.15967014054903067,0.1090160613085884
1.1400000000000001,0.1190521452400096,0.09342826802416553,0.11182083569849667,0.11882057853699914,0.0264019179391448,0.14925476062462129,8.551667856026182,0.15944803327946278,0.0995308409249083
1.16,0.1211861681843942,0.09579333322782559,0.11182083569849667,0.11882057853699914,0.024858871235441542,0.15258446517589583,8.742445873839715,0.1592461257676973,0.09078462962675178
1.18,0.12376377756207622,0.09868328127946314,0.11182083569849667,0.11882057853699914,0.02341248814618403,0.14879676736833256,8.525426775395385,0.1956854059949081,0.5404790471266047
1.2,0.12588593163244555,0.10109403501108108,0.11182083569849667,0.11882057853699914,0.022628682440819496,0.1529241055206303,8.761905832145368,0.15802944103870123,0.03831796348503779
1.22,0.12797080984590364,0.10346625713287508,0.11182083569849667,0.11882057853699914,0.02228400436957092,0.1582074518684544,9.064619279581546,0.15787942787007236,0.031052769728021068
1.24,0.13005314550728514,0.10583844286371626,0.11182083569849667,0.11882057853699914,0.02238197863467768,0.16403062201070961,9.398262352119366,0.15781441625195916,0.027375589360728248
1.26,0.13213348231339847,0.10821085967557201,0.11182083569849667,0.11882057853699914,0.02291658235471433,0.17042896212029512,9.76486023628789,0.15775856191855422,0.0240608652789763
1.28,0.13421209355213967,0.11058352111219112,0.11182083569849667,0.11882057853699914,0.023858280392516015,0.17746231431280612,10.167841632747853,0.1577094457702412,0.021009235407999302
1.3,0.13628916254453716,0.11295635237054304,0.11182083569849667,0.11882057853699914,0.025161243355128815,0.18520945661392663,10.611720189889326,0.157666206646994,0.018187063440819676
1.32,0.13836489611344918,0.11532932502601748,0.11182083569849667,0.11882057853699914,0.02677267252985011,0.193760853597563,11.101679145992595,0.15762870365089027,0.015591218517161526
1.34,0.14043945258127996,0.11770235730644134,0.11182083569849667,0.11882057853699914,0.02864045479743642,0.20323020512755108,11.64423302338666,0.15759648287547307,0.013204989913803006
1.36,0.14251307578392486,0.12007551262395262,0.11182083569849667,0.11882057853699914,0.03071788503501116,0.21374209092995755,12.246519714588041,0.15756959564953363,0.011033166411504938
1.38,0.14458590137361083,0.1224487448134658,0.11182083569849667,0.11882057853699914,0.03296533208120667,0.2254599919259274,12.917905986409256,0.1575468777693295,0.009028163531869804
1.4,0.1466580754723742,0.12482203434850007,0.11182083569849667,0.11882057853699914,0.03535039952985019,0.23858198470742442,13.669740791590169,0.15752821994108185,0.007187268519937701
1.42,0.14872973270330134,0.12719536396220552,0.11182083569849667,0.11882057853699914,0.03784710965225123,0.25335366080431765,14.51609548827643,0.15751329313523357,0.00549822463554589
1.44,0.1508009922211398,0.12956870643311313,0.11182083569849667,0.11882057853699914,0.04043482231692111,0.27008412366549406,15.474680399522207,0.1575017899725431,0.003949535101587659
1.46,0.15287198123496684,0.13194206921326454,0.11182083569849667,0.11882057853699914,0.04309721646955607,0.289159504541469,16.567619216320136,0.15749358116418363,0.002537223783814768
1.48,0.15494279370112443,0.13431542931110838,0.17111643323240885,0.17190420451532856,0.04092068715260442,0.0426687512353755,2.4447393628806338,0.15748808302299966,0.001237643916310316
1.5,0.15694750494493437,0.13661847703302754,0.17111643323240885,0.17190420451532856,0.038024217188139565,0.040758908509842984,2.3353134351738585,0.15070790934106354,0.1939044713151344
1.52,0.15892157442946553,0.13890339986610628,0.17111643323240885,0.17190420451532856,0.03518192275473095,0.03809497669462325,2.1826813852511435,0.15100884233263528,0.18457862806983347
1.54,0.16089163388430897,0.14120040176269727,0.17111643323240885,0.17190420451532856,0.03236155164978022,0.03561134417972678,2.040379724286113,0.15137986475891316,0.1719909288165275
1.56,0.1628587749190145,0.1435096561888527,0.17111643323240885,0.17190420451532856,0.029570919760557743,0.03334188152161999,1.9103490922140525,0.1517288816982612,0.160241736965102
1.58,0.1648220015134255,0.14582913399011416,0.17111643323240885,0.17190420451532856,0.026824040962536738,0.03121346881289777,1.7884000269422622,0.152052889931599,0.14947036445096468
1.6,0.16678302341316184,0.14815985671294551,0.17111643323240885,0.17190420451532856,0.02413653855096209,0.029292238073359234,1.678321614095906,0.15235937062295368,0.13935196582767068
1.62,0.16874135984773336,0.1505003386600074,0.17111643323240885,0.17190420451532856,0.02153523733640234,0.0275313123962494,1.5774280047612959,0.15264212191564847,0.1301658474356197
1.6400000000000001,0.17069714128236022,0.15284992800916064,0.17111643323240885,0.17190420451532856,0.019058889236072452,0.025918368664607505,1.4850131363461336,0.15290612805915343,0.12169842092188758
1.6600000000000001,0.1726506732651763,0.15520821118548125,0.17111643323240885,0.17190420451532856,0.01676633787529203,0.024450996524070564,1.4009389057182893,0.15315291187162627,0.11388792389845777
1.6800000000000002,0.17460190688362223,0.15757442976060784,0.17111643323240885,0.17190420451532856,0.014747575092005262,0.02311076216268459,1.324149133252462,0.15338303086852856,0.10671494612198713
1.7000000000000002,0.1765511100849141,0.1599482385951705,0.17111643323240885,0.17190420451532856,0.013133195862970196,0.021896204173816214,1.2545600865164066,0.15359861265410726,0.10009086063775956
1.7200000000000002,0.17849796251259176,0.16232869977753672,0.17111643323240885,0.17190420451532856,0.012090379046898053,0.02077969493855636,1.1905888195486378,0.15380011919245434,0.09399995056370847
1.74,0.18044298260067082,0.16471587637786453,0.17111643323240885,0.17190420451532856,0.011775253055900107,0.01977487831909608,1.1330170680689609,0.15399055545763093,0.08831456263725528
1.76,0.18238614158685051,0.1671092110133263,0.17111643323240885,0.17190420451532856,0.012247378865635542,0.018869944266977523,1.081168166144896,0.1541688901672389,0.08308371200874132
1.78,0.1843276480065547,0.16950846041880735,0.17111643323240885,0.17190420451532856,0.013426681853109726,0.018065366102028912,1.03506923300496,0.15433662686595437,0.07824545632381315
1.8,0.18626736487851434,0.17191302830922392,0.17111643323240885,0.17190420451532856,0.015150934215562394,0.01734730476114199,0.9939273487406347,0.15449408544237486,0.07378941750242618
1.82,0.1882054834265578,0.1743227409060642,0.17111643323240885,0.17190420451532856,0.017259343985547498,0.016718332860913954,0.9578899134252447,0.15464300108522236,0.06964308889200603
1.84,0.19014208266957477,0.17673731096229645,0.17111643323240885,0.17190420451532856,0.019629932614088477,0.016176975726217787,0.9268724343978592,0.15478353116709923,0.06580262060736779
1.86,0.19207714568242565,0.17915637320672576,0.17111643323240885,0.17190420451532856,0.022179842586023252,0.015719099808093162,0.9006380767486405,0.15491628854826245,0.06224421433852212
1.88,0.19401100219697,0.18157997997175648,0.17111643323240885,0.17190420451532856,0.024855219145206907,0.015356713993775474,0.8798748990328255,0.15504220034001231,0.05893013517129995
1.9,0.19594346513293776,0.18400759595065824,0.17111643323240885,0.17190420451532856,0.027620166495274635,0.015081471676228196,0.8641046758939668,0.15516072342670745,0.055886694534362104
1.92,0.19787467418959934,0.18643911067224161,0.17111643323240885,0.17190420451532856,0.030451058374272234,0.014901278352753122,0.8537803589624094,0.1552734098484554,0.05304878912967825
1.94,0.19980454325827215,0.18887416788705277,0.17111643323240885,0.17190420451532856,0.03333147632034471,0.01481739862635112,0.8489744046528626,0.1553803587987957,0.0504143110461458
1.96,0.20173340459322256,0.19131291985761428,0.17111643323240885,0.17190420451532856,0.03625047815611215,0.014851020386705382,0.8509007896209622,0.1554825046603453,0.047944644906809664
1.98,0.20366117296190483,0.1937550196440657,0.17111643323240885,0.17190420451532856,0.03919972201241842,0.015010662192163517,0.8600475913075618,0.15557913485038238,0.045672764201806076
2.0,0.20544591720915087,0.19602587573390304,0.22883813117582644,0.22668397688497552,0.03856312799102432,-0.04976413952067404,-2.851275165634806,0.1384318458001743,0.3171153131617533
2.02,0.2071486969806836,0.19821948828179725,0.22883813117582644,0.22668397688497552,0.03578629160930057,-0.05717056577153268,-3.2756321310839076,0.13889336061993215,0.3055238768658389
2.04,0.20884442995070643,0.20043132335413952,0.22883813117582644,0.22668397688497552,0.032999240992627105,-0.06448577489934726,-3.694762740363259,0.13950672666276503,0.28656446549297704
2.06,0.21053594122637767,0.20266341909070143,0.22883813117582644,0.22668397688497552,0.03019863165267203,-0.07161257016989364,-4.103098030819362,0.14008933530244988,0.26880829114827104
2.08,0.21222190047898382,0.2049126789443017,0.22883813117582644,0.22668397688497552,0.027387744277181405,-0.07866539590941724,-4.507195179335298,0.14063050312243255,0.25274698356187597
2.1,0.21390283896846682,0.2071785301810421,0.22883813117582644,0.22668397688497552,0.02456675404768005,-0.08566426576701691,-4.908200883537087,0.14114081548437934,0.23790274448253287
2.12,0.21557831525116775,0.20945927125243585,0.22883813117582644,0.22668397688497552,0.02173736880313429,-0.09267354963578243,-5.309803266626481,0.1416210742474222,0.22424359735942484
2.14,0.21724970603841126,0.2117555639538419,0.22883813117582644,0.22668397688497552,0.018898389079705005,-0.09967532584606298,-5.71097549257066,0.14207639101786185,0.21154230866658047
2.16,0.2189168725023486,0.21406609500880036,0.22883813117582644,0.22668397688497552,0.016051240347934762,-0.10672444321775243,-6.114860167260817,0.14250328602379708,0.19996090514744563
2.18,0.2205794365681953,0.21638940515860447,0.22883813117582644,0.22668397688497552,0.013197887848118503,-0.1138838159200889,-6.525062007065868,0.14290552411664464,0.18933465268223745
2.2,0.22223780838511917,0.21872515749594929,0.22883813117582644,0.22668397688497552,0.01033958737129629,-0.12118227793350256,-6.943233077371024,0.14328738129943536,0.17947569918684225
2.22,0.2238923659538375,0.2210729905788855,0.22883813117582644,0.22668397688497552,0.007479556200615459,-0.12865371834228181,-7.371315079677574,0.14364929038525182,0.17036924160612404
2.24,0.22554302172491372,0.2234319826994611,0.22883813117582644,0.22668397688497552,0.00462960176215124,-0.13635398544313235,-7.812507885679747,0.14399185015998853,0.16199322270132183
2.26,0.22718970682148798,0.22580132867496894,0.22883813117582644,0.22668397688497552,0.0018698584744851628,-0.14434002506320842,-8.270074250934366,0.1443175118091666,0.154242457099385
2.2800000000000002,0.22883275217450202,0.22818081247378563,0.22883813117582644,0.22668397688497552,0.001496845253719892,-0.15265763009845845,-8.746637915110956,0.14462832195304698,0.14702965800871684
2.3,0.23047228168364214,0.2305699621436424,0.22883813117582644,0.22668397688497552,0.004215605450320343,-0.16136683500502322,-9.245638599171745,0.14492454510878494,0.1403472465139402
2.32,0.23210806854065386,0.2329678874463163,0.22883813117582644,0.22668397688497552,0.007083785874292412,-0.17054651364374962,-9.771595442457164,0.14520724432526,0.13415194685204718
2.34,0.233740891136382,0.23537511883303186,0.22883813117582644,0.22668397688497552,0.009978627340074953,-0.18024953145390654,-10.327537411519426,0.14547864586211823,0.1283482774322442
2.36,0.23537068735295522,0.23779099675948806,0.22883813117582644,0.22668397688497552,0.01288565794595526,-0.19057024581885273,-10.918870786190885,0.14573708351959536,0.12301440210891328
2.38,0.2369969537042654,0.24021434012791812,0.22883813117582644,0.22668397688497552,0.015799908687601186,-0.2016282209610677,-11.552446091800379,0.1459841790981492,0.11808216332360315
2.4,0.23862064832647098,0.2426460606880919,0.22883813117582644,0.22668397688497552,0.018721264944986098,-0.2135143899196551,-12.233473407706846,0.14622280954497413,0.1134268093932675
2.42,0.2402413034592845,0.24508503209068058,0.22883813117582644,0.22668397688497552,0.021647890678069107,-0.22638451815523153,-12.970877437397528,0.14645059423530338,0.10915770660993585
2.44,0.2418590053411115,0.24753099668238776,0.22883813117582644,0.22668397688497552,0.024579287997456022,-0.24040267631647494,-13.774058736583646,0.14667019038001605,0.10516006349360618
2.46,0.2434739617557024,0.2499838877971545,0.22883813117582644,0.22668397688497552,0.027515330004895627,-0.2557630494251364,-14.654143287456192,0.1468821095648859,0.10141404825223659
2.48,0.2450864869071962,0.2524437909680756,0.22883813117582644,0.22668397688497552,0.03045615020926018,-0.27270053041523123,-15.624589463771688,0.14708643606809735,0.09791876549574557
2.5,0.24669618370741214,0.2549097902370924,0.22883813117582644,0.22668397688497552,0.03340069729226346,-0.29151976551654024,-16.70285220874115,0.14728297265617085,0.09468593755584953
2.52,0.24830345425208125,0.2573821766621794,0.22883813117582644,0.22668397688497552,0.03634939163210435,-0.3125775468162534,-17.909374203124223,0.14747363766299815,0.0916329384002823
2.54,0.24975874765549957,0.25963710628228354,0.22883813117582644,0.22668397688497552,0.039033074833598455,-0.3386911471066088,-19.405573287653187,0.12800238400448027,0.3954814431025508
2.56,0.2511361284539431,0.2618074730078534,0.28263166107170984,0.28529559304583935,0.03928944333781842,-0.16349000424200721,-9.367287235642939,0.1286198740320349,0.38081614233586436
2.58,0.25250470937473407,0.26400004992247655,0.28263166107170984,0.28529559304583935,0.036893541107772716,-0.17449110709741267,-9.99760399924699,0.12938590590925447,0.3587027746794827
2.6,0.2538659026491977,0.2662153290763146,0.28263166107170984,0.28529559304583935,0.034518478106212475,-0.1854082735890431,-10.623111563459059,0.13011215680917565,0.3381939451186505
2.62,0.25521758638086134,0.2684485533480271,0.28263166107170984,0.28529559304583935,0.0321769208864845,-0.19640341495861924,-11.253086759085463,0.13079469735154392,0.3194684408529963
2.64,0.25656369155098024,0.27070447093633715,0.28263166107170984,0.28529559304583935,0.029873732263446612,-0.207342848095875,-11.879870108115774,0.13144861463962876,0.3018334444575971
2.66,0.2579029927447713,0.27297944396474083,0.28263166107170984,0.28529559304583935,0.02762597627979104,-0.21835451643668957,-12.510792229442275,0.13205757203026136,0.2860379440905794
2.68,0.2592340711100426,0.2752699675835116,0.28263166107170984,0.28529559304583935,0.025455065938339006,-0.2295603600726305,-13.152839775665225,0.13263280702101865,0.2715715576821417
2.7,0.2605592759845658,0.27757870271691826,0.28263166107170984,0.28529559304583935,0.023382484465594638,-0.24091165296756833,-13.803220950562,0.13318462997049807,0.25796765681259515
2.72,0.261877370026523,0.279902382462269,0.28263166107170984,0.28529559304583935,0.021443584522813752,-0.2525245246127046,-14.468589483855451,0.13370464645656166,0.24561122461748405
2.74,0.26318988751711664,0.28224247247205286,0.28263166107170984,0.28529559304583935,0.01968004329736492,-0.264395963339788,-15.14877281966549,0.134202047123827,0.2340898161220378
2.76,0.264496223168993,0.28459684782190386,0.28263166107170984,0.28529559304583935,0.018148893983140423,-0.27661752959584995,-15.849016985177343,0.13467253103963128,0.2236026982097711
2.7800000000000002,0.26579654585416174,0.28696485494043406,0.28263166107170984,0.28529559304583935,0.01691766945122364,-0.28924838602230507,-16.572711750048914,0.1351218338611071,0.21389579803576808
2.8,0.2670905731691473,0.2893451609406097,0.28263166107170984,0.28529559304583935,0.01606002532157189,-0.30236685853705714,-17.32434485880258,0.13555156683721092,0.20490122760369323
2.8200000000000003,0.2683793331644509,0.2917387317265203,0.28263166107170984,0.28529559304583935,0.015641064120913237,-0.3160085582852493,-18.10595667975867,0.1359649671205887,0.19647761239173506
2.84,0.26966255860658084,0.2941442662169708,0.28263166107170984,0.28529559304583935,0.015700211324708883,-0.3302633525783251,-18.922696230579085,0.13635960706842865,0.1887391252131457
2.8600000000000003,0.27094039081778254,0.2965612834886927,0.28263166107170984,0.28529559304583935,0.016235811692199526,-0.34521168772821953,-19.779172745415092,0.13673863301628675,0.18154926492569556
2.88,0.2722127821091644,0.29898902483649414,0.28263166107170984,0.28529559304583935,0.017206484621836257,-0.36094710455147005,-20.6807457182665,0.1371031695181879,0.17486216102258198
2.9,0.27348004338057663,0.3014274220477097,0.28263166107170984,0.28529559304583935,0.01854691384867705,-0.3775612755783674,-21.63266759821625,0.13745489998500393,0.1686065648694515
2.92,0.27474213168100414,0.30387579410584764,0.28263166107170984,0.28529559304583935,0.020185850129165784,-0.39516714825125826,-22.64140979701761,0.13779398979453794,0.16277935985596625
2.94,0.2759996508938344,0.3063346714682502,0.28263166107170984,0.28529559304583935,0.02205960969427606,-0.41387400884507763,-23.71323395698305,0.13812187938223863,0.15732000805315088
2.96,0.2772524374393948,0.3088032911955456,0.28263166107170984,0.28529559304583935,0.024115304667039972,-0.43384971889098367,-24.857757835390547,0.13843761126829945,0.15227581267311663
2.98,0.2785001803973365,0.3112804666890724,0.28263166107170984,0.28529559304583935,0.0263112673738364,-0.45520872588620764,-26.081538790807283,0.13874521169751353,0.1474740548100192
3.0,0.27974349429771744,0.3137668883831717,0.28263166107170984,0.28529559304583935,0.02861741018156597,-0.47813778764748566,-27.395277257923315,0.1390420805110093,0.14302634843824102
3.02,0.28098165417637355,0.31626072623804535,0.28263166107170984,0.28529559304583935,0.0310090631326668,-0.5028462959413533,-28.810970501225924,0.13932946752051034,0.1388849550060245
3.04,0.2822160680779737,0.3187643139754593,0.28263166107170984,0.28529559304583935,0.03347130111306136,-0.5295363898704282,-30.34020023816965,0.13961055054593774,0.13491016401419306
3.06,0.28344618324761367,0.32127608712656447,0.28263166107170984,0.28529559304583935,0.03598971242825003,-0.5584710563798633,-31.998034510778812,0.13988156331186663,0.13127462085503472
3.08,0.28455300408607703,0.3235593215356814,0.28263166107170984,0.28529559304583935,0.03831193648098733,-0.5912733349732825,-33.877466632594064,0.1213627799805328,0.4104399868583991
3.1,0.28559920554162077,0.3257621232362741,0.28263166107170984,0.28529559304583935,0.04057519421807206,-0.626743809637375,-35.90977512817228,0.12203171439308103,0.39598779979620885
3.12,0.28663519240958996,0.3279877849855925,0.28263166107170984,0.28529559304583935,0.04287949994804175,-0.6646002867309723,-38.07879149286908,0.12282802565109774,0.37511924160144733
3.14,0.28766074427666855,0.33023413365094284,0.28263166107170984,0.28529559304583935,0.04521906798684525,-0.7051565352663925,-40.40249336683229,0.12358243784925671,0.35592032386302924
3.16,0.2886764744200626,0.33250079845520586,0.32912004981729676,0.34979897561443435,0.04398760875455515,-0.2846313922254683,-16.308177491452085,0.1243000381753595,0.3381552431007754
3.18,0.2896826478539336,0.3347867429889899,0.32912004981729676,0.34979897561443435,0.04219805448146085,-0.29734168022675467,-17.036423350321567,0.12498167818859873,0.32178557713018885
3.2,0.29067952035228345,0.3370910059385917,0.32912004981729676,0.34979897561443435,0.040486624937535756,-0.31018371596767136,-17.77221779863225,0.12563016024521867,0.3066858400454716
3.22,0.29166734017231866,0.3394127004377047,0.32912004981729676,0.34979897561443435,0.038866182881751914,-0.32320351397745173,-18.518197274705496,0.12624806184887427,0.29274219902484383
3.24,0.29264609362295235,0.3417504744712474,0.32912004981729676,0.34979897561443435,0.037351410296250345,-0.3364586859236022,-19.277662683940125,0.12683772934139192,0.27985238478380614
3.26,0.29361649787488353,0.3441046696825467,0.32912004981729676,0.34979897561443435,0.035957298571688674,-0.3499728264018106,-20.051965897088376,0.12740259003874432,0.26786616909864336
3.2800000000000002,0.29457900021820915,0.3464750006313625,0.32912004981729676,0.34979897561443435,0.034700618396430884,-0.3637870790083295,-20.843464268569505,0.1279419182435626,0.2568209113750636
3.3,0.295532938099182,0.34885880067207603,0.32912004981729676,0.34979897561443435,0.03360026789308917,-0.37799007263866036,-21.657235860038654,0.12845666459377902,0.24667953049353764
3.32,0.2964787248633789,0.35125604786270886,0.32912004981729676,0.34979897561443435,0.03267382980741548,-0.392621197620735,-22.495537571039954,0.12895306607046686,0.237167420005964
3.34,0.297416943772384,0.35366712316787724,0.32912004981729676,0.34979897561443435,0.03193821376329915,-0.4077179298022323,-23.360516609479077,0.12943120575615585,0.22828580056036968
3.36,0.2983477786883611,0.35609145297657574,0.32912004981729676,0.34979897561443435,0.03140904235703134,-0.42333876935383197,-24.25552478823677,0.1298904418431751,0.2200688195745301
3.38,0.29927105227806733,0.358527688456911,0.32912004981729676,0.34979897561443435,0.03109908490588335,-0.4395570200339912,-25.18476210329507,0.13033222287847368,0.21245738908545056
3.4,0.3001872625237151,0.36097621690527804,0.32912004981729676,0.34979897561443435,0.031016719740317195,-0.4564244937523527,-26.151197158405022,0.13075942108582428,0.20532820506749538
3.42,0.3010964073838833,0.36343619826204415,0.32912004981729676,0.34979897561443435,0.03116566021723736,-0.4740152660130185,-27.159074167316973,0.13117150333273875,0.19871040925267813
3.44,0.3019981852779541,0.3659061357985868,0.32912004981729676,0.34979897561443435,0.0315441935273102,-0.49241438277479266,-28.213265904535042,0.13157024772148807,0.19252957487534555
3.46,0.3028936029998071,0.36838793544546544,0.32912004981729676,0.34979897561443435,0.03214616524984435,-0.511674450717556,-29.316786510790596,0.13195839728943337,0.18666714894810532
3.48,0.30378218423760545,0.3708795925671511,0.32912004981729676,0.34979897561443435,0.03296058014115762,-0.5318970910348764,-30.475458451584153,0.13231563695898507,0.18148049276960068
3.5,0.30466443501884377,0.37338182855736607,0.32912004981729676,0.34979897561443435,0.03397393189046943,-0.5531642255306302,-31.69397550052793,0.13269726995045472,0.17616967440264863
3.52,0.3055401658515789,0.3758934885286632,0.32912004981729676,0.34979897561443435,0.03517008006910954,-0.5755805052618832,-32.97833372151338,0.13305062829436498,0.17142572950570173
3.54,0.3064097352209564,0.37841496608403297,0.32912004981729676,0.34979897561443435,0.036532633351852827,-0.599246334992084,-34.334285883729116,0.13339490293758638,0.16695049297316827
3.56,0.3072730154726718,0.3809453459330898,0.32912004981729676,0.34979897561443435,0.03804456983173875,-0.624278953110422,-35.768549252072596,0.13372969897152698,0.16276582274699775
3.58,0.30813033581840066,0.3834850207447547,0.32912004981729676,0.34979897561443435,0.03969027248933213,-0.6507963924286283,-37.28788660850009,0.13405648601876596,0.15880928179539539
3.6,0.3089816839019323,0.3860334365676313,0.32912004981729676,0.34979897561443435,0.04145467334704093,-0.6789299125744511,-38.89981857570201,0.13437489589118445,0.1551012027012702
3.62,0.3098271510643206,0.38859037612711966,0.32912004981729676,0.34979897561443435,0.04332422758720749,-0.7088168400747478,-40.61221338408248,0.13468583991300964,0.15160400057941809
3.64,0.31058114745234644,0.39090479103300724,0.32912004981729676,0.34979897561443435,0.0450930034719683,-0.7417719931028979,-42.50040456580326,0.1163629854127296,0.42407844149206647
3.66,0.3112870617366849,0.3931341769949844,0.32912004981729676,0.34979897561443435,0.046861019435945575,-0.7766609907743488,-44.49939688381915,0.11706450575962313,0.4100488961110427
3.68,0.31197993954037184,0.3953852785532704,0.32912004981729676,0.34979897561443435,0.04870209847569689,-0.8131248487675161,-46.58862205159201,0.11789021537225441,0.3898166385095034
3.7,0.312659821057362,0.39765605272935867,0.32912004981729676,0.34979897561443435,0.05060868463824362,-0.851292697701788,-48.775478708618685,0.1186759183297581,0.3711299387254563
3.72,0.31332754539913515,0.39994698605675527,0.32912004981729676,0.34979897561443435,0.05257590842886865,-0.8912716210251275,-51.06610228452317,0.11942565289007889,0.35380278693545464
3.74,0.31398322227532205,0.4022563352421175,0.3638276227782267,0.42126573404883083,0.053346241709108594,-0.3568575453571803,-20.446431236364777,0.12013845661225098,0.3378793113303913
3.76,0.3146271732635212,0.4045832077939954,0.3638276227782267,0.42126573404883083,0.05195181339176103,-0.37067299513900254,-21.237998200938126,0.12081899228013615,0.323153481121552
3.7800000000000002,0.31525970922211566,0.4069267851512077,0.3638276227782267,0.42126573404883083,0.050640376012452,-0.38466881710742096,-22.03989973054498,0.12146971699375231,0.3095192765904461
3.8,0.3158809437282122,0.40928571472807174,0.3638276227782267,0.42126573404883083,0.04942069298230109,-0.39889772464426765,-22.855156079488182,0.1220928458104148,0.2968824636025505
3.8200000000000003,0.3164915071242617,0.41166051591905994,0.3638276227782267,0.42126573404883083,0.04830080807321996,-0.4133797975086644,-23.684917733219052,0.12269166546485799,0.2851017333764527
3.84,0.3170915136112986,0.4140499169129433,0.3638276227782267,0.42126573404883083,0.0472898711882533,-0.42816907150183803,-24.53228071509049,0.12326540315243106,0.2742169001225189
3.8600000000000003,0.3176813752011806,0.41645384191413404,0.3638276227782267,0.42126573404883083,0.04639644890891964,-0.44330115451551966,-25.399285207016053,0.12381710240433885,0.2640988120067994
3.88,0.31826119508474826,0.41887115961641935,0.3638276227782267,0.42126573404883083,0.04562930329796149,-0.45883007490353955,-26.289026805644248,0.12434732364593748,0.25472881089696336
3.9,0.3188310690670389,0.42130086033991443,0.3638276227782267,0.42126573404883083,0.044996567421750476,-0.4748083022674342,-27.204511797695854,0.12485865526795648,0.24599828690075043
3.92,0.31939121682429217,0.42374251618092873,0.3638276227782267,0.42126573404883083,0.0445053774709613,-0.4912814774640433,-28.14835521164115,0.1253532709989541,0.2378165815586017
3.94,0.3199422120423752,0.42619711752316086,0.3638276227782267,0.42126573404883083,0.04416161023360998,-0.5082810276132704,-29.12235768881285,0.12583217684422887,0.2301446071655347
3.96,0.3204839168653785,0.4286628056533321,0.3638276227782267,0.42126573404883083,0.043970370826064115,-0.525876180650818,-30.130485697751116,0.12629400046608452,0.22304940195120446
3.98,0.3210166255829653,0.4311396651540806,0.3638276227782267,0.42126573404883083,0.04393490635387654,-0.5441151517682575,-31.17550176544141,0.1267422278328073,0.2163819706741191
4.0,0.32154013716699775,0.4336257131647082,0.3638276227782267,0.42126573404883083,0.044056787480078734,-0.5630672595195361,-32.26137755246684,0.12717699198847576,0.21014181415368594
4.02,0.32205533908070566,0.43612389385632583,0.3638276227782267,0.42126573404883083,0.04433608686128314,-0.5827645428449622,-33.389948754887165,0.1276013875735449,0.20419542541234845
4.04,0.3225613398975963,0.43862901971429913,0.3638276227782267,0.42126573404883083,0.044770412013794,-0.6033062179895737,-34.566900044802196,0.1279705448639118,0.19926806600675112
4.06,0.32305955485998694,0.441146886672845,0.3638276227782267,0.42126573404883083,0.0453574204672792,-0.624712105461587,-35.79336705368052,0.12841502583289255,0.1933860110931232
4.08,0.3235498479497368,0.44367547964082926,0.3638276227782267,0.42126573404883083,0.04609225360765766,-0.64706623762277,-37.07416448119397,0.12880393168376025,0.18854705753055395
4.1,0.3240317938707328,0.44621183802873354,0.3638276227782267,0.42126573404883083,0.04696824567950829,-0.6704560369942356,-38.41430126883669,0.12918150969493392,0.18406565051583973
4.12,0.3245058932937506,0.44875762347043047,0.3638276227782267,0.42126573404883083,0.0479791870879424,-0.6949457593248052,-39.81745899982561,0.12955188170021836,0.17976106330863664
4.14,0.324972276279051,0.4513125828780293,0.3638276227782267,0.42126573404883083,0.049117726699590955,-0.7206136359244987,-41.288119998050654,0.12991312566238145,0.17572358778295685
4.16,0.32543092121079686,0.4538757761241575,0.3638276227782267,0.42126573404883083,0.05037580307461954,-0.7475419331094967,-42.830997776225054,0.130265784081246,0.1719330302005911
4.18,0.3258821391480282,0.45644803160372704,0.3638276227782267,0.42126573404883083,0.051746050952424565,-0.7758105319284875,-44.450669181301734,0.13061116636526315,0.168334074761925
4.2,0.32627195931526776,0.4587369618442525,0.3638276227782267,0.42126573404883083,0.053052057176318924,-0.8068915711107703,-46.23148154932728,0.11144061834034158,0.4478162300806942
4.22,0.3266290339986484,0.4609510421069987,0.3638276227782267,0.42126573404883083,0.054393553688501135,-0.8393856109725166,-48.09325289273521,0.11221192851802175,0.4324486157536792
4.24,0.3269695514086798,0.4631833396353911,0.3638276227782267,0.42126573404883083,0.05581758757948112,-0.8729598958662153,-50.01691771731397,0.11307989927485107,0.4122034592054721
4.26,0.32729446160910014,0.46543577103281364,0.3638276227782267,0.42126573404883083,0.05732071206968549,-0.9076432498251257,-52.0041275185179,0.1139124042591283,0.39325727978479363
4.28,0.3276037974687134,0.46770490888336086,0.3638276227782267,0.42126573404883083,0.05889620089077212,-0.9435309167178128,-54.06033936804024,0.1147046026754861,0.3758222296040836
4.3,0.3278984729342205,0.4699930252150951,0.3638276227782267,0.42126573404883083,0.060541330617314246,-0.9806490620738799,-56.18705244029601,0.11546496466255385,0.3595261041871439
4.32,0.3281786886546906,0.4722976539271986,0.38391175890555507,0.4981409191451472,0.06143329290143113,-0.4090087679008294,-23.434476184563383,0.1161889057111204,0.3445735854511535
4.34,0.3284447236514077,0.47461732037241644,0.38391175890555507,0.4981409191451472,0.060249080483483285,-0.4235115121826327,-24.265422223268203,0.1168825386399952,0.33070067519749835
4.36,0.3286971334012401,0.476952704639605,0.38391175890555507,0.4981409191451472,0.059140470944308646,-0.438191906490639,-25.10654685870484,0.11754948915657926,0.31775338279606963
4.38,0.3289361952525293,0.4793024305690641,0.38391175890555507,0.4981409191451472,0.058113692455385245,-0.45310020003790163,-25.960729158705107,0.1181888801098846,0.30577583833592964
4.4,0.3291623276276411,0.48166648668779133,0.38391175890555507,0.4981409191451472,0.05717435745198197,-0.46826553986064684,-26.829639125430084,0.11880402504986232,0.2946293622307222
4.42,0.32937570794774945,0.4840430593226573,0.38391175890555507,0.4981409191451472,0.056328771561671265,-0.48374444044841214,-27.716514800611606,0.11939551306953677,0.2842949181968563
4.44,0.32957669656288113,0.4864322461866141,0.38391175890555507,0.4981409191451472,0.055582299540700424,-0.49956595143044247,-28.623020605401823,0.11996720323919075,0.2746102319077515
4.46,0.3297655496228485,0.4888329142719569,0.38391175890555507,0.4981409191451472,0.0549404307810377,-0.515771818422816,-29.5515483874152,0.1203998673051987,0.26706483968422234
4.48,0.329942650367666,0.4912464291853614,0.38391175890555507,0.4981409191451472,0.05440770780119336,-0.5323898780091857,-30.5036930654111,0.12105377324092281,0.2571018011995538
4.5,0.33010824936729316,0.4936716570597292,0.38391175890555507,0.4981409191451472,0.053988813121071615,-0.549465926336051,-31.482078565301908,0.12156967079578751,0.24924801915317957
4.52,0.33026240461004885,0.49610616083506603,0.38391175890555507,0.4981409191451472,0.05368792655434921,-0.5670627698550242,-32.49030343169122,0.12206895221354153,0.2419315419582499
4.54,0.33040549468716024,0.49855163035438865,0.38391175890555507,0.4981409191451472,0.05350784049376386,-0.5852018150648847,-33.52959416661321,0.12255574188952123,0.2349768914313918
4.5600000000000005,0.33053779281480183,0.5010081518782925,0.38391175890555507,0.4981409191451472,0.05345092403132892,-0.6039247709306192,-34.60234051772951,0.12302778206864096,0.22848918867238166
4.58,0.33065937534723083,0.5034734889299511,0.38391175890555507,0.4981409191451472,0.05351871313057411,-0.6232937692257945,-35.71210237343914,0.12348540921726103,0.22246023181765606
4.6,0.3307704888275369,0.505948296444179,0.38391175890555507,0.4981409191451472,0.05371172800975879,-0.6433476989377677,-36.8611079085872,0.12393213836893735,0.21674046424259572
4.62,0.3308713510623284,0.5084327243539396,0.38391175890555507,0.4981409191451472,0.05402967812815053,-0.664132599516474,-38.0519949893461,0.12436733522859789,0.2113630862492916
4.64,0.33096206599046174,0.510925199845495,0.38391175890555507,0.4981409191451472,0.054471164966686456,-0.685706139237724,-39.28806776453156,0.1247911368775334,0.20632750884527762
4.66,0.3310428835534487,0.5134271800119123,0.38391175890555507,0.4981409191451472,0.055034423339246116,-0.70811061024133,-40.57174939526142,0.12520580612696564,0.20153795870635208
4.68,0.33111391248360583,0.5159371582713812,0.38391175890555507,0.4981409191451472,0.0557164133252836,-0.7314048634186531,-41.906411789231235,0.12560983995518193,0.19706634977724458
4.7,0.3311753161750643,0.5184553280369866,0.38391175890555507,0.4981409191451472,0.05651378239413087,-0.7556403975233453,-43.29500560767547,0.12600531413812788,0.19282470009852892
4.72,0.3312272556461914,0.5209818635924971,0.38391175890555507,0.4981409191451472,0.05742269261305001,-0.7808704620012485,-44.74058181910227,0.12639223603386762,0.1888169446899457
4.74,0.3312698422150245,0.5235157824240491,0.38391175890555507,0.4981409191451472,0.05843847259533505,-0.8071509327766483,-46.24634187814957,0.1267706714750072,0.18504451665221633
4.76,0.3312968241587018,0.5257803661186952,0.38391175890555507,0.4981409191451472,0.05943290660416328,-0.8359352758703752,-47.89556325347666,0.10596810761955844,0.48078887319141783
4.78,0.3313022992455382,0.5279119623438058,0.38391175890555507,0.4981409191451472,0.06044890618411002,-0.8661745580907675,-49.62814650021013,0.10673366472360724,0.4678256054644477
4.8,0.3312880226310697,0.5300625752981725,0.38391175890555507,0.4981409191451472,0.0615487591348401,-0.8971344573447204,-51.40201806161186,0.10767450124440359,0.44644448504244105
4.82,0.33125459086212095,0.5322319886080017,0.38391175890555507,0.4981409191451472,0.06272940589130134,-0.928840197764985,-53.21862317403036,0.1085738045540352,0.4265820416642086
4.84,0.33120256028008616,0.5344182680318669,0.38391175890555507,0.4981409191451472,0.0639867616151022,-0.9613534871734484,-55.081497435222715,0.10943094112901841,0.40825882097028643
4.86,0.3311324445604196,0.5366197080042998,0.38391175890555507,0.4981409191451472,0.06531671466638435,-0.9947236608493332,-56.993467548469475,0.1102511234180481,0.39125122375346927
4.88,0.3310447247351289,0.5388371677762889,0.38391175890555507,0.4981409191451472,0.06671662427479906,-1.0289682059431153,-58.95553545368862,0.11103872814471338,0.37537375245581817
4.9,0.33093991491820246,0.5410682937425516,0.38391175890555507,0.4981409191451472,0.06818193122262163,-1.064126021424462,-60.969929897669495,0.11179265114392711,0.36067855623447836
4.92,0.33081843936878913,0.5433131960315912,0.3892891009726117,0.5774246271988385,0.06769348568855484,-0.46717131241113635,-26.766944510745766,0.11251841681523267,0.34693364112950426
4.94,0.3306807365772067,0.5455712310864675,0.3892891009726117,0.5774246271988385,0.06670516637409868,-0.4823548958843926,-27.63689976164794,0.11321640755123097,0.33412866914578343
4.96,0.3305273147612577,0.5478403038776046,0.3892891009726117,0.5774246271988385,0.06578890259857036,-0.497752179728921,-28.51909914190438,0.11388850640185466,0.3221895329880847
4.98,0.3303583626493032,0.5501228611295067,0.3892891009726117,0.5774246271988385,0.06494781251000514,-0.5133846448351425,-29.4147734158764,0.11453762990475957,0.31099279521586143
5.0,0.3301743772286592,0.5524168748992283,0.3892891009726117,0.5774246271988385,0.06418674503666998,-0.5292925337830725,-30.3262283135556,0.11516297451833468,0.30059050606379145
5.02,0.3299757490771164,0.5547212553111994,0.3892891009726117,0.5774246271988385,0.06350997408397593,-0.545516910865302,-31.255816645596123,0.11576727621881999,0.29086770246843086
5.04,0.32976280149192044,0.5570356059024899,0.3892891009726117,0.5774246271988385,0.06292132006949552,-0.5620898856244838,-32.20537815327408,0.11635290074674676,0.2817298848861033
5.06,0.3295356900887448,0.5593618252475984,0.3892891009726117,0.5774246271988385,0.06242383300139419,-0.5790203750689062,-33.17542374353028,0.11692092942672816,0.27313737452620834
5.08,0.32929489423523506,0.561697726564224,0.3892891009726117,0.5774246271988385,0.06202128864848043,-0.5963640852864662,-34.16914514009439,0.11746892267926468,0.26520306134786287
5.1,0.32904070112469247,0.5640429427685717,0.3892891009726117,0.5774246271988385,0.06171660362030626,-0.6141561834165365,-35.188557271630025,0.11800091566583348,0.2577607559090672
5.12,0.32877342534924175,0.5663966209023822,0.3892891009726117,0.5774246271988385,0.06151230705336626,-0.6324362807974809,-36.23592970064629,0.11851792563991048,0.2507733832649711
5.14,0.32849322103207007,0.5687594863791853,0.3892891009726117,0.5774246271988385,0.061410289717352524,-0.6512315918441665,-37.31282169825698,0.11902156861935409,0.24417724331822485
5.16,0.32820044017677624,0.5711302295041096,0.3892891009726117,0.5774246271988385,0.061412082851569634,-0.6705865175942456,-38.421777256525594,0.11951124233500199,0.23800498942919135
5.18,0.32789515896588,0.5735100307080032,0.3892891009726117,0.5774246271988385,0.06151861653850804,-0.6905285001257708,-39.56436869070561,0.11998910399099172,0.23216879501491983
5.2,0.3275777685223343,0.5758971718791128,0.3892891009726117,0.5774246271988385,0.06173023305109436,-0.7111048730987505,-40.74330801974439,0.12045402520147741,0.22672425841169241
5.22,0.3272484139413855,0.5782918894880948,0.3892891009726117,0.5774246271988385,0.06204674843362002,-0.7323504877751578,-41.96059207386373,0.12090856262647054,0.221565229796758
5.24,0.32690729221327064,0.5806939529857841,0.3892891009726117,0.5774246271988385,0.06246741994982817,-0.7543035860969909,-43.2184119549405,0.12135272489257609,0.2166965718110314
5.26,0.3265545904254048,0.5831031436327725,0.3892891009726117,0.5774246271988385,0.06299098635906628,-0.777002543593697,-44.5189664188486,0.1217870917685493,0.21209791219840843
5.28,0.32619059378109755,0.5855184112116871,0.3892891009726117,0.5774246271988385,0.06361549299851577,-0.8004875682180342,-45.86455921158394,0.1222122073255616,0.2077501541785515
5.3,0.3258152330007721,0.5879412599246072,0.3892891009726117,0.5774246271988385,0.0643391908497087,-0.824791726975857,-47.257084933023094,0.12262944673780973,0.2035965180767485
5.32,0.3254288555156278,0.5903702451602558,0.3892891009726117,0.5774246271988385,0.06515918948413346,-0.8499549094088459,-48.6988290855511,0.12303747050177449,0.1997012929090547
5.34,0.32508336841763935,0.5924619038376341,0.3892891009726117,0.5774246271988385,0.06594312535535683,-0.8777876261373911,-50.2935262864799,0.10299381805544683,0.48488093122987797
5.36,0.3247255534355051,0.5945057188377815,0.3892891009726117,0.5774246271988385,0.06678484380571835,-0.906532307792933,-51.94047522878957,0.10387802602639384,0.46754086102690495
5.38,0.32434581963727416,0.5965626180172526,0.3892891009726117,0.5774246271988385,0.0677044495078906,-0.9358378484129656,-53.619559022666635,0.10481830976951656,0.44733112896669375
5.4,0.32394427792627734,0.5986349096788942,0.3892891009726117,0.5774246271988385,0.06870096055980958,-0.9656958025904328,-55.33029378193051,0.10572307693869076,0.4283349089242994
5.42,0.3235216136047217,0.6007216838538508,0.3892891009726117,0.5774246271988385,0.06977188003395371,-0.9961440208497561,-57.074848181882906,0.10658734524952584,0.41076316812375946
5.44,0.3230791946072176,0.6028179965917894,0.3892891009726117,0.5774246271988385,0.07091244538190111,-1.027252505980691,-58.85723308693095,0.10741414310216912,0.39449162154536754
5.46,0.3226177615787139,0.6049231474184442,0.3892891009726117,0.5774246271988385,0.07211959588658533,-1.0588713487408876,-60.668859330177995,0.10821451638310386,0.37905856303289964
5.48,0.32213604054473577,0.6070448241650003,0.3892891009726117,0.5774246271988385,0.0733954330537274,-1.091278546042654,-62.525654961416954,0.10897390690574604,0.36502424731375827
5.5,0.3216355903725555,0.6091774210260755,0.3892891009726117,0.5774246271988385,0.07473444595597763,-1.1243619873693973,-64.42119652120805,0.10971097256115003,0.35172989938450633
5.52,0.321116909702786,0.61132041143362,0.3798910290923154,0.6563298971645808,0.07402871683191745,-0.5177181211269111,-29.663063318014743,0.110421079536005,0.3393171171142684
5.54,0.3205801908892143,0.6134746163568475,0.3798910290923154,0.6563298971645808,0.07317342838397085,-0.533260223162288,-30.553560169403532,0.111105920163318,0.32772210857116846
5.5600000000000005,0.32002696610195536,0.6156349262678749,0.3798910290923154,0.6563298971645808,0.0723863709132979,-0.5490654383079498,-31.459132291546197,0.11176484288488164,0.31698082481081136
5.58,0.31945592668680034,0.617808009508592,0.3798910290923154,0.6563298971645808,0.07166824562765377,-0.5650726234029719,-32.37627643937568,0.11240739756322449,0.3066975755223328
5.6,0.3188686573482062,0.6199889317067616,0.3798910290923154,0.6563298971645808,0.07102390881726145,-0.5813700292625013,-33.31004901213849,0.11302284936576257,0.2973340816539438
5.62,0.31826537440768177,0.6221779323325001,0.3798910290923154,0.6563298971645808,0.0704562134747631,-0.5979797669070372,-34.26171687798997,0.11362032657867838,0.288513617947711
5.64,0.31764629835236924,0.6243752244448836,0.3798910290923154,0.6563298971645808,0.06996790416692043,-0.6149257311038812,-35.23264910624892,0.11419999995511687,0.2802365936290657
5.66,0.31701207357813677,0.626579344644937,0.3798910290923154,0.6563298971645808,0.06956190352325144,-0.6322489421112583,-36.2251959845862,0.11476212854851786,0.27249990309993755
5.68,0.31636272311649877,0.6287910841082054,0.3798910290923154,0.6563298971645808,0.06924039200286906,-0.6499687375810548,-37.24046547884058,0.11530944936311016,0.2651943433723547
5.7,0.3156987129757991,0.6310096046841726,0.3798910290923154,0.6563298971645808,0.06900558426458094,-0.6681201947582507,-38.280467367106354,0.115841299163022,0.25835547064603787
5.72,0.3150204703128259,0.633234137391988,0.3798910290923154,0.6563298971645808,0.06885930231883362,-0.6867366987713388,-39.34711447634466,0.11635937787989326,0.25191767480767235
5.74,0.31432811375166225,0.6354649501824908,0.3798910290923154,0.6563298971645808,0.06880292058140468,-0.7058439285738448,-40.44187810221484,0.11686514456929475,0.24582465918999982
5.76,0.31362190483040636,0.6377018072060249,0.3798910290923154,0.6563298971645808,0.06883750842341983,-0.7254719342271458,-41.566479986407906,0.11735862179319545,0.24008162237368352
5.78,0.3129020921971717,0.639944484512049,0.3798910290923154,0.6563298971645808,0.06896375435063914,-0.7456508662535655,-42.72264762660313,0.11784050794985124,0.23466452894055356
5.8,0.31216891167085536,0.6421927711898149,0.3798910290923154,0.6563298971645808,0.06918195948997416,-0.7664107935816364,-43.91210384549989,0.11831146213577837,0.22955071436972507
5.82,0.31142258696985625,0.6444464683842365,0.3798910290923154,0.6563298971645808,0.06949203872569905,-0.7877815739173366,-45.136559363636685,0.11877209770891906,0.22471914042282437
5.84,0.31066319650727736,0.6467058190353582,0.3798910290923154,0.6563298971645808,0.06989360259894634,-0.8097914318922534,-46.39763133328177,0.11922298546193089,0.22015027052582625
5.86,0.3098910890401649,0.6489702011635095,0.3798910290923154,0.6563298971645808,0.07038577081010661,-0.8324711760171131,-47.697084952072856,0.11966419976757181,0.21584626682467914
5.88,0.30910658729988766,0.6512390352973055,0.3798910290923154,0.6563298971645808,0.07096727467232536,-0.855849504996952,-49.03656453468601,0.1200967531084507,0.21176762450038353
5.9,0.3083903525948047,0.653274613093862,0.3798910290923154,0.6563298971645808,0.0715659241563642,-0.8813337442718474,-50.49670388923905,0.1037325001148115,0.4373405943231683
5.92,0.3076804866292708,0.6552378546397422,0.3798910290923154,0.6563298971645808,0.072218799489352,-0.9077725575364286,-52.01153630463405,0.10449679476791651,0.42489865567346685
5.94,0.30694834687361916,0.6572108318957499,0.3798910290923154,0.6563298971645808,0.07294800158508996,-0.9346795931679683,-53.5531958855294,0.10535032466282845,0.4082188506689815
5.96,0.3061944649617003,0.6591932942179052,0.3798910290923154,0.6563298971645808,0.07375217018734335,-0.9620721456514936,-55.122673532926,0.1061717663082884,0.3926003274602047
5.98,0.305419478063982,0.6611846652632019,0.3798910290923154,0.6563298971645808,0.07462962338010996,-0.9899776635349758,-56.721541932776375,0.10696165252266354,0.37802374924317256
6.0,0.3046239929375748,0.6631844093378818,0.3798910290923154,0.6563298971645808,0.07557850930425238,-1.0184197075524373,-58.35115101570223,0.10772207299691305,0.36440896080978946
6.02,0.3038088384274921,0.6651913440703594,0.3798910290923154,0.6563298971645808,0.07659650760721705,-1.0474228543407325,-60.01290891926995,0.10845497535725279,0.3516823256906333
6.04,0.3029740210332306,0.6672063992618749,0.3798910290923154,0.6563298971645808,0.07768220147906313,-1.0769902181066076,-61.70699407438263,0.1091634306646494,0.3397233837214298
6.06,0.3021203456117747,0.6692284576124465,0.3798910290923154,0.6563298971645808,0.07883306457735673,-1.107137348564737,-63.434297414063735,0.10984646511661977,0.3285809874580686
6.08,0.3012483042079481,0.6712571242987039,0.3798910290923154,0.6563298971645808,0.08004686306877981,-1.137868590065712,-65.19506785126688,0.11050696981216857,0.3181428973749595
6.1,0.3003583614059412,0.6732920368965266,0.35538035204030044,0.7319029418042241,0.08039065634429586,-0.5340582659611861,-30.599284653651196,0.11114638703559887,0.30835711196067206
6.12,0.29945095728697685,0.675332858889935,0.35538035204030044,0.7319029418042241,0.07955043355257496,-0.5491156847709457,-31.462011201811325,0.11176603699666887,0.29917654333862237
6.14,0.2985265086925034,0.677379277346413,0.35538035204030044,0.7319029418042241,0.07877302513756734,-0.5644184557582885,-32.33879539424131,0.11236714425543748,0.2905578954510296
6.16,0.2975851827406783,0.6794315386097937,0.35538035204030044,0.7319029418042241,0.07806106422259737,-0.5799865919235219,-33.23078389139416,0.11295084564210134,0.28246128843500967
6.18,0.29662760631298957,0.681488810981122,0.35538035204030044,0.7319029418042241,0.07741750265377267,-0.595852369752804,-34.13982599970426,0.11351738754157292,0.2748844153209473
6.2,0.29565435266074935,0.683550336206104,0.35538035204030044,0.7319029418042241,0.07684510049452403,-0.6120460289719876,-35.06765432783659,0.11406867174804658,0.2677546528898067
6.22,0.2946657303271691,0.6856159119406684,0.35538035204030044,0.7319029418042241,0.07634627969559708,-0.628591942363292,-36.01566533334733,0.11460631998350679,0.261010142646248
6.24,0.29366159810647513,0.6876863038125974,0.35538035204030044,0.7319029418042241,0.07592309044307036,-0.6455072286098806,-36.984839844532544,0.1151310380729631,0.2546272858148374
6.26,0.292642496270729,0.689760810331961,0.35538035204030044,0.7319029418042241,0.0755777599005756,-0.6628224610112894,-37.97692958242144,0.11564220750155396,0.24863926305712658
6.28,0.2916087114316197,0.6918392337562728,0.35538035204030044,0.7319029418042241,0.07531216932524397,-0.6805639522744789,-38.99344215407042,0.11614128243450095,0.24299055734797181
6.3,0.29056051434932767,0.6939213901060073,0.35538035204030044,0.7319029418042241,0.07512795503464986,-0.6987580728783254,-40.03588847662284,0.11662895814771312,0.23765754343152423
6.32,0.289497955302349,0.6960075362025162,0.35538035204030044,0.7319029418042241,0.07502646428593017,-0.7174290908153402,-41.10565900362685,0.1171058731436525,0.23261862872686612
6.34,0.28842170508725434,0.6980966462892944,0.35538035204030044,0.7319029418042241,0.07500883960057927,-0.7366083280287505,-42.204548350235505,0.11757211819259927,0.2278758652446422
6.36,0.2873317739306244,0.7001889973742051,0.35538035204030044,0.7319029418042241,0.07507585000557108,-0.7563198197469423,-43.333933633594974,0.11802929275184226,0.22336502015732346
6.38,0.2862281805040594,0.70228484608195,0.35538035204030044,0.7319029418042241,0.07522801620667328,-0.7765886602178383,-44.49525264820127,0.11847737605207853,0.2190919639562944
6.4,0.28511134810416566,0.7043836424502564,0.35538035204030044,0.7319029418042241,0.075465520279859,-0.7974429582442961,-45.6901159098253,0.11891641459185198,0.21505982608499563
6.42,0.28398186736279124,0.7064844884815992,0.35538035204030044,0.7319029418042241,0.07578813484681476,-0.8189099930757198,-46.92008640432621,0.11934734067229336,0.2112323949143846
6.44,0.2828391169311962,0.708588798473333,0.35538035204030044,0.7319029418042241,0.07619566963028591,-0.841011504144973,-48.18640970945609,0.11977133643519267,0.2075612376986613
6.46,0.28168369188224957,0.7106956852127361,0.35538035204030044,0.7319029418042241,0.07668732261976849,-0.8637739414858212,-49.49060130051768,0.12018719314255688,0.20410447646466992
6.48,0.280515954639395,0.7128046738571573,0.35538035204030044,0.7319029418042241,0.07726203360499034,-0.8872207420689548,-50.83400401701612,0.12059609344833855,0.2008136150278422
6.5,0.27944119666675454,0.7147220553083853,0.35538035204030044,0.7319029418042241,0.07785844963541491,-0.9126164424049501,-52.28907046404761,0.10753532337751115,0.38449862351484787
6.52,0.27836939795790594,0.7166004889330266,0.35538035204030044,0.7319029418042241,0.07851657221603535,-0.9387900700415295,-53.78870886217059,0.1082410405031431,0.3731231211866193
6.54,0.2772763300179325,0.718483829410986,0.35538035204030044,0.7319029418042241,0.07924841218278693,-0.9654637047375811,-55.31699555452806,0.10899069939798167,0.3595423865107583
6.5600000000000005,0.27616252548251413,0.7203718856218418,0.35538035204030044,0.7319029418042241,0.08005266579709117,-0.9926536141813591,-56.87486261099944,0.10971385839359526,0.3468203491994309
6.58,0.2750285986189942,0.7222642964076086,0.35538035204030044,0.7319029418042241,0.08092779351347779,-1.0203804806875665,-58.46349504092777,0.11041131570518337,0.33492891231098887
6.6,0.27387513103187217,0.7241607273532428,0.35538035204030044,0.7319029418042241,0.08187211330018129,-1.048661122517848,-60.083856459724025,0.111084740962758,0.323805704995836
6.62,0.2727026719175937,0.7260608706841659,0.35538035204030044,0.7319029418042241,0.0828838258373999,-1.0775080910310324,-61.73666600727627,0.11173568933672828,0.31339327932818073
6.64,0.2715117398704798,0.7279644427086268,0.35538035204030044,0.7319029418042241,0.08396103788316228,-1.1069293495701245,-63.42237994952948,0.11236559962463089,0.3036390544684797
6.66,0.27030282462669786,0.7298711815014906,0.31554386258008593,0.800621263699405,0.08397812599785466,-0.5084967804994982,-29.134719418611468,0.112975804002452,0.2944948212337678
6.68,0.2690760843770433,0.7317813526321773,0.31554386258008593,0.800621263699405,0.08305532955127559,-0.5228958331046794,-29.9597243618752,0.11356753691494914,0.28591630301291754
6.7,0.26783348872724466,0.7336922470811286,0.31554386258008593,0.800621263699405,0.0821935097113355,-0.5375610423276262,-30.799978956026386,0.11414108522463384,0.277899436246995
6.72,0.2665732544635326,0.7356071034025382,0.31554386258008593,0.800621263699405,0.08139386646677826,-0.5524743477060581,-31.65444841280028,0.11470169421717857,0.27022811763963156
6.74,0.26529702748201034,0.7375238043740489,0.31554386258008593,0.800621263699405,0.08065998890830679,-0.5676842607131309,-32.525912234866695,0.11524445185805421,0.2631186054767587
6.76,0.26400430002075526,0.739443530698621,0.31554386258008593,0.800621263699405,0.07999400930021182,-0.5832019041468621,-33.41500771160838,0.11577353285803227,0.25640037248836345
6.78,0.2626960374727323,0.7413651928288092,0.31554386258008593,0.800621263699405,0.07939883219291397,-0.5990633360735784,-34.32380081804329,0.11628767725043732,0.2501346625406742
6.8,0.2613728418187137,0.7432882120296854,0.31554386258008593,0.800621263699405,0.0788769820929513,-0.6152979358428823,-35.25397486690846,0.11678919971710999,0.24422926262541997
6.82,0.26003472765959124,0.7452128753264692,0.31554386258008593,0.800621263699405,0.07843056522624182,-0.6319274748508019,-36.20677726731042,0.11727942986328177,0.23863292525849733
6.84,0.2586814584843347,0.7471398446131003,0.31554386258008593,0.800621263699405,0.07806148337710127,-0.6489726995097617,-37.18339670112113,0.11775837461582839,0.23335117914968784
6.86,0.2573144057700395,0.7490673943434244,0.31554386258008593,0.800621263699405,0.07777191707786674,-0.666472315442878,-38.18605083718859,0.11822560514961333,0.2284090096972557
6.88,0.25593301517691913,0.7509965775489299,0.31554386258008593,0.800621263699405,0.07756328128474706,-0.6844450720878195,-39.21581393915944,0.11868390582064348,0.22369055605923896
6.9,0.2545380663203833,0.7529265248413846,0.31554386258008593,0.800621263699405,0.07743704082682341,-0.7029228505430702,-40.274512659423074,0.11913223062420819,0.21924671201878354
6.92,0.25312952613842765,0.754857505759733,0.31554386258008593,0.800621263699405,0.07739425646786334,-0.7219308924220733,-41.363593235897866,0.11957205720223851,0.21501753956897077
6.94,0.2517076206917124,0.7567894192503385,0.31554386258008593,0.800621263699405,0.07743575638061594,-0.7414969877189381,-42.48464791795899,0.12000336103367704,0.21100874050196392
6.96,0.2502723204162251,0.7587225133397162,0.31554386258008593,0.800621263699405,0.07756210091373354,-0.76164807285079,-43.639220048622924,0.12042658115517524,0.20720543993976714
6.98,0.24882433221659092,0.760656006272248,0.31554386258008593,0.800621263699405,0.07777350148440185,-0.7824143454003691,-44.829039821932184,0.12084175269571618,0.20361068529560492
7.0,0.2473640756558801,0.7625894942819114,0.31554386258008593,0.800621263699405,0.07806983303463326,-0.8038232746616498,-46.0556811124977,0.12125005249325471,0.20017599328299437
7.02,0.24589075478396713,0.7645242152951355,0.31554386258008593,0.800621263699405,0.078450954928273,-0.8258995787805415,-47.32056016575747,0.12165212182637108,0.19687591172913577
7.04,0.2444050483157971,0.7664594320183681,0.31554386258008593,0.800621263699405,0.07891616842404656,-0.8486714368064824,-48.625291522314996,0.12204686367481288,0.1937636779419244
7.06,0.24290689492348325,0.7683953783833477,0.31554386258008593,0.800621263699405,0.0794646887287053,-0.8721648839571661,-49.971366890262814,0.12243532470106455,0.19079580134057084
7.08,0.24139715996413932,0.77033105439497,0.31554386258008593,0.800621263699405,0.08009513273928764,-0.896404024802385,-51.36016735971703,0.12281750987916396,0.1879756737813848
7.1,0.23999218351640747,0.7721142043154524,0.31554386258008593,0.800621263699405,0.08075090491171767,-0.9224535172639117,-52.85269333622036,0.11247330655421162,0.3361892915585557
7.12,0.23858145046020063,0.7738803269064776,0.31554386258008593,0.800621263699405,0.08147570545797322,-0.9492389415443329,-54.387385099955736,0.11311604241374118,0.3257827631701627
7.14,0.23715006749632753,0.7756488432084913,0.31554386258008593,0.800621263699405,0.08227520217422327,-0.9766223846219486,-55.95634081683985,0.1139454367021564,0.3124191788078657
7.16,0.23570081630497697,0.7774169070427676,0.31554386258008593,0.800621263699405,0.08314658264978558,-1.0046344406516086,-57.56131340282335,0.11440110602953246,0.30423428320276724
7.18,0.23423348293794896,0.7791851932844494,0.31554386258008593,0.800621263699405,0.08408854233713045,-1.0332902713139802,-59.20317155821882,0.11501268522246533,0.2944420636966788
7.2,0.232747819544077,0.7809544927439361,0.2625586706994002,0.8598510835488489,0.08434073089108651,-0.45457247334788686,-26.045084205657016,0.11560548623921751,0.28523473932805243
7.22,0.23124473288324796,0.7827241610106059,0.2625586706994002,0.8598510835488489,0.08324136520849461,-0.4679941022698535,-26.814086897076425,0.11617871791669288,0.2766536578152623
7.24,0.22972504892370754,0.7844936119557598,0.2625586706994002,0.8598510835488489,0.0821997277599656,-0.48164188656467655,-27.596047336874715,0.11673459955811039,0.26861114568080274
7.26,0.22818849203473937,0.7862635699594414,0.2625586706994002,0.8598510835488489,0.08121841747850017,-0.49552842551890386,-28.391687410995953,0.1172750388556576,0.2610320863363768
7.28,0.22663585558045135,0.7880334783840254,0.2625586706994002,0.8598510835488489,0.08030079113981793,-0.5096858905623363,-29.202850406588624,0.11779937674721297,0.25395194193582327
7.3,0.22506819444309464,0.7898024361165761,0.2625586706994002,0.8598510835488489,0.07945029148477348,-0.5241496163674229,-30.031560851254547,0.11830940467562057,0.24730037953099582
7.32,0.2234845315597347,0.7915718928303886,0.2625586706994002,0.8598510835488489,0.07866915681939018,-0.538926402262565,-30.878208317814636,0.1188073312168969,0.2409878041731428
7.34,0.22188622992239052,0.7933406058946353,0.2625586706994002,0.8598510835488489,0.07796083039931659,-0.5540568305676341,-31.745118001920375,0.1192912005989144,0.23510554566938396
7.36,0.22027266903116383,0.7951095683327992,0.2625586706994002,0.8598510835488489,0.07732767764232984,-0.5695568505001025,-32.63320372641947,0.1197637645945604,0.22954008015038663
7.38,0.21864513025248286,0.7968776154437817,0.2625586706994002,0.8598510835488489,0.07677276027187613,-0.5854657329631707,-33.54471554832296,0.12022395784884177,0.22434415632918697
7.4,0.21700538719727658,0.7986430035539157,0.2625586706994002,0.8598510835488489,0.0762989560511216,-0.6018245959912473,-34.48200935746435,0.12067420493950265,0.21941728638376343
7.42,0.21535003475722994,0.8004096771262974,0.2625586706994002,0.8598510835488489,0.07590741798408976,-0.6186278966237004,-35.44476756559342,0.1211174736959364,0.2146327502803441
7.44,0.21368093689146822,0.8021758876949656,0.2625586706994002,0.8598510835488489,0.07560066850883561,-0.6359214003393081,-36.43561234149155,0.12154817455811151,0.21024225454781273
7.46,0.21199894253249302,0.803940922576156,0.2625586706994002,0.8598510835488489,0.0753805824619575,-0.6537405730016175,-37.45657572945677,0.12196953716684389,0.2061092778217477
7.48,0.21030398948786477,0.805705035542649,0.2625586706994002,0.8598510835488489,0.07524856293118752,-0.6721143155941995,-38.509313633871486,0.12238299561549426,0.20217480080596265
7.5,0.20859630369927282,0.8074681680613104,0.2625586706994002,0.8598510835488489,0.07520576365698999,-0.6910745069958681,-39.59565257994733,0.12278852556028563,0.1984441122730024
7.52,0.20687582872123828,0.8092305542931044,0.2625586706994002,0.8598510835488489,0.07525301902845248,-0.7106526788442469,-40.717399197441274,0.1231865329913151,0.19490317147721758
7.54,0.20514332428984822,0.8109915613700927,0.2625586706994002,0.8598510835488489,0.0753908144992825,-0.7308842297379778,-41.87658167665619,0.12357704752016252,0.19155482841884397
7.5600000000000005,0.2033987032425472,0.8127514265552338,0.2625586706994002,0.8598510835488489,0.07561930599001884,-0.7518013934794661,-43.075046878427536,0.12396116168061355,0.18835345464505993
7.58,0.20164215096911714,0.8145101024849667,0.2625586706994002,0.8598510835488489,0.07593831009368912,-0.7734378548676153,-44.31472479956625,0.12433882900176885,0.18530457149931734
7.6,0.19987384519331514,0.816267543214676,0.2625586706994002,0.8598510835488489,0.07634731388063896,-0.7958273714222404,-45.59754960348456,0.1247103528101201,0.18239773144385074
7.62,0.19809421167050434,0.8180234436874101,0.2625586706994002,0.8598510835488489,0.07684541583117639,-0.8190033627462072,-46.92543609237967,0.125076020325543,0.17962301951640613
7.64,0.1963028927443995,0.8197782829071005,0.2625586706994002,0.8598510835488489,0.07743163089910779,-0.8429987215439307,-48.30026887939134,0.1254363762497379,0.17695830972740134
7.66,0.19450030803466262,0.8215317617978601,0.2625586706994002,0.8598510835488489,0.07810448865501102,-0.8678455371994094,-49.72388655078984,0.1257910922825678,0.17442164490844014
7.68,0.19268635982980106,0.823284088340106,0.2625586706994002,0.8598510835488489,0.07886244331019757,-0.893575044548177,-51.19807873082507,0.12614069657227445,0.17199146998644887
7.7,0.19097018654208825,0.8249276099488351,0.2625586706994002,0.8598510835488489,0.0796527467965328,-0.9210115590860473,-52.770075218394354,0.11750909933506137,0.29847102265327663
7.72,0.18925632407417636,0.8265496171746818,0.2625586706994002,0.8598510835488489,0.08051224554956994,-0.9493579435076847,-54.39420341020956,0.11806977464556834,0.2899488873434053
7.74,0.1875247356163614,0.8281696903644699,0.2625586706994002,0.8598510835488489,0.08144815583025129,-0.9784780494122398,-56.062662577514565,0.11865222906216055,0.28023371199413505
7.76,0.18577628501659393,0.8297874388391376,0.2003883930098291,0.9094201630451201,0.08096224097980508,-0.40765485887030856,-23.35690291126989,0.11921561104028533,0.27113722715001176
7.78,0.18401106433833406,0.8314031912474782,0.2003883930098291,0.9094201630451201,0.07971740577118791,-0.42030377471563374,-24.081632404623175,0.11976152408993412,0.2625948971844705
7.8,0.18222957216618282,0.8330168795683792,0.2003883930098291,0.9094201630451201,0.07853155098722338,-0.43316713191297135,-24.81864848239985,0.12029013081771289,0.2546061890712492
7.82,0.18043190845734067,0.8346287942591173,0.2003883930098291,0.9094201630451201,0.07740807529306992,-0.44626584518761847,-25.56914947008912,0.12080253868033686,0.2471294218340386
7.84,0.1786192780926679,0.8362381763185536,0.2003883930098291,0.9094201630451201,0.07635114632750399,-0.4596390973300015,-26.335380376211955,0.12129904055519503,0.2401586028050878
7.86,0.17679135190590375,0.8378456505973566,0.2003883930098291,0.9094201630451201,0.0753639912756443,-0.47330344543180125,-27.118289852242675,0.1217821460884172,0.23359014859093694
7.88,0.17494855361732076,0.8394511562910333,0.2003883930098291,0.9094201630451201,0.07445030110395835,-0.48728821022488766,-27.91955785236967,0.12225129692182146,0.2274547574874358
7.9,0.17309161906237935,0.8410543259663925,0.2003883930098291,0.9094201630451201,0.0736138679014579,-0.5016274684169015,-28.741136828120457,0.12270743351511237,0.22171745718405078
7.92,0.17122121895687903,0.842654823767075,0.2003883930098291,0.9094201630451201,0.07285831847598152,-0.5163543732683573,-29.58492632139961,0.12315201588968816,0.21631978892482087
7.94,0.16933699849224873,0.8442532099402744,0.2003883930098291,0.9094201630451201,0.07218670846115352,-0.5314918419185413,-30.452239387566745,0.12358627477285222,0.21121253044396884
7.96,0.1674399230619035,0.8458488792948866,0.2003883930098291,0.9094201630451201,0.07160244262287463,-0.5470781501904021,-31.34526906973421,0.12400972128633336,0.20642257916328455
7.98,0.1655302546203875,0.8474418156850104,0.2003883930098291,0.9094201630451201,0.071108405645661,-0.5631449980402565,-32.265831641609715,0.12442400343070092,0.20188162157083744
8.0,0.1636076277901755,0.8490325368910637,0.2003883930098291,0.9094201630451201,0.07070707236666889,-0.5797206969442592,-33.21554923128869,0.12482958305773395,0.19757343794467308
8.02,0.16167262519596562,0.8506207509406238,0.2003883930098291,0.9094201630451201,0.07040086321382265,-0.5968431825292366,-34.19659539008149,0.12522602238927427,0.1935221432449591
8.04,0.15972578791165185,0.852206183122099,0.2003883930098291,0.9094201630451201,0.07019178692697726,-0.6145506329198588,-35.21115756340142,0.12561428206485092,0.18968918679480862
8.06,0.15776645403022835,0.853789559286932,0.2003883930098291,0.9094201630451201,0.07008133672299166,-0.6328756490986722,-36.26110364995638,0.12599519362170297,0.1860411197338735
8.08,0.1557974632092403,0.8553686945557936,0.2003883930098291,0.9094201630451201,0.07007076613205894,-0.6518694925826558,-37.3493707183207,0.12636800547510263,0.18261598349604558
8.1,0.15381635840919625,0.8569457143198743,0.2003883930098291,0.9094201630451201,0.07016068825104975,-0.6715595195947943,-38.47752616461482,0.12673632006521274,0.17925354331121968
8.12,0.1518228067911933,0.8585210619197854,0.2003883930098291,0.9094201630451201,0.07035150787386717,-0.6919865020143287,-39.64790604544207,0.1270971808605692,0.1760909944861777
8.14,0.1498179033895381,0.8600940172904746,0.2003883930098291,0.9094201630451201,0.07064306813442128,-0.7131981401779599,-40.86324338877677,0.12745031161456866,0.1731449672833646
8.16,0.14780238674221657,0.8616641181050372,0.2003883930098291,0.9094201630451201,0.07103469492787734,-0.7352397734438871,-42.126135948489555,0.12779719075515228,0.17035215507277268
8.18,0.1457761460878122,0.8632315701382285,0.2003883930098291,0.9094201630451201,0.07152540547658505,-0.7581554319129531,-43.43910646353026,0.1281387329094219,0.16767364589637124
8.2,0.14373908138353145,0.864796570198872,0.2003883930098291,0.9094201630451201,0.07211386514562303,-0.7819904552172654,-44.804752703463315,0.1284748837542704,0.1651146570294526
8.22,0.14169188208625366,0.8663586885058724,0.2003883930098291,0.9094201630451201,0.07279815233984781,-0.8067901745806647,-46.225671956094956,0.12880562486644598,0.1626788713475491
8.24,0.13963442800668446,0.8679181193961684,0.2003883930098291,0.9094201630451201,0.07357624542366115,-0.8325995073158975,-47.704437793872636,0.1291317133448433,0.16033372377863286
8.26,0.13756711598040772,0.8694746543522004,0.2003883930098291,0.9094201630451201,0.07444566147428223,-0.8594617047179682,-49.24352833345857,0.12945308433663372,0.15808454142667017
8.28,0.13559012303935924,0.8709510914178195,0.2003883930098291,0.9094201630451201,0.07535705184674014,-0.8880049777990535,-50.87893741449413,0.12242241030231416,0.26005088355929296
8.3,0.133618790331965,0.872407378442427,0.2003883930098291,0.9094201630451201,0.07634216440346181,-0.9176851552413181,-52.579486317135284,0.12261928834398361,0.2584690091514408
8.32,0.13163172262575015,0.8738596541812531,0.13210571843611368,0.9502085356157897,0.07635035277150436,-0.362241659359241,-20.754918245100146,0.12313837147848172,0.2499778476203196
8.34,0.12962931569259767,0.8753080075683969,0.13210571843611368,0.9502085356157897,0.07494145496536857,-0.37395365052117585,-21.425965908373534,0.1236408745235118,0.2420249182481793
8.36,0.12761204697037987,0.8767524478641288,0.13210571843611368,0.9502085356157897,0.07359340942653532,-0.385880720183736,-22.109336661996753,0.12412731024009638,0.23459253066876462
8.38,0.12558036513527318,0.8781929854591978,0.13210571843611368,0.9502085356157897,0.0723105780647437,-0.39804987947092174,-22.806578129374927,0.1245987250188263,0.227640490081879
8.4,0.1235346907296196,0.8796296325055891,0.13210571843611368,0.9502085356157897,0.07109742667765526,-0.4104887110419968,-23.51927068047161,0.1250560916122856,0.2211316656131057
8.42,0.12147541823181672,0.8810624024807014,0.13210571843611368,0.9502085356157897,0.06995849490925903,-0.4232255169573827,-24.249035903900484,0.1255003075918193,0.2150320194038713
8.44,0.11940361543922713,0.8824907996286541,0.13210571843611368,0.9502085356157897,0.068898731394467,-0.43629799791542373,-24.99803389056137,0.12593220152554152,0.20931031918199058
8.46,0.11731854489668116,0.8839155996710765,0.13210571843611368,0.9502085356157897,0.06792211611437868,-0.44972250854014456,-25.767201691386404,0.12635368301492922,0.20388658927388006
8.48,0.11522023253795384,0.8853370520617919,0.13210571843611368,0.9502085356157897,0.06703304418354843,-0.46352779118176946,-26.55818612173673,0.12676362568631028,0.198815963047827
8.5,0.11310970073573048,0.8867546873976121,0.13210571843611368,0.9502085356157897,0.06623624039880878,-0.4777551386001302,-27.373353082475145,0.12716227173836803,0.19409314691437585
8.52,0.11098755696880573,0.8881682953355191,0.13210571843611368,0.9502085356157897,0.06553600657495844,-0.49244156327501276,-28.214823232482708,0.12755140259625986,0.18964358479922616
8.54,0.10885342352887374,0.8895783354789624,0.13210571843611368,0.9502085356157897,0.0649360484406388,-0.5076167735041923,-29.08429873183845,0.12793202463512454,0.18542642709257207
8.56,0.10670880574145318,0.8909839707996381,0.13210571843611368,0.9502085356157897,0.06444029990683428,-0.5233281129958027,-29.984492175204945,0.1283037209215021,0.18146469490769312
8.58,0.1045520763623531,0.8923864694299836,0.13210571843611368,0.9502085356157897,0.06405149904197911,-0.5396006622250682,-30.916840567960715,0.12866863117780292,0.17766564955577768
8.6,0.10238441762737656,0.8937852279526154,0.13210571843611368,0.9502085356157897,0.06377260673217505,-0.5564834037940605,-31.88415040647405,0.1290247222861196,0.17412506323463695
8.62,0.10020575960814325,0.8951804543483289,0.13210571843611368,0.9502085356157897,0.06360579455682061,-0.5740185888124321,-32.88884250100777,0.12937368052987064,0.1707707190860136
8.64,0.09801718074382101,0.8965715855502114,0.13210571843611368,0.9502085356157897,0.06355274041562795,-0.5922565844076484,-33.93380267539185,0.12971555740236007,0.16760396648073106
8.66,0.09581856057280252,0.8979588308890417,0.13210571843611368,0.9502085356157897,0.06361438099855418,-0.6112433227537539,-35.0216626493429,0.13005171536136784,0.1645658445482978
8.68,0.09360951509432852,0.8993425712681817,0.13210571843611368,0.9502085356157897,0.06379109656326808,-0.631027213533172,-36.15519609335134,0.13038206230184257,0.161663305476914
8.7,0.09139051198075372,0.9007226386369062,0.13210571843611368,0.9502085356157897,0.06408261883309121,-0.6516627359864297,-37.33752443797045,0.1307062596750952,0.1589148360105208
8.72,0.08916145460613457,0.9020992174131054,0.13210571843611368,0.9502085356157897,0.06448810970889114,-0.6732052358574021,-38.571818760738296,0.13102491388831128,0.1562955829030599
8.74,0.08692304823600042,0.9034719769057261,0.13210571843611368,0.9502085356157897,0.06500599669623888,-0.6957137338993122,-39.86146070171822,0.1313380289051369,0.1538082287953768
8.76,0.08467517308674263,0.9048410972263282,0.13210571843611368,0.9502085356157897,0.06563429818441212,-0.7192478294107483,-41.20986504918128,0.13164639156936775,0.15141899237992862
8.78,0.08241823391917055,0.906206428169527,0.13210571843611368,0.9502085356157897,0.06637041191173901,-0.7438693121105164,-42.62057209323237,0.13194994632542145,0.14913277467519526
8.8,0.08015185270036733,0.9075683006129055,0.13210571843611368,0.9502085356157897,0.06721156006215856,-0.7696418592235179,-44.09723027010943,0.13224912636229935,0.14693165134631314
8.82,0.0778764292511787,0.908926566855046,0.13210571843611368,0.9502085356157897,0.06815435973044072,-0.7966297523831347,-45.64352264610545,0.1325436500022481,0.14483094791087336
8.84,0.07559209535182101,0.9102812364775812,0.13210571843611368,0.9502085356157897,0.06919522245491722,-0.8248973608270039,-47.26313730686753,0.1328339421095559,0.14281303450811023
8.86,0.0733909199719883,0.9115764116388243,0.13210571843611368,0.9502085356157897,0.07028419852039634,-0.8549785792605751,-48.98666416572229,0.12613829949733035,0.24200983625481678
8.88,0.07120372994640399,0.9128493820473385,0.13210571843611368,0.9502085356157897,0.07144759308298533,-0.8864657311589503,-50.79074507838653,0.12657713798288617,0.23590818368349198
8.9,0.06900289870990296,0.9141165913775947,0.0598371501979492,0.9834620654916059,0.06994859345177266,-0.33098432257069366,-18.964004768297382,0.12705017468176982,0.22808085867610797
8.92,0.0667879791892027,0.9153786652777877,0.0598371501979492,0.9834620654916059,0.06843729544875798,-0.3420712882990915,-19.599241112140763,0.1275086845977269,0.220720519286885
8.94,0.06456021357471944,0.916635206599872,0.0598371501979492,0.9834620654916059,0.06699355489147223,-0.3533965778480104,-20.248132405057437,0.1279515977053225,0.2138796330915238
8.96,0.0623192419937924,0.9178867407622763,0.0598371501979492,0.9834620654916059,0.06562228274785949,-0.3649766131168999,-20.911619552577445,0.1283814092374158,0.20745235779766338
8.98,0.0600665638709129,0.9191326889908404,0.0598371501979492,0.9834620654916059,0.06432978557099793,-0.3768562469704464,-21.592272434546395,0.12879759940805924,0.20146725867933868
9.0,0.057801428579327005,0.9203737487475732,0.0598371501979492,0.9834620654916059,0.06312115233504473,-0.389050214445922,-22.290935306410944,0.12920292795788324,0.19580595411849977
9.02,0.05552421136968174,0.9216099811414924,0.0598371501979492,0.9834620654916059,0.062002272376018026,-0.4015910433194594,-23.009471872460438,0.12959623826206412,0.19052500052338384
9.04,0.05323526810066875,0.92284144063699,0.0598371501979492,0.9834620654916059,0.06097905382170552,-0.4145129024363414,-23.74983986332042,0.12997834445378498,0.18559307513627
9.06,0.05093557438817155,0.9240678082679675,0.0598371501979492,0.9834620654916059,0.06005760437317603,-0.42785805881005645,-24.514461000476405,0.1303500237974542,0.18098026866378292
9.08,0.048625383428860906,0.9252891458092104,0.0598371501979492,0.9834620654916059,0.05924350005240124,-0.441662011783412,-25.30536924644674,0.1307129068968016,0.17661762148249438
9.1,0.04630462520791948,0.9265056859693778,0.0598371501979492,0.9834620654916059,0.05854193711251672,-0.4559596980914811,-26.124566328701086,0.13106745093455774,0.17248838481372097
9.12,0.0439735509499887,0.9277174814669029,0.0598371501979492,0.9834620654916059,0.05795785045347231,-0.47079197726855204,-26.974393326107023,0.1314136664758936,0.16859590855809736
9.14,0.04163239905398994,0.9289245819285981,0.0598371501979492,0.9834620654916059,0.05749565268434503,-0.48620232360835347,-27.85734113221252,0.13175202603646352,0.1649226457100389
9.16,0.03928168575712554,0.9301268769846943,0.0598371501979492,0.9834620654916059,0.057159158946276975,-0.5022389020022615,-28.776169392014136,0.13208297330739582,0.161452147901045
9.18,0.03692131842192055,0.9313245686343002,0.0598371501979492,0.9834620654916059,0.05695132943604388,-0.5189486441940034,-29.73356709635263,0.13240726580276974,0.1581533727124107
9.2,0.034551218466642414,0.9325178504187022,0.0598371501979492,0.9834620654916059,0.056874347406494045,-0.5363826648103762,-30.732462897614855,0.1327248920588886,0.1550300109390279
9.22,0.03217187249876531,0.9337066155061488,0.0598371501979492,0.9834620654916059,0.056929538847844935,-0.5545989842330523,-31.776181118796384,0.13303588908974984,0.15208364009394737
9.24,0.029783462845008223,0.9348909027678923,0.0598371501979492,0.9834620654916059,0.057117265094205824,-0.5736575032018458,-32.86815381947827,0.1333409402816621,0.149286181507155
9.26,0.027385896041998724,0.9360708879566012,0.0598371501979492,0.9834620654916059,0.057436988121317985,-0.5936212692459271,-34.011993356990715,0.1336403518825635,0.14662645889486348
9.28,0.024979874604611138,0.9372463351493627,0.0598371501979492,0.9834620654916059,0.057887160863673855,-0.6145599707510283,-35.21169258171724,0.1339341367451896,0.14410668455193398
9.3,0.022566313197846743,0.93841688940518,0.0598371501979492,0.9834620654916059,0.05846523051648151,-0.6365462336706789,-36.4714126542782,0.13422310604667143,0.14169209674785854
9.32,0.02014327202901864,0.9395836140511469,0.0598371501979492,0.9834620654916059,0.05916859356873898,-0.6596528514999345,-37.795324334716284,0.13450818045158686,0.13934219402336745
9.34,0.01771244981936989,0.9407457864615323,0.0598371501979492,0.9834620654916059,0.05999309023679463,-0.6839625377125667,-39.188166755987474,0.1347875698116896,0.13714188767360858
9.36,0.015273221013284186,0.9419038059450682,0.0598371501979492,0.9834620654916059,0.060934659438723615,-0.7095596083104811,-40.65477086914638,0.1350629537385406,0.13501587879868882
9.38,0.012825971406762018,0.9430575821547346,0.0598371501979492,0.9834620654916059,0.06198849252124525,-0.7365323709472058,-42.200196330038864,0.1353338358994316,0.1329892377413544
9.4,0.010371307603662448,0.9442069094898653,0.0598371501979492,0.9834620654916059,0.0631493218988434,-0.7649707363909986,-43.82959464621887,0.13560062503168435,0.13104503469918427
9.42,0.007908144295679622,0.9453523913609877,0.0598371501979492,0.9834620654916059,0.06441249037523589,-0.794970615718378,-45.548461117579485,0.1358638816232216,0.12915892286982644
9.44,0.005527194751943176,0.9464505943921921,0.0598371501979492,0.9834620654916059,0.0657222964715164,-0.8270219238484304,-47.38486580130483,0.12968384465508187,0.22240309605653374
9.46,0.00316065503602814,0.947529630525817,-0.015130804488249059,1.0101069229858641,0.06519582059579086,-0.2945396082245826,-16.87587645070533,0.1300868263723054,0.21663963296746083
9.48,0.0007820504909362323,0.9486018932637986,-0.015130804488249059,1.0101069229858641,0.06353021040969992,-0.30489838007820635,-17.469390358856884,0.1305212583318338,0.2092810323434807
9.5,-0.001609071191244801,0.949667935758922,-0.015130804488249059,1.0101069229858641,0.061933096550824754,-0.31546972138844387,-18.07508359972579,0.1309420279777651,0.2023664818678883
9.52,-0.004011161002250716,0.9507273494880722,-0.015130804488249059,1.0101069229858641,0.060411755644372504,-0.32630020512598135,-18.695624607971762,0.13134814385276083,0.19594487531082727
9.54,-0.006424975527141168,0.9517807733044671,-0.015130804488249059,1.0101069229858641,0.05897229175262563,-0.33740219531535315,-19.33172179001841,0.13174260224703138,0.18988673876105255
9.56,-0.00885011872043716,0.9528283231808813,-0.015130804488249059,1.0101069229858641,0.057621914315070924,-0.34880792081087053,-19.985221723196318,0.13212419316652735,0.18425106508096478
9.58,-0.011285211240875384,0.9538696341275825,-0.015130804488249059,1.0101069229858641,0.05636861933340261,-0.3605638277202324,-20.658785573451436,0.13249382243225583,0.17900224257655362
9.6,-0.013730979768543594,0.9549052671194446,-0.015130804488249059,1.0101069229858641,0.055219401659566285,-0.37269065120891115,-21.35360137825284,0.13285392644700744,0.17403520722783505
9.62,-0.016187417110499175,0.9559354680650708,-0.015130804488249059,1.0101069229858641,0.054181758539835555,-0.3852219843959763,-22.071593881543897,0.13320348697205553,0.1693999474483565
9.64,-0.018653257570678632,0.9569599029240232,-0.015130804488249059,1.0101069229858641,0.053263621893104844,-0.3982078050865825,-22.81562660062929,0.1335427503929565,0.16508999972450478
9.66,-0.021128571651825228,0.9579787973865675,-0.015130804488249059,1.0101069229858641,0.05247203721454421,-0.41168526236804764,-23.587828021425103,0.13387379237577157,0.16101591618716826
9.68,-0.023612821567357854,0.9589921055976814,-0.015130804488249059,1.0101069229858641,0.051813793244246814,-0.42570060140069277,-24.390847796440635,0.13419663902894952,0.15718014615903608
9.7,-0.02610608979902788,0.9600000358134068,-0.015130804488249059,1.0101069229858641,0.051294805095315164,-0.44029757997800045,-25.227193062563245,0.134512150052013,0.15354728468600087
9.72,-0.028607593018933758,0.9610024217936092,-0.015130804488249059,1.0101069229858641,0.05092028933972158,-0.4555306650455324,-26.099984545896582,0.1348203344804122,0.15012023185392853
9.74,-0.031117997787813195,0.9619996926245565,-0.015130804488249059,1.0101069229858641,0.050694141304824795,-0.4714472420525442,-27.011937232693324,0.13512228847102348,0.1468523357343876
9.76,-0.033636818168467975,0.9629918046885488,-0.015130804488249059,1.0101069229858641,0.05061923462975773,-0.4881080154717834,-27.966529233039477,0.13541730030156574,0.14377892151959393
9.78,-0.03616439995376348,0.9639790470284867,-0.015130804488249059,1.0101069229858641,0.05069707169596789,-0.5055735033964783,-28.9672279782612,0.1357060875107341,0.14087046473224007
9.8,-0.03869974826841722,0.9649611554198342,-0.015130804488249059,1.0101069229858641,0.050927747250774105,-0.5239167859115961,-30.018220648793562,0.13598841013197083,0.138140989390384
9.82,-0.04124271401400991,0.9659381898046477,-0.015130804488249059,1.0101069229858641,0.05130992896033872,-0.5432110931108398,-31.12370301993911,0.13626551095379247,0.1355365847828527
9.84,-0.04379265118834289,0.9669100055327836,-0.015130804488249059,1.0101069229858641,0.05184086355094726,-0.563537021803528,-32.28829294871401,0.13653762588562435,0.13304881970585547
9.86,-0.046351191995234874,0.9678773536581069,-0.015130804488249059,1.0101069229858641,0.05251713169713489,-0.5849751534610581,-33.51660741333628,0.13680546496103174,0.13064724368780367
9.88,-0.04891715947101074,0.968839899952626,-0.015130804488249059,1.0101069229858641,0.0533337132876288,-0.6076220208588872,-34.81417733442431,0.13706747992158208,0.12840522873550086
9.9,-0.05149065448338631,0.9697977878123033,-0.015130804488249059,1.0101069229858641,0.054285035415934664,-0.6315774885497838,-36.186724529374686,0.13732496298383134,0.12626601231122137
9.92,-0.054071299102265026,0.9707509716969804,-0.015130804488249059,1.0101069229858641,0.05536472724250696,-0.6569490909888236,-37.6404102686155,0.13757792285191695,0.12423141371398216
9.94,-0.05665873836309015,0.9716994065289333,-0.015130804488249059,1.0101069229858641,0.05656594923010299,-0.6838506519826493,-39.181756175875464,0.1378267925990273,0.122283510675808
9.96,-0.05925309517079972,0.9726432245568002,-0.015130804488249059,1.0101069229858641,0.05788182128319171,-0.7124028711139698,-40.81767782783282,0.13807194399134692,0.12040690764089645
9.98,-0.06185448222441973,0.9735825546764088,-0.015130804488249059,1.0101069229858641,0.05930540904165723,-0.7427332529130024,-42.555480695937796,0.13831332078044767,0.11860591817069999
10.0,-0.06446233513420938,0.9745172686815111,-0.015130804488249059,1.0101069229858641,0.06082946168902594,-0.7749723565794566,-44.40264527131036,0.13855089282182043,0.11688371786500173
10.02,-0.06699753676133137,0.9754180960313489,-0.09192012699725459,1.0309502784742526,0.06086837266544652,-0.26400234559218294,-15.126220183986275,0.13254046537136688,0.209937279877781
10.04,-0.06950438154496623,0.9762973222630936,-0.09192012699725459,1.0309502784742526,0.05907123891371032,-0.27382569215126923,-15.689056482516278,0.13289998295705763,0.20509980844754527
10.06,-0.07202351376917465,0.977169454316247,-0.09192012699725459,1.0309502784742526,0.05734328439374675,-0.28384009655662723,-16.26283958928051,0.13331211756324457,0.19771522028005917
10.08,-0.07455316539753466,0.9780341966101587,-0.09192012699725459,1.0309502784742526,0.05569311514948356,-0.29409167053255647,-16.850211511467407,0.1337082864638739,0.19088882950366037
10.1,-0.07709262480869503,0.9788915905853621,-0.09192012699725459,1.0309502784742526,0.05412912160625413,-0.3046155079906008,-17.45318298209503,0.1340914294020057,0.18449200646628028
10.12,-0.07964229313110045,0.9797420662684349,-0.09192012699725459,1.0309502784742526,0.05265953096791635,-0.315431213894267,-18.07287728282983,0.13446297214518843,0.17846500044299551
10.14,-0.08220216170878764,0.9805859119510842,-0.09192012699725459,1.0309502784742526,0.051293354975356094,-0.3265679190485211,-18.710963485850183,0.13482231294943414,0.17283916417171197
10.16,-0.0847715411520888,0.9814231609876429,-0.09192012699725459,1.0309502784742526,0.05004036017174677,-0.3380669652555776,-19.369810301940436,0.13516967902961197,0.16760888716091382
10.18,-0.08735012587895445,0.9822539556869353,-0.09192012699725459,1.0309502784742526,0.04891029301923942,-0.34996642963248764,-20.051599389203652,0.13550646588782467,0.16271590729755037
10.2,-0.08993794003888649,0.9830785411083499,-0.09192012699725459,1.0309502784742526,0.04791275721107987,-0.3623032283172578,-20.758445886543527,0.13583336559713777,0.15813323054433837
10.22,-0.09253409069793934,0.9838968340835239,-0.09192012699725459,1.0309502784742526,0.047057449787011985,-0.3751280522966476,-21.493254173560736,0.13615054859411613,0.15385727264130566
10.24,-0.09513893945107943,0.9847091564314726,-0.09192012699725459,1.0309502784742526,0.046353016313808205,-0.3884807373803061,-22.258306674021654,0.1364595459275475,0.1498228058995077
10.26,-0.09775166021794945,0.9855154279482541,-0.09192012699725459,1.0309502784742526,0.045807558568689226,-0.40241751886846616,-23.056825433289283,0.13675999843263398,0.14604963160247397
10.28,-0.10037233462859467,0.9863158489755514,-0.09192012699725459,1.0309502784742526,0.04542765799067583,-0.4169895930636218,-23.8917437834232,0.1370532296430138,0.14248140721428992
10.3,-0.10300075723863322,0.9871105222839603,-0.09192012699725459,1.0309502784742526,0.04521840985008673,-0.4322558654970927,-24.766436762757994,0.13733926292873733,0.13912022526513246
10.32,-0.10563673328356461,0.9878995448746454,-0.09192012699725459,1.0309502784742526,0.045183082580518875,-0.448280486039367,-25.684579888128948,0.13761851173393902,0.1359504879143436
10.34,-0.10828007907610793,0.9886830087197557,-0.09192012699725459,1.0309502784742526,0.04532295361648209,-0.4651333945858718,-26.65018042036363,0.13789136363138166,0.13295760090653586
10.36,-0.11093087518598899,0.9894610830604577,-0.09192012699725459,1.0309502784742526,0.04563728610225996,-0.4828895702507756,-27.667534346255515,0.13815817669983188,0.13012814166227238
10.38,-0.11358844287080389,0.9902336928106649,-0.09192012699725459,1.0309502784742526,0.04612327244348762,-0.5016355229039577,-28.74159831623492,0.13841899887540032,0.12746271570815426
10.4,-0.1162531313502079,0.9910010689772393,-0.09192012699725459,1.0309502784742526,0.04677643039263581,-0.5214600932513709,-29.877462527801892,0.13867472393499503,0.12492320738730078
10.42,-0.1189243004110181,0.991763138417213,-0.09192012699725459,1.0309502784742526,0.047590517202596674,-0.5424653612074901,-31.080975729228914,0.13892507825199463,0.12252450154737193
10.44,-0.121602295012216,0.992520115935756,-0.09192012699725459,1.0309502784742526,0.04855829991673584,-0.5647590176962036,-32.35830815594664,0.13917084686706493,0.1202330740358859
10.46,-0.12428627727891486,0.9932718600790937,-0.09192012699725459,1.0309502784742526,0.04967122805825986,-0.5884621123569609,-33.71639544140711,0.13941177130106785,0.11806292129809548
10.48,-0.12697682721598164,0.9940186382121924,-0.09192012699725459,1.0309502784742526,0.05092070583438453,-0.6137032832847744,-35.162608005539134,0.1396487652050249,0.11597423668047169
10.5,-0.12967358950476224,0.9947604481907818,-0.09192012699725459,1.0309502784742526,0.05229749274345955,-0.6406244197415383,-36.70507550420748,0.13988134028416477,0.1139912962060119
10.52,-0.13237666764425127,0.9954974142921686,-0.09192012699725459,1.0309502784742526,0.05379253907221134,-0.6693786789071092,-38.35257319742006,0.14010991775890158,0.11209673558887356
10.54,-0.13508550873508834,0.9962294682653701,-0.09192012699725459,1.0309502784742526,0.0553966139952087,-0.7001297739484786,-40.1144811586962,0.1403344901425574,0.11029277935739601
10.56,-0.13780001860317312,0.9969566639236201,-0.09192012699725459,1.0309502784742526,0.05710105326513516,-0.7330515630159473,-42.00076072628209,0.14055561688804952,0.10855539994872321
10.58,-0.14041964028882464,0.9976502129152226,-0.16997927502318771,1.0463864341414268,0.05699992337747907,-0.24217420034220313,-13.875559586563897,0.13534638103231966,0.19028281642657907
10.6,-0.14304033822600007,0.9983334110592873,-0.16997927502318771,1.0463864341414268,0.05508901290725317,-0.25134822359490316,-14.401192400098488,0.13547072352138034,0.18704143092879155
10.62,-0.1456708245357583,0.9990087944297953,-0.16997927502318771,1.0463864341414268,0.053249802908038775,-0.26072659995622915,-14.938533784287724,0.13584676861715383,0.18031413765995374
10.64,-0.14830972593249203,0.999676284844367,-0.16997927502318771,1.0463864341414268,0.05149181881763055,-0.2703534112824313,-15.490109443447846,0.13620941508143414,0.17404101117862725
10.66,-0.15095882511127595,1.000336658211773,-0.16997927502318771,1.0463864341414268,0.04982328148589646,-0.28022505242147444,-16.055712817582734,0.1365612609806388,0.1681092223475289
10.68,-0.1536167098526514,1.0009898452754156,-0.16997927502318771,1.0463864341414268,0.04825540197355843,-0.29039138821590527,-16.6382009517164,0.13689925896305244,0.16266003066200962
10.7,-0.15628275498405458,1.0016359363035268,-0.16997927502318771,1.0463864341414268,0.04679959100165594,-0.3008911131146035,-17.239790874460233,0.13722621378270405,0.15757213137304604
10.72,-0.15895762425035265,1.0022753523240602,-0.16997927502318771,1.0463864341414268,0.04546717854515224,-0.31174762339669654,-17.861823093864547,0.1375433932059522,0.15279253322925124
10.74,-0.16164010466684295,1.002908017333061,-0.16997927502318771,1.0463864341414268,0.04427092149926561,-0.323012372154059,-18.507245654936657,0.1378499341928241,0.14836409367294245
10.76,-0.16433026313842475,1.003534155287662,-0.16997927502318771,1.0463864341414268,0.04322301630190813,-0.3347228042292723,-19.178203989121005,0.13814799091272922,0.14419376319865784
10.78,-0.16702814966486676,1.0041539832890205,-0.16997927502318771,1.0463864341414268,0.04233543487294588,-0.34692068979924656,-19.87709135126406,0.13843762953903438,0.14028202744834073
10.8,-0.16973325043774024,1.0047675668609004,-0.16997927502318771,1.0463864341414268,0.04161959444553393,-0.35965812385919627,-20.606892564725364,0.13871897594163185,0.1366267377135577
10.82,-0.17244509721874526,1.0053749633760254,-0.16997927502318771,1.0463864341414268,0.041085532897134035,-0.3729903767163072,-21.370774384839052,0.13899296047538146,0.1331893030938336
10.84,-0.17516377995893795,1.0059763550714882,-0.16997927502318771,1.0463864341414268,0.04074130068944182,-0.3869721815696239,-22.171872792909628,0.1392603703124884,0.1299371718818665
10.86,-0.17788937284099393,1.0065719189799842,-0.16997927502318771,1.0463864341414268,0.04059267501690432,-0.40166466813966645,-23.01369026392571,0.1395212202956464,0.12687251114154585
10.88,-0.18062119285311215,1.0071616430993433,-0.16997927502318771,1.0463864341414268,0.04064276869744458,-0.41714134712042394,-23.90043865040195,0.13977557824548237,0.12399515254987725
10.9,-0.18335933953794567,1.007745684678109,-0.16997927502318771,1.0463864341414268,0.040891730771709635,-0.43347645105861776,-24.836371163967982,0.14002443176196477,0.12126305446960584
10.92,-0.1861034258135869,1.0083240843174868,-0.16997927502318771,1.0463864341414268,0.0413367961123201,-0.4507555286465279,-25.826389383634325,0.1402677775002248,0.11867881597876773
10.94,-0.18885402015473018,1.0088970949592133,-0.16997927502318771,1.0463864341414268,0.04197268821626436,-0.46906777905240826,-26.875604045278,0.14050616882800293,0.11621965887900765
10.96,-0.19160959385265722,1.009464494285999,-0.16997927502318771,1.0463864341414268,0.04279135818541331,-0.4885229327954508,-27.990302244532483,0.1407390999776159,0.11391092337151298
10.98,-0.19437163282138442,1.0100267095692521,-0.16997927502318771,1.0463864341414268,0.04378374915330635,-0.5092280269616665,-29.176616754677582,0.14096830706598062,0.11167573233550332
11.0,-0.19713932013243235,1.010583681828415,-0.16997927502318771,1.0463864341414268,0.04493890434270815,-0.5313127760616863,-30.44197966971406,0.14119232908830215,0.10958256349405393
11.02,-0.19991232298321918,1.011135438260438,-0.16997927502318771,1.0463864341414268,0.04624521673404756,-0.5549178195769198,-31.79444903835959,0.1414121221662623,0.10759006216179423
11.04,-0.20269096475340964,1.0116821412267392,-0.16997927502318771,1.0463864341414268,0.047691116486351506,-0.5801974482305545,-33.242865067870845,0.1416280992914576,0.1056812207342328
11.06,-0.2054749215807029,1.012223817076293,-0.16997927502318771,1.0463864341414268,0.04926484882017825,-0.607323361632123,-34.79706542121808,0.14184003438566517,0.10386815077506606
11.08,-0.20826388876876667,1.0127604879628997,-0.16997927502318771,1.0463864341414268,0.05095503808309218,-0.6364835703083775,-36.46782230808823,0.14204831460850054,0.10213491960078813
11.1,-0.21105818171442528,1.0132922997667884,-0.16997927502318771,1.0463864341414268,0.052751287235043194,-0.6678842737992441,-38.26695009185659,0.14225327774032293,0.10046763247770207
11.12,-0.21385750134543877,1.0138192741423495,-0.16997927502318771,1.0463864341414268,0.054643560055986355,-0.7017486788202043,-40.20723757527925,0.14245471319156433,0.0988774868690423
11.14,-0.2165754398491717,1.0143237891533528,-0.24887095781075927,1.0567680470562522,0.05333399956252168,-0.22325948353791958,-12.791826142993273,0.13747083998800758,0.17748318058369295
11.16,-0.2192872261624216,1.014817340305136,-0.24887095781075927,1.0567680470562522,0.051332825513106174,-0.23187666634453086,-13.285554349104796,0.13796387641303864,0.17000173735889912
11.18,-0.2220064751620181,1.0153027772644887,-0.24887095781075927,1.0567680470562522,0.04940717586432407,-0.2407099493291409,-13.791664183367674,0.13814643308832641,0.16584090726065592
11.2,-0.22473355258087904,1.0157803996982306,-0.24887095781075927,1.0567680470562522,0.047566811614580366,-0.24978351787269792,-14.311541366036158,0.13847935120150368,0.16002912852447482
11.22,-0.22746850280922445,1.016250491259876,-0.24887095781075927,1.0567680470562522,0.045822891744249174,-0.2591221396750991,-14.8466049817826,0.13880115299312878,0.15458367809986773
11.24,-0.2302110389225542,1.0167132619505421,-0.24887095781075927,1.0567680470562522,0.04418798912350507,-0.2687583993476097,-15.398721991309573,0.13911195398533804,0.14950333249344472
11.26,-0.2329608916346606,1.0171689088108564,-0.24887095781075927,1.0567680470562522,0.04267577715174971,-0.2787270364404981,-15.969882824229643,0.13941248475474177,0.14475922415421727
11.28,-0.23571780983466237,1.017617617111224,-0.24887095781075927,1.0567680470562522,0.041300865203548316,-0.28906520862299256,-16.562216458166127,0.1397034264362884,0.14032454948645356
11.3,-0.23848183591313982,1.0180596159965771,-0.24887095781075927,1.0567680470562522,0.04007837931984289,-0.29980946526950675,-17.17781701801677,0.13998540593843645,0.13617476937302642
11.32,-0.24125245686091093,1.0184950219219704,-0.24887095781075927,1.0567680470562522,0.039023915867736854,-0.31100699422850075,-17.819388168342645,0.14025858543378344,0.13230617241705156
11.34,-0.24402920789967728,1.0189239384474773,-0.24887095781075927,1.0567680470562522,0.038152576565603134,-0.322707592008586,-18.489783038921672,0.1405239714986628,0.12867689860029952
11.36,-0.2468121743715969,1.0193465531733004,-0.24887095781075927,1.0567680470562522,0.0374780841783724,-0.3349591927170126,-19.191748051794004,0.140782414078644,0.1252517324049074
11.38,-0.24960142498873902,1.019763049043102,-0.24887095781075927,1.0567680470562522,0.037012206908685584,-0.3478156155423662,-19.92836681932242,0.1410339450936604,0.12203212479022785
11.4,-0.25239628870138486,1.0201734733246905,-0.24887095781075927,1.0567680470562522,0.03676398760313002,-0.3613436285689908,-20.703464870946014,0.14127865326523104,0.11901701818611832
11.42,-0.25519686023360455,1.020577985170992,-0.24887095781075927,1.0567680470562522,0.036738775438524385,-0.3756090754175041,-21.520814768234025,0.14151759183368418,0.11616163736058449
11.44,-0.25800299084153383,1.0209767007912585,-0.24887095781075927,1.0567680470562522,0.036937981736091585,-0.3906876557450225,-22.38475378204982,0.14175077171837414,0.11346797772690542
11.46,-0.2608147639181796,1.0213697680363172,-0.24887095781075927,1.0567680470562522,0.03735897030038194,-0.4066620796917735,-23.300020854351366,0.14197851577509857,0.11092390200181934
11.48,-0.2636307132929791,1.021757079498193,-0.24887095781075927,1.0567680470562522,0.037994976394865584,-0.4236343482823406,-24.272460213353312,0.142200872394449,0.10852963684027106
11.5,-0.26645271874451054,1.0221390247829896,-0.24887095781075927,1.0567680470562522,0.038836677266904526,-0.4416969162674662,-25.30736912606913,0.14241960765406514,0.10620724662235848
11.52,-0.2692797651226845,1.0225155824053165,-0.24887095781075927,1.0567680470562522,0.03987167855206111,-0.4609726761308428,-26.411788813148277,0.1426327188647547,0.1040493671992937
11.54,-0.27211173618848056,1.0228868410382934,-0.24887095781075927,1.0567680470562522,0.04108612783937811,-0.48159329340626833,-27.59326315398471,0.14284146496332806,0.10200128311321777
11.56,-0.2749485247561445,1.0232528854745806,-0.24887095781075927,1.0567680470562522,0.04246534532576654,-0.5037063877084123,-28.860250129472348,0.143046081955156,0.10005422017331234
11.58,-0.2777896319282337,1.0236137373047856,-0.24887095781075927,1.0567680470562522,0.04399429471884825,-0.5274783463125452,-30.22228302824887,0.1432467745146382,0.09820069487923022
11.6,-0.28063595776068084,1.023969611792012,-0.24887095781075927,1.0567680470562522,0.04565909085386026,-0.5530933664790969,-31.689915575934773,0.14344410266737828,0.09641686631811641
11.62,-0.28348661173306017,1.0243204802357895,-0.24887095781075927,1.0567680470562522,0.04744563298172864,-0.5807613284328501,-33.27517302361337,0.14363729316598794,0.09473959382180763
11.64,-0.2863415150120213,1.0246664102548781,-0.24887095781075927,1.0567680470562522,0.04934123774592994,-0.6107146377379684,-34.99137122924658,0.14382727553560182,0.09312824814131093
11.66,-0.2892011486950778,1.025007545019298,-0.24887095781075927,1.0567680470562522,0.05133472300894341,-0.6432131674231547,-36.85339982058838,0.14401417657029514,0.09157844079801802
11.68,-0.2919854765669537,1.0253330071016737,-0.3282584150901226,1.06220618188591,0.0517238541465583,-0.20060906401911716,-11.494052700365152,0.1397365490247937,0.1584871156637413
11.7,-0.2947680870439524,1.0256494298452223,-0.3282584150901226,1.06220618188591,0.04957820279522466,-0.20840624185100598,-11.940798082245347,0.14013576505877978,0.15219584488163074
11.72,-0.29755709472231406,1.0259580535255877,-0.3282584150901226,1.06220618188591,0.047502609212055145,-0.21640653732039627,-12.399181247499046,0.14034776690166062,0.14798554994255309
11.74,-0.300352940579993,1.0262591608283216,-0.3282584150901226,1.06220618188591,0.04550718438389926,-0.22462880555942855,-12.870282515620058,0.14064535968190128,0.14290618682882839
11.76,-0.303155087372846,1.0265529299249385,-0.3282584150901226,1.06220618188591,0.04360425940058506,-0.23310579361304828,-13.355978154075288,0.14093269586539225,0.1381669642644412
11.78,-0.3059638754817512,1.0268396367264878,-0.3282584150901226,1.06220618188591,0.04180716461161528,-0.24185916281560527,-13.857509265901598,0.1412109254836036,0.13371987726495949
11.8,-0.30877852315528964,1.0271194100072092,-0.3282584150901226,1.06220618188591,0.04013163030155599,-0.2509294595424447,-14.377198987280824,0.14147969936504357,0.1295841242615614
11.82,-0.311599104002992,1.0273924588606194,-0.3282584150901226,1.06220618188591,0.038594403179469564,-0.2603475941469542,-14.916818351005329,0.14174052191531228,0.12569561049557976
11.84,-0.31442592653655543,1.0276590208845122,-0.3282584150901226,1.06220618188591,0.03721349315558905,-0.2701452054227485,-15.47818012641813,0.14199346854253392,0.1220540855062513
11.86,-0.3172582767146071,1.027919207474503,-0.3282584150901226,1.06220618188591,0.03600832762804985,-0.2803704669393019,-16.06404445573418,0.1422383050190934,0.11867332960574517
11.88,-0.32009622144412014,1.0281731981241657,-0.3282584150901226,1.06220618188591,0.03499807693062574,-0.2910657375734558,-16.676838323821404,0.14247632783003228,0.11549824108877949
11.9,-0.32293889468109443,1.0284210551059605,-0.3282584150901226,1.06220618188591,0.034201346302731056,-0.30228781746103905,-17.31981613873857,0.14270764182147122,0.11252696745289725
11.92,-0.32578685704960003,1.0286629802795861,-0.3282584150901226,1.06220618188591,0.03363413404787116,-0.3140834967322661,-17.99565877746983,0.14293358713879378,0.10970176243657592
11.94,-0.32863929733406366,1.028899031062812,-0.3282584150901226,1.06220618188591,0.03330932853175438,-0.3265191619937622,-18.708169912391007,0.14315355570478916,0.10705239676958578
11.96,-0.3314967555352876,1.0291293879113448,-0.3282584150901226,1.06220618188591,0.033234938671142925,-0.3396554889543624,-19.460826005537314,0.14336872024043323,0.10452837376995205
11.98,-0.33435846730427254,1.0293541037371685,-0.3282584150901226,1.06220618188591,0.03341361512477181,-0.35357220226959685,-20.258194943193764,0.14357853419821875,0.10215649066114274
12.0,-0.3372251582915589,1.0295733615391223,-0.3282584150901226,1.06220618188591,0.033842332180661454,-0.3683464773144518,-21.10469854862941,0.14378403312093058,0.09989217344588686
12.02,-0.34009629171205785,1.0297872331835722,-0.3282584150901226,1.06220618188591,0.034512657937066725,-0.38407555862527826,-22.005908523357867,0.14398449676328307,0.09776994129198635
12.04,-0.3429721515614344,1.0299958544958627,-0.3282584150901226,1.06220618188591,0.0354118515686662,-0.4008632925996771,-22.967774827679307,0.14418067331587459,0.0957581179203415
12.06,-0.3458518497355887,1.0301992500262156,-0.3282584150901226,1.06220618188591,0.03652359004390742,-0.41883370619342264,-23.997403682705446,0.14437239073445962,0.09386646294490264
12.08,-0.34873568953967754,1.0303975346921734,-0.3282584150901226,1.06220618188591,0.03782999874673546,-0.4381200347926031,-25.102428913740944,0.1445606911571029,0.09204959390093914
12.1,-0.35162376669714096,1.03059080891653,-0.3282584150901226,1.06220618188591,0.03931248483258974,-0.45887559225245544,-26.291634757631755,0.14474533540591583,0.09031988583957373
12.12,-0.3545158051835809,1.0307791394082215,-0.3282584150901226,1.06220618188591,0.04095252780249936,-0.48127629805960126,-27.575100658495405,0.14492632111939852,0.08867908014742465
12.14,-0.35741154698766076,1.0309625863622294,-0.3282584150901226,1.06220618188591,0.04273250941242064,-0.5055217244005399,-28.964261260326502,0.145104007441188,0.08711246517772997
12.16,-0.3603109242470216,1.0311412193910219,-0.3282584150901226,1.06220618188591,0.044636254749496014,-0.5318384845153502,-30.472100545363354,0.14527870235617746,0.08560745629784816
12.18,-0.3632142145872058,1.0313151331190389,-0.3282584150901226,1.06220618188591,0.04664938169362482,-0.5604849043782694,-32.11341950166835,0.14545051927237207,0.08416018568435657
12.2,-0.366121002211341,1.0314843712891737,-0.3282584150901226,1.06220618188591,0.04875864179664561,-0.5917545095099483,-33.90503590275418,0.14561927382497064,0.08278033868824863
12.22,-0.36896510352426765,1.0316439584604014,-0.40782860904200546,1.0631303297800458,0.05001763329072827,-0.17988857419890492,-10.306856084223206,0.14209066107188084,0.13801599085691563
12.24,-0.3718066467367145,1.0317956140342164,-0.40782860904200546,1.0631303297800458,0.047743545942836474,-0.18689860884537834,-10.708501483706614,0.14231921218041954,0.13418454120145418
12.26,-0.3746536866821824,1.031939982729017,-0.40782860904200546,1.0631303297800458,0.045534747421545146,-0.19410231131620662,-11.121243232153038,0.1425888687075605,0.12958717755931493
12.28,-0.37750607625928045,1.032077276084445,-0.40782860904200546,1.0631303297800458,0.04340216743644611,-0.20152179252807434,-11.546348191769669,0.14284988200881088,0.1252674083368488
12.3,-0.38036439247106624,1.032207754497789,-0.40782860904200546,1.0631303297800458,0.041358056699297346,-0.2091716962527399,-11.984655388874414,0.1431025767108629,0.1212137121628376
12.32,-0.38322790884972774,1.0323315898297,-0.40782860904200546,1.0631303297800458,0.039417722314707096,-0.21708865844676906,-12.438263909156916,0.1433462202446334,0.11746219665792479
12.34,-0.38609644522090564,1.0324489619479111,-0.40782860904200546,1.0631303297800458,0.03759831480795211,-0.22530321529332165,-12.908923347034674,0.1435822700931677,0.11395092407467944
12.36,-0.3889696075975348,1.032560023192882,-0.40782860904200546,1.0631303297800458,0.035919431792773966,-0.23385110712992851,-13.398681473006578,0.14381122532365342,0.110660490335035
12.38,-0.39184770408697506,1.0326649573440096,-0.40782860904200546,1.0631303297800458,0.03440244527425499,-0.24276223765840446,-13.909251642978433,0.14403386247826555,0.10755881833593439
12.4,-0.39473014017152047,1.0327638927203255,-0.40782860904200546,1.0631303297800458,0.0330709901039116,-0.2520811460378023,-14.443185762787026,0.14424991061722237,0.1046606914058279
12.42,-0.3976172153810239,1.0328569913656975,-0.40782860904200546,1.0631303297800458,0.031949140508771,-0.261845913089533,-15.002665702779598,0.14446039125096677,0.10192285390550615
12.44,-0.40050858173621484,1.0329443805714837,-0.40782860904200546,1.0631303297800458,0.031060816624477395,-0.27210659542512783,-15.590559495533618,0.14466505831046694,0.09935872972224868
12.46,-0.4034043175911819,1.0330261978159747,-0.40782860904200546,1.0631303297800458,0.030427505914090953,-0.28291410438121556,-16.209784145767284,0.14486454500725054,0.09694225916664911
12.48,-0.40630371321384806,1.0331025339952278,-0.40782860904200546,1.0631303297800458,0.030066490100799422,-0.294332724885082,-16.864022908500377,0.14505891281980654,0.09467290769685222
12.5,-0.4092074477933699,1.033173531366796,-0.40782860904200546,1.0631303297800458,0.029988513925740833,-0.3064212539090523,-17.556644602095275,0.14524916637704832,0.0925075283954302
12.52,-0.41211465476382064,1.0332392687995982,-0.40782860904200546,1.0631303297800458,0.030196783180768325,-0.3192599285604736,-18.29224647416331,0.14543461450992057,0.09047911468343384
12.54,-0.41502598781822414,1.0332998724120452,-0.40782860904200546,1.0631303297800458,0.030686453819763287,-0.3329264807124668,-19.07528223296795,0.14561638410510724,0.08853884037374193
12.56,-0.4179408027636308,1.0333554226876145,-0.40782860904200546,1.0631303297800458,0.03144521512450819,-0.34751942120215285,-19.911396133712536,0.14579384984101385,0.08671659024100942
12.58,-0.420859198598133,1.0334060135693057,-0.40782860904200546,1.0631303297800458,0.032455064910986195,-0.3631448748821611,-20.806668682554168,0.14596782969676925,0.08497725538805789
12.6,-0.4237810953028494,1.0334517316923235,-0.40782860904200546,1.0631303297800458,0.03369422802728934,-0.3799253974866894,-21.76812180581752,0.14613830600844757,0.08332316288911512
12.62,-0.42670641622447775,1.0334926596026475,-0.40782860904200546,1.0631303297800458,0.035139196028976694,-0.39800133983860647,-22.803797013304145,0.14630544856223393,0.0817481617672311
12.64,-0.42963508842995934,1.0335288760525945,-0.40782860904200546,1.0631303297800458,0.03676640594449915,-0.41753391508445015,-23.92293113791269,0.14646941738628572,0.08024646941981461
12.66,-0.4325670424410071,1.0335604562725984,-0.40782860904200546,1.0631303297800458,0.03855343702295919,-0.43870884384089326,-25.136165187147085,0.1466303608331332,0.07881275833565571
12.68,-0.4355025280115371,1.0335874825711826,-0.40782860904200546,1.0631303297800458,0.04047994086382096,-0.46174018762476216,-26.455763982477634,0.14678841646301732,0.07744212094581981
12.7,-0.43844100004699493,1.0336100155483268,-0.40782860904200546,1.0631303297800458,0.0425272552063003,-0.486877284319152,-27.896013532278428,0.14694343776872065,0.07614251339924105
12.72,-0.4413824060892415,1.0336281176480768,-0.40782860904200546,1.0631303297800458,0.044679277265493075,-0.5144073429376395,-29.473369700865515,0.14709598271300806,0.07488992088966473
12.74,-0.44432684608573736,1.0336418530008662,-0.40782860904200546,1.0631303297800458,0.04692218633073975,-0.5446634932286525,-31.20691941685408,0.14724613833623224,0.07368145508723778
12.76,-0.44727426484202315,1.0336512827203481,-0.48734233362456486,1.059931571510725,0.04791767643436082,-0.15977893734006132,-9.15465876467075,0.1473938637863048,0.07252001358842852
12.78,-0.4501737217194763,1.0336553962530866,-0.48734233362456486,1.059931571510725,0.0455186016604335,-0.16594440173027447,-9.507913852968162,0.14454581498025698,0.11858337742212677
12.8,-0.453068433060668,1.03365273014596,-0.48734233362456486,1.059931571510725,0.04318886156566727,-0.1724364252862787,-9.879879403226719,0.1447691627186276,0.11518170194110833
12.82,-0.455967734418372,1.0336434594216295,-0.48734233362456486,1.059931571510725,0.04093202062637614,-0.17912974073484314,-10.263378129379173,0.1450005466257509,0.11132491575041592
12.84,-0.45887150718519787,1.0336277823621036,-0.48734233362456486,1.059931571510725,0.03876180183783626,-0.18604704127384356,-10.659710255887466,0.14522435349366702,0.10771168692691457
12.86,-0.4617798084838065,1.0336058928866012,-0.48734233362456486,1.059931571510725,0.03669446888282411,-0.19321202934936846,-11.070233832876605,0.1454408608367319,0.10433234319720541
12.88,-0.46469225946054393,1.0335779677980084,-0.48734233362456486,1.059931571510725,0.03474965162821861,-0.20065715382747684,-11.496808043421757,0.14565020139236662,0.10118382021612193
12.9,-0.4676081119414662,1.0335441558197915,-0.48734233362456486,1.059931571510725,0.03295049638903487,-0.20842169015917755,-11.941683205104196,0.145853198737933,0.09823206707379462
12.92,-0.47052847071548887,1.0335046147298266,-0.48734233362456486,1.059931571510725,0.031322356722071065,-0.21652384513272274,-12.405902490049264,0.14605113874900377,0.09542196089520893
12.94,-0.47345259040008025,1.0334595018386519,-0.48734233362456486,1.059931571510725,0.0298947393292734,-0.22500967710796996,-12.892104847888094,0.14624254469247644,0.09282178942318642
12.96,-0.4763801692594912,1.0334089501319088,-0.48734233362456486,1.059931571510725,0.02869875419545113,-0.23392307234786294,-13.40280477626596,0.14642870830291477,0.09037634240025016
12.98,-0.47931129598227795,1.0333530847505714,-0.48734233362456486,1.059931571510725,0.02776532953291721,-0.24330807602870966,-13.940525877893219,0.1466101946245968,0.08806244228096172
13.0,-0.4822460472291551,1.033292029875748,-0.48734233362456486,1.059931571510725,0.027122634708776155,-0.25321473268697076,-14.508135493496756,0.14678701368031621,0.08588160007039214
13.02,-0.48518414272819166,1.03322590462564,-0.48734233362456486,1.059931571510725,0.02679273094931364,-0.26370317419114664,-15.10907892535588,0.14695921304923587,0.08383366886743904
13.04,-0.4881253249900249,1.033154816270386,-0.48734233362456486,1.059931571510725,0.02678820069880392,-0.2748403271342268,-15.747190784786076,0.14712728997351432,0.08189828892654627
13.06,-0.49106984985056656,1.0330788638290183,-0.48734233362456486,1.059931571510725,0.02711018788305043,-0.2866973270260263,-16.42654683627326,0.147291667165661,0.0800582156386398
13.08,-0.49401714563241655,1.0329981495019045,-0.48734233362456486,1.059931571510725,0.02774819519257737,-0.2993623374047305,-17.152198478462395,0.1474521516119376,0.07832372954541533
13.1,-0.4969677850949577,1.032912755703132,-0.48734233362456486,1.059931571510725,0.02868214991337864,-0.3129267906173346,-17.92938439894728,0.1476094928657301,0.07666277420645407
13.12,-0.4999210629685654,1.032822782321509,-0.48734233362456486,1.059931571510725,0.02988496082003403,-0.32750552262022237,-18.764684213365054,0.1477631506054511,0.07510104241964521
13.14,-0.502877380410618,1.0327283018546516,-0.48734233362456486,1.059931571510725,0.03132659506914055,-0.3432228486990001,-19.665220662909924,0.1479139773831517,0.07360173583423335
13.16,-0.505836517494714,1.0326294000755403,-0.48734233362456486,1.059931571510725,0.03297640674935792,-0.3602271406729341,-20.63949482662452,0.14806163064700062,0.07218152181270865
13.18,-0.508798412315071,1.0325261533249306,-0.48734233362456486,1.059931571510725,0.034805463058425995,-0.37868977653666325,-21.697325940303074,0.14820641975490378,0.07082784596268432
13.2,-0.5117630064337767,1.0324186344685617,-0.48734233362456486,1.059931571510725,0.036787646909534906,-0.3988107958337006,-22.8501754255246,0.14834848154970937,0.06953579236537721
13.22,-0.5147302441408953,1.0323069131684004,-0.48734233362456486,1.059931571510725,0.038900120706505316,-0.4208246530996214,-24.111476537665265,0.1484879407511186,0.0683009267572754
13.24,-0.5177002092405897,1.0321910539114185,-0.48734233362456486,1.059931571510725,0.041123435272305046,-0.44500701444429525,-25.497023781375383,0.14862491306447678,0.06711916444815391
13.26,-0.5206727095227327,1.0320711260725726,-0.48734233362456486,1.059931571510725,0.04344097578928715,-0.47168373949727216,-27.025487538141867,0.1487593877460336,0.06599208868002249
13.28,-0.5236476964349872,1.0319471905768083,-0.48734233362456486,1.059931571510725,0.04583890209255622,-0.5012397987039761,-28.71892498972478,0.14889159733869617,0.06491028905167284
13.3,-0.5265857274681061,1.031820192682785,-0.5666360768536988,1.0531898385477276,0.04539484827930484,-0.14193168620310306,-8.13208659861298,0.14683287738916917,0.09780538502146552
13.32,-0.5295224152838018,1.0316875554094083,-0.5666360768536988,1.0531898385477276,0.04289256410247932,-0.14743023272643388,-8.44713010785617,0.14702190913487012,0.09500884283725197
13.34,-0.5324630409183924,1.0315492085610138,-0.5666360768536988,1.0531898385477276,0.040448896786656606,-0.15310100845441024,-8.772041623634442,0.14721304543781066,0.09203844548499873
13.36,-0.5354071120361285,1.0314053329450552,-0.5666360768536988,1.0531898385477276,0.03807640907346582,-0.15896979477195775,-9.108298310494037,0.14739771640860377,0.08927682394729852
13.38,-0.5383545133273938,1.0312560800652286,-0.5666360768536988,1.0531898385477276,0.03579017458271222,-0.16505927557458502,-9.457199859910519,0.14757682238117908,0.08668625554042464
13.4,-0.5413049639317052,1.0311015950717763,-0.5666360768536988,1.0531898385477276,0.033608864630030155,-0.17139623519277714,-9.82028090097776,0.1477507130058897,0.08425337996206816
13.42,-0.5442587156703067,1.0309419995182363,-0.5666360768536988,1.0531898385477276,0.031554914593675265,-0.1780029451371539,-10.198817497257659,0.14791994962866095,0.08195523203441413
13.44,-0.5472153323008507,1.0307774337286453,-0.5666360768536988,1.0531898385477276,0.029656048434702195,-0.18491311126164095,-10.59474085192504,0.14808431972357372,0.07980325141404565
13.46,-0.5501747367905089,1.030608011516262,-0.5666360768536988,1.0531898385477276,0.027944849771559272,-0.19215890138576366,-11.009894045274844,0.1482445718208658,0.07776598504163901
13.48,-0.5531363880934939,1.0304338569065459,-0.5666360768536988,1.0531898385477276,0.026458954950568322,-0.19978097173971346,-11.446606507707953,0.1484009186977997,0.0758356365125612
13.5,-0.556101468955677,1.0302550138720656,-0.5666360768536988,1.0531898385477276,0.025238544856398044,-0.207806083497202,-11.906411541532862,0.14855413425002295,0.07397923138710572
13.52,-0.55906882428447,1.0300716461245036,-0.5666360768536988,1.0531898385477276,0.024325174868101367,-0.21629041325992684,-12.392527828934226,0.1487028352751607,0.0722599230236487
13.54,-0.5620394245719131,1.0298837974491786,-0.5666360768536988,1.0531898385477276,0.023755015552234495,-0.22527500503581901,-12.907307018340797,0.14884855863737112,0.07061089480148164
13.56,-0.5650125991006865,1.0296916019887843,-0.5666360768536988,1.0531898385477276,0.023554252299629198,-0.2348232870360516,-13.454383278554856,0.14899027513557428,0.06907949985646145
13.58,-0.5679882828797259,1.0294951459460249,-0.5666360768536988,1.0531898385477276,0.02373324500834245,-0.2450007434187429,-14.037508575461548,0.1491288935538737,0.06762679684690909
13.6,-0.5709665522138452,1.0292945056140619,-0.5666360768536988,1.0531898385477276,0.024284562027254396,-0.2558811050582632,-14.660907376982104,0.14926458295841938,0.06624655649170585
13.62,-0.5739472102132431,1.0290897682111493,-0.5666360768536988,1.0531898385477276,0.025184639390490905,-0.2675513079094023,-15.329560746413913,0.14939735211975114,0.06493966520179639
13.64,-0.576929943482961,1.0288810190665254,-0.5666360768536988,1.0531898385477276,0.02639853016269496,-0.28011189974341577,-16.04922964668937,0.14952749282899358,0.0636943039458715
13.66,-0.5799150979804695,1.0286683033246302,-0.5666360768536988,1.0531898385477276,0.02788616308822047,-0.293675103665793,-16.82634398811687,0.14965537958158137,0.062494789137002016
13.68,-0.5829024940221905,1.0284516985571446,-0.5666360768536988,1.0531898385477276,0.02960695691375741,-0.308375604750432,-17.668620656994175,0.1497807290145925,0.061354821869197274
13.7,-0.5858920849500444,1.028231269424064,-0.5666360768536988,1.0531898385477276,0.031523388468044186,-0.3243703272811838,-18.58505075248906,0.1499037806486525,0.06026474992398834
13.72,-0.5888839473320492,1.0280070715669642,-0.5666360768536988,1.0531898385477276,0.033602670929985354,-0.34184378843111873,-19.58620632986614,0.15002463717022074,0.05922096126320664
13.74,-0.5918779144584653,1.027779173631598,-0.5666360768536988,1.0531898385477276,0.035816926964009996,-0.3610157115915984,-20.68467661211074,0.1501432878506237,0.05822490159942961
13.76,-0.5948738294793418,1.0275476386426259,-0.5666360768536988,1.0531898385477276,0.03814306082789119,-0.38214740122305485,-21.895433241973556,0.15025993686593742,0.05726835254973861
13.78,-0.5978717737684378,1.0273125117575597,-0.5666360768536988,1.0531898385477276,0.040562356977308194,-0.4055512649205888,-23.23637585614169,0.15037476053574306,0.056344243844763664
13.8,-0.600871710435937,1.0270738457089645,-0.5666360768536988,1.0531898385477276,0.04305953655964732,-0.43160394339603975,-24.729084377796358,0.15048772625613216,0.055454830694828816
13.82,-0.6038736036902692,1.0268316913494726,-0.6456252093954952,1.0434943600952424,0.04495376634605727,-0.11928028791519843,-6.834257076646187,0.1505989027417387,0.054597823072877194
13.84,-0.6068541386257914,1.0265875344838848,-0.6456252093954952,1.0434943600952424,0.04229700557819944,-0.12377137878948498,-7.091577629152526,0.1493365938881941,0.0754132898959925
13.86,-0.6098329817525465,1.0263390440520523,-0.6456252093954952,1.0434943600952424,0.03969116309944057,-0.1284884422797108,-7.361845458837714,0.149481175824695,0.07356744350872635
13.88,-0.6128143935855173,1.026085964694288,-0.6456252093954952,1.0434943600952424,0.03714299213246384,-0.13337952957167357,-7.6420841178972525,0.14962886446575618,0.07152261689721828
13.9,-0.615798318406561,1.025828412881096,-0.6456252093954952,1.0434943600952424,0.03466596482198029,-0.1384626301395875,-7.933324327279273,0.14977252314789524,0.06959471627210334
13.92,-0.6187842626587221,1.0255665244943388,-0.6456252093954952,1.0434943600952424,0.03227760386180045,-0.1437634966790358,-8.237041607751777,0.1499122909509043,0.06777916124481309
13.94,-0.6217731377566503,1.0253003334037527,-0.6456252093954952,1.0434943600952424,0.02999906546403116,-0.14929305179845123,-8.55386177867924,0.1500489386067061,0.06604325365561214
13.96,-0.6247643084390725,1.0250299938455774,-0.6456252093954952,1.0434943600952424,0.027858751043710616,-0.15508346509390705,-8.885628022145298,0.15018137229577677,0.06443701173072802
13.98,-0.6277575821189866,1.0247556072733375,-0.6456252093954952,1.0434943600952424,0.02589194781805117,-0.16116399711594756,-9.234016844202367,0.15031056756787953,0.06291879332279149
14.0,-0.6307530346583072,1.0244772499444654,-0.6456252093954952,1.0434943600952424,0.024141915000683706,-0.16756416580519073,-9.600719498267777,0.1504368606173867,0.06147499064287909
14.02,-0.6337507340683646,1.024194998486416,-0.6456252093954952,1.0434943600952424,0.022659843838889873,-0.17431755375409733,-9.987660125154637,0.15056024374191512,0.06010718362453593
14.04,-0.6367503793325948,1.0239089532043746,-0.6456252093954952,1.0434943600952424,0.021502343400806662,-0.18146571993735994,-10.397219878713722,0.15068073167067153,0.05881597079607226
14.06,-0.6397519276055864,1.023619186141828,-0.6456252093954952,1.0434943600952424,0.020724815527819712,-0.18905271879226973,-10.831922892270642,0.1507987509763442,0.05758356606988535
14.08,-0.6427555692792317,1.023325749499709,-0.6456252093954952,1.0434943600952424,0.020371737475019944,-0.19712677961539374,-11.29453250096757,0.15091441107064618,0.05640614552493428
14.1,-0.6457611401151269,1.0230287246584109,-0.6456252093954952,1.0434943600952424,0.020466086851028336,-0.20574645994197405,-11.78840380443257,0.1510275765878477,0.0552907666720448
14.12,-0.6487685969398101,1.0227281774715584,-0.6456252093954952,1.0434943600952424,0.021002743297339768,-0.21497780681745507,-12.31732101961891,0.15113849273504787,0.05422756667955442
14.14,-0.6517778990565327,1.0224241707504302,-0.6456252093954952,1.0434943600952424,0.02195013596976738,-0.2248970504963579,-12.885651818381863,0.15124726682852474,0.05321272901495644
14.16,-0.6547891141214145,1.0221167562812679,-0.6456252093954952,1.0434943600952424,0.023258957299350007,-0.23559203163811507,-13.498429099776557,0.15135399673792405,0.052242810218566804
14.18,-0.6578019908786399,1.021806010988701,-0.6456252093954952,1.0434943600952424,0.024872846524985243,-0.2471674264381625,-14.161650368016954,0.15145867633955534,0.051318976508757386
14.2,-0.660816601552662,1.0214919784388063,-0.6456252093954952,1.0434943600952424,0.02673729968093832,-0.2597438810148509,-14.882228136499187,0.15156159144514847,0.05042933849550013
14.22,-0.6638330134270749,1.0211747031246547,-0.6456252093954952,1.0434943600952424,0.02880436104025074,-0.2734643454226495,-15.668352840025511,0.1516627170135787,0.04957577911149369
14.24,-0.6668509912575283,1.0208542550051567,-0.6456252093954952,1.0434943600952424,0.031033984180970742,-0.2885003646065478,-16.529853279940625,0.15176203928386478,0.04875969282946979
14.26,-0.6698707031776131,1.0205306634406617,-0.6456252093954952,1.0434943600952424,0.0333942410122213,-0.30505546835572983,-17.47839085416996,0.15185980349561312,0.04797088790642334
14.28,-0.6728919236269372,1.0202039944464356,-0.6456252093954952,1.0434943600952424,0.03585965472553023,-0.3233767708953457,-18.528124164872267,0.15195590303259676,0.04721481142125339
14.3,-0.6759147222192736,1.0198742824040206,-0.6456252093954952,1.0434943600952424,0.038410449844296236,-0.34376341890726736,-19.696193054374145,0.1520505594783672,0.04648226274370226
14.32,-0.6789390715373496,1.0195415710411677,-0.6456252093954952,1.0434943600952424,0.04103107985753581,-0.36658211966499654,-21.003608301764,0.15214374376847362,0.045775163507316696
14.34,-0.6819649448953299,1.0192059026486155,-0.6456252093954952,1.0434943600952424,0.0437093301405381,-0.39228535164655765,-22.476295014153134,0.15223550622528448,0.045091893817322815
14.36,-0.6849840115149394,1.0188680974520092,-0.7242904644482531,1.0314388285323794,0.04126766921082157,-0.10172458063512524,-5.8283891431309,0.1517819370387974,0.052996189075227296
14.38,-0.6880022942752231,1.0185271787720747,-0.7242904644482531,1.0314388285323794,0.038516775488604466,-0.10547042536784845,-6.043010237027249,0.15188397727147196,0.052016163847451447
14.4,-0.6910218751534397,1.0181829480231779,-0.7242904644482531,1.0314388285323794,0.0358122521176929,-0.10937453551155894,-6.266699271016074,0.1519882056045474,0.050896847738762796
14.42,-0.6940435603550972,1.017835385128613,-0.7242904644482531,1.0314388285323794,0.03316517570675672,-0.1134431932740605,-6.499816189090554,0.15209067089005934,0.049811390455123394
14.44,-0.6970668893555804,1.017484605838171,-0.7242904644482531,1.0314388285323794,0.03059155719844858,-0.11769765979075178,-6.743579164576689,0.15219051076252876,0.04879882100336519
14.46,-0.700091629235053,1.017130689251972,-0.7242904644482531,1.0314388285323794,0.028112390068138118,-0.12215840675852643,-6.999161139305956,0.15228831091843587,0.04783426419921466
14.48,-0.703117945923708,1.0167736700280345,-0.7242904644482531,1.0314388285323794,0.02575543466202353,-0.12684428258687966,-7.267642047592965,0.1523843652697643,0.04690553039421452
14.5,-0.7061459937743462,1.0164135870574587,-0.7242904644482531,1.0314388285323794,0.023558007076489883,-0.13177693406975902,-7.550262159370899,0.15247854782411974,0.0460189699827418
14.52,-0.7091753628315047,1.0160505352459364,-0.7242904644482531,1.0314388285323794,0.021570022418954917,-0.13698567273115828,-7.8487009012556985,0.15257076307617634,0.04517964347167114
14.54,-0.7122063918299871,1.0156845252799882,-0.7242904644482531,1.0314388285323794,0.01985504676428212,-0.1424969200030264,-8.16447210978673,0.15266145809399445,0.04436851682679266
14.56,-0.715238777160291,1.015315637995535,-0.7242904644482531,1.0314388285323794,0.018490276251220326,-0.14834618018712778,-8.499610031609654,0.1527503573532596,0.0435985081019552
14.58,-0.7182725815730169,1.014943909251062,-0.7242904644482531,1.0314388285323794,0.017558396179527376,-0.15457067307916564,-8.856247203932604,0.15283778537210635,0.04285595378364371
14.6,-0.7213078638540112,1.0145693758145151,-0.7242904644482531,1.0314388285323794,0.017131092822847933,-0.16121320897678726,-9.236836476130467,0.15292372004617194,0.04214247301390084
14.62,-0.7243443420933342,1.0141921094857818,-0.7242904644482531,1.0314388285323794,0.017246803201547672,-0.1683253697473648,-9.644333271503072,0.15300814768836046,0.04145932311919176
14.64,-0.7273823293887928,1.0138121132666411,-0.7242904644482531,1.0314388285323794,0.017895829678166685,-0.17596262989255987,-10.081916044866219,0.15309133959460208,0.04079507150284156
14.66,-0.7304216321484033,1.0134294493444205,-0.7242904644482531,1.0314388285323794,0.019024430506668393,-0.18419311784062423,-10.553488267623596,0.1531730625880856,0.04016063592210406
14.68,-0.7334621471652798,1.0130441651030562,-0.7242904644482531,1.0314388285323794,0.02055440114768343,-0.19309560003053886,-11.063562924296086,0.15325351074489957,0.03954801018293819
14.7,-0.7365038556033464,1.0126562962153984,-0.7242904644482531,1.0314388285323794,0.02240425057317804,-0.20276212952818298,-11.617414267049812,0.15333279055507187,0.03895299648420947
14.72,-0.7395468946756746,1.0122658603623684,-0.7242904644482531,1.0314388285323794,0.024502272787079088,-0.21330105555621806,-12.221250249056792,0.1534109345534329,0.03837464425282544
14.74,-0.7425911641586792,1.0118729035534446,-0.7242904644482531,1.0314388285323794,0.026790689244073164,-0.22484296669830542,-12.882553045013418,0.15348785734784487,0.03781724324233848
14.76,-0.7456365684552029,1.0114774685835086,-0.7242904644482531,1.0314388285323794,0.029225195419088353,-0.23754456869314325,-13.610301232372574,0.1535636590546119,0.03727685878918141
14.78,-0.7486832395644596,1.0110795703418476,-0.7242904644482531,1.0314388285323794,0.03177273787287716,-0.2515948444714111,-14.41532273546221,0.15363842892625046,0.036749993099632894
14.8,-0.7517310827457807,1.0106792514774254,-0.7242904644482531,1.0314388285323794,0.03440853923158003,-0.267225697054988,-15.310904618692325,0.15371208697210204,0.03624065038537738
14.82,-0.7547801517722469,1.0102765353703176,-0.7242904644482531,1.0314388285323794,0.0371141978896481,-0.2847227156790136,-16.31340993991079,0.15378472107355767,0.035745391336466925
14.84,-0.7578302128072223,1.009871478823014,-0.7242904644482531,1.0314388285323794,0.039875622797255976,-0.3044420789502065,-17.44324623003543,0.15385631091019425,0.03526556111979606
14.86,-0.7608814642639464,1.0094640839518314,-0.80267414123882,1.017664335928323,0.042589575968822235,-0.07772560435503184,-4.453349089646975,0.15392703396469587,0.03479369236322749
14.88,-0.7639391802495079,1.0090537828139594,-0.80267414123882,1.017664335928323,0.03968045901673524,-0.08038223199950423,-4.605562641413025,0.15431413802524663,0.02930924254601619
14.9,-0.7669987617586883,1.0086414059900068,-0.80267414123882,1.017664335928323,0.03679872233818944,-0.08314721686619375,-4.763984604691877,0.1543744018461357,0.029100698958339777
14.92,-0.7700593239101136,1.0082270862640632,-0.80267414123882,1.017664335928323,0.03395273171057759,-0.08604696759669883,-4.930128083189795,0.1544326866616097,0.028953727266162188
14.94,-0.773120795538997,1.0078108413929292,-0.80267414123882,1.017664335928323,0.031152714113095815,-0.08909344432836531,-5.104678342299094,0.1544906382075273,0.028797140181197056
14.96,-0.776183170565458,1.0073926808529114,-0.80267414123882,1.017664335928323,0.028412645515776082,-0.0922995937626836,-5.288377173373788,0.15454827946224103,0.028630018053810158
14.98,-0.779246442731912,1.0069726148014282,-0.80267414123882,1.017664335928323,0.0257520864783005,-0.09567996236818832,-5.482058027667732,0.15460558963691362,0.028453378210224756
15.0,-0.7823105489975215,1.0065506613249044,-0.80267414123882,1.017664335928323,0.023198914891876796,-0.09925108100172553,-5.68666805350994,0.1546625493852427,0.028268184226326598
15.02,-0.7853756519276381,1.0061268093945306,-0.80267414123882,1.017664335928323,0.020793081805423587,-0.10303107520465192,-5.90324576792154,0.15471915983141793,0.02807448042083105
15.04,-0.7884416309761778,1.0057010867123592,-0.80267414123882,1.017664335928323,0.018592570564057925,-0.10704127377489092,-6.133013221005632,0.15477534753288724,0.027875704703833604
15.06,-0.7915084788230262,1.0052735056097513,-0.80267414123882,1.017664335928323,0.016679469211192163,-0.11130563547995644,-6.377343149023097,0.15483113869735332,0.02767080413038081
15.08,-0.7945761331303951,1.0048440859257102,-0.80267414123882,1.017664335928323,0.015163658709348831,-0.11585168835724156,-6.637812792334839,0.15488652128586855,0.02746045409354747
15.1,-0.7976445874223967,1.0044128400502295,-0.80267414123882,1.017664335928323,0.01417386872379694,-0.12071085901558165,-6.916222762991532,0.15494150529929973,0.027244342056947923
15.12,-0.8007139975173968,1.003979759559624,-0.80267414123882,1.017664335928323,0.013824246590660567,-0.1259189603771249,-7.214624990284298,0.1549960804283046,0.02702307168200857
15.14,-0.8037841923106361,1.0035448808297482,-0.80267414123882,1.017664335928323,0.014163023182312124,-0.13151847753648704,-7.535453690826832,0.15505017082558803,0.026800199986881656
15.16,-0.8068553246217043,1.003108196298118,-0.80267414123882,1.017664335928323,0.01514475141477507,-0.13755796173692178,-7.881490645947685,0.15510383808724493,0.02657313929552152
15.18,-0.8099271203473521,1.0026697562761577,-0.80267414123882,1.017664335928323,0.01665662405452962,-0.14409551766323617,-8.256065008856238,0.15515700707185998,0.026345419314594
15.2,-0.8129998364217207,1.002229538401846,-0.80267414123882,1.017664335928323,0.01857021689947429,-0.15119814845851323,-8.663015776865262,0.1552097889981674,0.026112242727527324
15.22,-0.8160733069589963,1.0017875794627096,-0.80267414123882,1.017664335928323,0.020775202474708813,-0.15894664338776845,-9.106971833890105,0.15526206011923227,0.02587929567324232
15.24,-0.8191475763191877,1.0013438866097704,-0.80267414123882,1.017664335928323,0.02318903036581168,-0.167437017010448,-9.593434408958842,0.1553138885947325,0.02564372692109851
15.26,-0.8222225854895958,1.00089848150377,-0.80267414123882,1.017664335928323,0.025753359920814126,-0.1767852857298016,-10.12905075233197,0.15536524671944107,0.025406945856620844
15.28,-0.8252983779383157,1.0004513716060528,-0.80267414123882,1.017664335928323,0.02842784246112532,-0.1871323074841096,-10.72189142938387,0.1554161553234512,0.025168205828735024
15.3,-0.8283749455446776,1.0000025720679253,-0.80267414123882,1.017664335928323,0.031184439142438375,-0.19865116448040812,-11.381873320086514,0.15546658723110118,0.024928894737513696
15.32,-0.8314523296007665,0.9995520914986675,-0.80267414123882,1.017664335928323,0.03400349281581621,-0.21155653000140287,-12.121296297513164,0.15551654074363874,0.024689276456602016
15.34,-0.8345304225831828,0.9990999591799383,-0.80267414123882,1.017664335928323,0.03687083868244884,-0.2261179042395514,-12.9556015852696,0.1555659911835705,0.02445064066478042
15.36,-0.8376093631429142,0.9986461699493607,-0.80267414123882,1.017664335928323,0.0397763795070852,-0.24267749344915693,-13.904396157450375,0.1556149879190838,0.02421099183733122
15.38,-0.8406889964401976,0.9981907602086609,-0.8808622608119213,1.0028157905993444,0.04043862109908243,-0.057266278316266295,-3.281116055943601,0.15566345783256663,0.02397376457477507
15.4,-0.8437873195131239,0.997731424523921,-0.8808622608119213,1.0028157905993444,0.03742194611051368,-0.05899924817894986,-3.380407915098735,0.15694330096148734,0.003952931913325797
15.42,-0.8468925243930873,0.9972707650369683,-0.8808622608119213,1.0028157905993444,0.034419330337071716,-0.06073428779633705,-3.479818362463014,0.15696121724305678,0.004473708727775749
15.44,-0.849997852368794,0.9968097872836877,-0.8808622608119213,1.0028157905993444,0.03144334244910786,-0.06258114292699046,-3.585635366821537,0.15697006050693352,0.005381415179722682
15.46,-0.8531033452565187,0.9963484259532195,-0.8808622608119213,1.0028157905993444,0.028502354258515612,-0.06455316653121379,-3.6986239964437106,0.1569803694839833,0.0062224679027445
15.48,-0.8562090138806236,0.9958866267468143,-0.8808622608119213,1.0028157905993444,0.025608512177609004,-0.066657100820116,-3.8191705515706653,0.15699256210374157,0.006978183868661114
15.5,-0.8593148695371989,0.9954243433029341,-0.8808622608119213,1.0028157905993444,0.022779893851411923,-0.06890220197543906,-3.9478053723506217,0.15700629175657843,0.007662671262093079
15.52,-0.8624209597589906,0.9949615249742054,-0.8808622608119213,1.0028157905993444,0.020044227923146973,-0.07130145837384738,-4.085272637949177,0.15702134330405348,0.00828452695902926
15.54,-0.8655272435553297,0.9944981434355865,-0.8808622608119213,1.0028157905993444,0.017445515429494546,-0.07386569849519775,-4.232192774560667,0.15703772580116793,0.008842785772372741
15.56,-0.8686338328167726,0.9940341445717119,-0.8808622608119213,1.0028157905993444,0.015054957927113916,-0.07661386682236238,-4.3896512210987275,0.15705507641745609,0.009352491917857808
15.58,-0.8717406971685046,0.9935695005217651,-0.8808622608119213,1.0028157905993444,0.01298833336112241,-0.07956195186425008,-4.558564051644542,0.1570736284892238,0.0098031924400388
15.6,-0.8748478323516045,0.99310418524724,-0.8808622608119213,1.0028157905993444,0.011423161918632404,-0.08273012251610545,-4.740086858773066,0.15709309966398521,0.010206524262978967
15.62,-0.8779552689489157,0.9926381694257634,-0.8808622608119213,1.0028157905993444,0.010584638607175265,-0.08614285476356232,-4.93562201316054,0.15711335137977844,0.010568057955129273
15.64,-0.8810630389698053,0.99217142503192,-0.8808622608119213,1.0028157905993444,0.010646258976826277,-0.08982850747674398,-5.14679435837679,0.15713434288193717,0.010889217550436037
15.66,-0.8841711544414586,0.9917039295221807,-0.8808622608119213,1.0028157905993444,0.011594060274544868,-0.09381982837137093,-5.375480200321294,0.1571560249691406,0.011171810814086802
15.68,-0.8872796040271034,0.9912356671995171,-0.8808622608119213,1.0028157905993444,0.013239393939930675,-0.09815514964133865,-5.623875811923741,0.15717831207221478,0.011419229366121941
15.7,-0.8903884179035957,0.9907666177274506,-0.8808622608119213,1.0028157905993444,0.015360020697643655,-0.10288060111957309,-5.89462423792043,0.15720110104721075,0.0116356540090512
15.72,-0.8934975581614053,0.9902967741755576,-0.8808622608119213,1.0028157905993444,0.01778697589049138,-0.1080503862200688,-6.19083110516845,0.15722435071257035,0.011822650300696846
15.74,-0.8966070062053785,0.9898261288188352,-0.8808622608119213,1.0028157905993444,0.020411475220493296,-0.11373010214204138,-6.516254856330734,0.15724795861390417,0.011984424440197872
15.76,-0.8997168124724527,0.9893546641268104,-0.8808622608119213,1.0028157905993444,0.023166701194369577,-0.11999986214411118,-6.875485643009268,0.1572718627532277,0.012123486138049255
15.78,-0.9028270050851457,0.9888823668711156,-0.8808622608119213,1.0028157905993444,0.026011349211036944,-0.1269571906348479,-7.274111202214605,0.15729605410015335,0.012240111305905632
15.8,-0.9059375642633337,0.9884092327777899,-0.8808622608119213,1.0028157905993444,0.028919193478487756,-0.13472206579427715,-7.719005777295873,0.1573204993359889,0.012335620570846917
15.82,-0.9090485173400097,0.9879352515654017,-0.8808622608119213,1.0028157905993444,0.03187311561501161,-0.14344463137631802,-8.218771971672888,0.15734514192360383,0.012412333666167452
15.84,-0.912159769102735,0.9874604334876476,-0.8808622608119213,1.0028157905993444,0.03486145460592962,-0.15331385797300381,-8.784237002721245,0.15736995124883135,0.012471493198301653
15.86,-0.9152714434875173,0.9869847557648811,-0.8808622608119213,1.0028157905993444,0.03787629227277306,-0.16457331451723192,-9.42935634231647,0.15739486465541352,0.012515694554210421
15.88,-0.9183834928973515,0.986508222848122,-0.9589687783317271,0.9875420931627763,0.04059845171453291,-0.034775108295276524,-1.992466937429724,0.15741988278410446,0.012544906177747173
15.9,-0.9215291901803174,0.9860264518699315,-0.9589687783317271,0.9875420931627763,0.03747025392862654,-0.03541437804897685,-2.0290943962871197,0.15963259688709375,-0.02243288122621978
15.92,-0.9246847309088637,0.9855445413143578,-0.9589687783317271,0.9875420931627763,0.03434219155907594,-0.035983285434887165,-2.0616903884336018,0.1596017222452839,-0.020958543578836197
15.94,-0.9278397484498285,0.9850640289708268,-0.9589687783317271,0.9875420931627763,0.03122750876274887,-0.036631829133569216,-2.098849205197887,0.1595593628565095,-0.018976316493862777
15.96,-0.9309941176143923,0.9845848059401956,-0.9589687783317271,0.9875420931627763,0.02813053838743285,-0.037370636601065765,-2.141179754958188,0.1595204191098487,-0.017121593927360568
15.98,-0.9341479031290556,0.9841067391274076,-0.9589687783317271,0.9875420931627763,0.025057483975349903,-0.038202335173401554,-2.188832572980085,0.15948543403271342,-0.015419325677251683
16.0,-0.9373011683594431,0.9836297063417032,-0.9589687783317271,0.9875420931627763,0.022017994744043513,-0.039130281397624866,-2.241999975243181,0.15945408470049438,-0.013857500059250016
16.02,-0.9404541406024749,0.9831535926556598,-0.9589687783317271,0.9875420931627763,0.01902763114385002,-0.04015009807836378,-2.3004311669265616,0.15942605733487714,-0.01242433079057248
16.04,-0.9436065725544444,0.9826783320827173,-0.9589687783317271,0.9875420931627763,0.016113768590478042,-0.04128248895962594,-2.365312385181983,0.15940020545481826,-0.011072075624396494
16.06,-0.9467586776371119,0.9822038067487225,-0.9589687783317271,0.9875420931627763,0.013326059462988859,-0.042525688129436905,-2.436542450706319,0.15937779085222203,-0.009855975509065473
16.08,-0.9499104684651113,0.9817299387349755,-0.9589687783317271,0.9875420931627763,0.01076262592178294,-0.04388946901269985,-2.5146813394979093,0.15935771407109556,-0.008730333476703045
16.1,-0.9530619797820967,0.9812566521246476,-0.9589687783317271,0.9875420931627763,0.008625371768782355,-0.045383924033352674,-2.6003073048534526,0.15933991571122075,-0.007693666984331937
16.12,-0.9562132599135313,0.9807838771272439,-0.9589687783317271,0.9875420931627763,0.007298381035266883,-0.04702007465008507,-2.6940518298399456,0.15932421737712144,-0.00673933951117478
16.14,-0.9593643057869884,0.9803115522377759,-0.9589687783317271,0.9875420931627763,0.007241350981410261,-0.04881418288410223,-2.796846659638798,0.15931035696692408,-0.005857026494082707
16.16,-0.9625151617928411,0.979839615030759,-0.9589687783317271,0.9875420931627763,0.008479681894238,-0.050782263608097455,-2.909609378864776,0.15929837821988535,-0.0050494425557490175
16.18,-0.9656658535960239,0.9793680110409155,-0.9589687783317271,0.9875420931627763,0.010567234057717242,-0.0529446264180744,-3.0335036416525045,0.159288037059524,-0.004306931828540472
16.2,-0.9688164045146955,0.978896690256876,-0.9589687783317271,0.9875420931627763,0.013104149451407934,-0.05532564137251317,-3.1699257494993796,0.15927920044243038,-0.003624504362198522
16.22,-0.9719668283611408,0.9784256061053984,-0.9589687783317271,0.9875420931627763,0.015876386264968467,-0.057955326337823194,-3.3205955994606504,0.15927174670558042,-0.002997597981779787
16.24,-0.9751171608746916,0.9779547155714265,-0.9589687783317271,0.9875420931627763,0.018779991156362003,-0.06086799339368154,-3.487479128888129,0.15926562612803563,-0.0024246924994197894
16.26,-0.978267417070629,0.9774839821493639,-0.9589687783317271,0.9875420931627763,0.021762422988554672,-0.06410727055765486,-3.673076039056907,0.159260604871303,-0.001896313212013112
16.28,-0.9814176065253013,0.9770133714875117,-0.9589687783317271,0.9875420931627763,0.024795238804653584,-0.06772739475590228,-3.8804938769296653,0.15925660089320948,-0.001409419028569614
16.3,-0.9845677413104948,0.9765428500187122,-0.9589687783317271,0.9875420931627763,0.027861985846858832,-0.07179558884142301,-4.113584228270086,0.1592535872972478,-0.0009633043721035683
16.32,-0.9877178380356761,0.9760723859984587,-0.9589687783317271,0.9875420931627763,0.0309525865849112,-0.076395816292115,-4.377157845994963,0.15925152685410948,-0.0005568058512872565
16.34,-0.9908679145941923,0.9756019523688726,-0.9589687783317271,0.9875420931627763,0.03406056159944469,-0.08163443455781749,-4.677308563099859,0.15925033194283955,-0.00018657383971110164
16.36,-0.9940179801040073,0.9751315247575586,-0.9589687783317271,0.9875420931627763,0.0371815646929308,-0.08765069320451467,-5.022014792014696,0.15924984772544004,0.00015367749989225743
16.38,-0.9971680450796878,0.9746610811677121,-1.0371231963517251,0.972516397674784,0.04001267024901265,-0.012092629641995423,-0.6928566417011334,0.15925005300484463,0.00046454609561874527
16.4,-1.0002882453478519,0.9741963876811847,-1.0371231963517251,0.972516397674784,0.03687324208527572,-0.011495596503519055,-0.6586491626369878,0.15754669893651707,-0.051025458039227756
16.42,-1.003406892123637,0.9737350870733169,-1.0371231963517251,0.972516397674784,0.03373832204854133,-0.010834291786906649,-0.620759193403002,0.15763810998902228,-0.04811937017165646
16.44,-1.0065277803548491,0.9732764514002462,-1.0371231963517251,0.972516397674784,0.03060485519794995,-0.010223695032660629,-0.5857745764003184,0.15773492994736182,-0.044939126417481434
16.46,-1.0096509741656476,0.9728202699602716,-1.0371231963517251,0.972516397674784,0.027473902711611525,-0.009667844088303568,-0.5539266632502976,0.15782576227389988,-0.04197824469753808
16.48,-1.0127761432675175,0.9723664175389691,-1.0371231963517251,0.972516397674784,0.02434751502569331,-0.009157074668387557,-0.5246617311847649,0.15791031094003483,-0.03925188573034033
16.5,-1.0159032453731178,0.9719147342525873,-1.0371231963517251,0.972516397674784,0.02122847894711503,-0.008691364830141879,-0.4979785229755673,0.15798963261964838,-0.03671663223361876
16.52,-1.0190320824140044,0.9714650995376973,-1.0371231963517251,0.972516397674784,0.01812163434353075,-0.008265492541567276,-0.4735778382286651,0.15806382646054162,-0.034370231767472115
16.54,-1.0221626875630885,0.9710173595594002,-1.0371231963517251,0.972516397674784,0.015035422790405588,-0.00788184098691369,-0.451596223343382,0.15813350548463667,-0.03218812989425057
16.56,-1.0252948754895033,0.9705714058006916,-1.0371231963517251,0.972516397674784,0.011987166796618726,-0.00753567159052837,-0.43176217793391186,0.15819853637529802,-0.03017789185030817
16.58,-1.0284285454385405,0.9701271290082635,-1.0371231963517251,0.972516397674784,0.009016959535395502,-0.007224987442477904,-0.4139612874890025,0.15825949523082805,-0.02831641724154732
16.6,-1.0315636049492523,0.9696844277249373,-1.0371231963517251,0.972516397674784,0.006239319703243684,-0.006948108396295893,-0.39809728670716554,0.15831668650789776,-0.026592156935623112
16.62,-1.0346999684744294,0.9692432078079734,-1.0371231963517251,0.972516397674784,0.0040725674026951975,-0.006703637053774969,-0.3840901105688194,0.1583703881002263,-0.02499460219934635
16.64,-1.0378376062385588,0.9688033708112611,-1.0371231963517251,0.972516397674784,0.003781130780024494,-0.006492001125348867,-0.371964265076671,0.15842085657127303,-0.02351406605732853
16.66,-1.0409763893283825,0.968364843343236,-1.0371231963517251,0.972516397674784,0.005664141548651233,-0.006310690123974005,-0.3615759099186008,0.1584681808109334,-0.022148025232149315
16.68,-1.0441161629146445,0.9679275698391162,-1.0371231963517251,0.972516397674784,0.008364145040319914,-0.006156585667493886,-0.35274637495813244,0.1585127500697059,-0.020880926824839996
16.7,-1.0472570450608993,0.967491449836053,-1.0371231963517251,0.972516397674784,0.011311277135779152,-0.0060349231749809995,-0.34577562761210207,0.15855501876276268,-0.01969424862774405
16.72,-1.050398846384323,0.9670564386569953,-1.0371231963517251,0.972516397674784,0.014354582413429831,-0.005942122656193316,-0.34045854954894333,0.1585946445959996,-0.01860374970324985
16.74,-1.0535415561182149,0.9666224706291672,-1.0371231963517251,0.972516397674784,0.017444222924537036,-0.005880120874406813,-0.3369061091302856,0.15863217924521056,-0.017586670025548923
16.76,-1.0566850548514466,0.9661895040770269,-1.0371231963517251,0.972516397674784,0.02055956931845767,-0.005848186479837203,-0.3350764031001414,0.15866765770942148,-0.016642370213315605
16.78,-1.059829439282361,0.9657574633342517,-1.0371231963517251,0.972516397674784,0.023690856072431866,-0.005852176327481916,-0.33530500453108375,0.15870141459977116,-0.01575724869945505
16.8,-1.0629745928507686,0.965326308546967,-1.0371231963517251,0.972516397674784,0.026832668197864864,-0.005892771037768085,-0.3376309101010375,0.15873319463390878,-0.014943055349214696
16.82,-1.0661204452298143,0.9648960008360984,-1.0371231963517251,0.972516397674784,0.029981842679810307,-0.0059728417074254025,-0.342218621535188,0.15876332500279755,-0.014186485167433371
16.84,-1.0692670199315157,0.964466488368619,-1.0371231963517251,0.972516397674784,0.03313648192198721,-0.006099030158054131,-0.3494486871795091,0.15879200060124887,-0.013479812657202217
16.86,-1.0724142512866244,0.9640377358871743,-1.0371231963517251,0.972516397674784,0.03629526503728482,-0.006277374075149389,-0.35966704093089846,0.15881917222828612,-0.012825777816471984
16.88,-1.0755620814819213,0.9636097122359455,-1.0371231963517251,0.972516397674784,0.039457279880382515,-0.006516522473645203,-0.3733692348420214,0.15884501999456901,-0.012217237347345034
16.9,-1.0786444972999154,0.9631926601247323,-1.1154560311004666,0.9584546757494522,0.03711519253202824,0.013213040015512156,0.7570514274263184,0.1545942128336142,-0.08030067683656439
16.92,-1.0817111878801091,0.9627825924838019,-1.1154560311004666,0.9584546757494522,0.03402124787872976,0.01514564914204808,0.8677817738252913,0.15472556290678785,-0.0768910191442651
16.94,-1.0847816284080827,0.9623767309495735,-1.1154560311004666,0.9584546757494522,0.030924124846587527,0.017051848387690693,0.9769989455116342,0.15488070880884663,-0.07237585232633403
16.96,-1.0878555658678921,0.9619748422911736,-1.1154560311004666,0.9584546757494522,0.02782404092751465,0.018940454392623263,1.085208098757334,0.15502681506418536,-0.06819280859854393
16.98,-1.0909327930974788,0.9615767067707419,-1.1154560311004666,0.9584546757494522,0.024721170681201207,0.02082137998079281,1.192977196537611,0.15516445559515812,-0.06431995851402528
17.0,-1.0940131184088684,0.9611821201697326,-1.1154560311004666,0.9584546757494522,0.021615676204209396,0.022704686272029036,1.3008826985558828,0.15529425736773295,-0.06073293427083515
17.02,-1.0970964850564697,0.960790868188593,-1.1154560311004666,0.9584546757494522,0.018507585635472334,0.024597308357780623,1.4093219562826955,0.15541679934421015,-0.057409295326771304
17.04,-1.1001824815070496,0.9604028139625225,-1.1154560311004666,0.9584546757494522,0.015397290660366063,0.026516880976232393,1.5193053657888584,0.1555322826630956,-0.05434295649864307
17.06,-1.1032711908016402,0.9600177577041997,-1.1154560311004666,0.9584546757494522,0.012284687961245228,0.02846828373490728,1.6311125079911153,0.1556418884782529,-0.05148496205059638
17.08,-1.1063623541258496,0.9596355613291151,-1.1154560311004666,0.9584546757494522,0.009170030080154375,0.030466748275315148,1.7456160916630379,0.15574543000169694,-0.04884571720958908
17.1,-1.1094558422677723,0.9592560839037972,-1.1154560311004666,0.9584546757494522,0.006053471818538599,0.032525257003678476,1.8635599538890986,0.155843649285492,-0.046395158654899404
17.12,-1.112551444249979,0.9588792116082778,-1.1154560311004666,0.9584546757494522,0.0029354480863156194,0.03466030536383524,1.9858892139824087,0.15593692971491713,-0.044118624952238505
17.14,-1.1156491505633042,0.9585048099956687,-1.1154560311004666,0.9584546757494522,0.00019952084996396272,0.03688505885256265,2.113358199343495,0.1560258499253342,-0.041992807302271284
17.16,-1.1187488583090266,0.9581327641532921,-1.1154560311004666,0.9584546757494522,0.0033085250643111416,0.039217170753162556,2.2469783686001024,0.15611047328547567,-0.04001666777969648
17.18,-1.1218504711764734,0.9577629671118986,-1.1154560311004666,0.9584546757494522,0.0064317435213873085,0.04167672887586793,2.38790066849824,0.15619109946334309,-0.03817885228490914
17.2,-1.1249538996998218,0.9573953191808141,-1.1154560311004666,0.9584546757494522,0.009556764320110343,0.04428681599618001,2.537447644653577,0.1562680085126944,-0.03646875719159892
17.22,-1.1280590607315388,0.9570297274122724,-1.1154560311004666,0.9584546757494522,0.012683328965429968,0.047074267252221975,2.697156837223222,0.15634145905611962,-0.03487661316331492
17.24,-1.1311659462290624,0.9566660928921031,-1.1154560311004666,0.9584546757494522,0.015811402910092608,0.05006915292559544,2.868751146431717,0.15641168992559518,-0.0333934195259622
17.26,-1.134274342652913,0.9563043549623808,-1.1154560311004666,0.9584546757494522,0.01894076896992952,0.05331205488795776,3.0545557422497707,0.15647877340374539,-0.03201734457919381
17.28,-1.1373842550984545,0.9559444304484062,-1.1154560311004666,0.9584546757494522,0.022071437179698006,0.056846695069966646,3.257075706776233,0.15654322091569473,-0.030727405161135035
17.3,-1.140495621626928,0.9555862486910598,-1.1154560311004666,0.9584546757494522,0.0252033523072263,0.06072822283929735,3.4794708660217113,0.1566050627079596,-0.029523372223894118
17.32,-1.1436083840082725,0.9552297436879824,-1.1154560311004666,0.9584546757494522,0.02833646345341526,0.06502481165004115,3.7256472711804642,0.15666447066251532,-0.028398841776799966
17.34,-1.1467225443395972,0.9548748443603721,-1.1154560311004666,0.9584546757494522,0.03147078078006596,0.06982086860629799,4.000441093078341,0.15672160570550098,-0.027347820821255198
17.36,-1.1498379911113659,0.9545214997835556,-1.1154560311004666,0.9584546757494522,0.03460619955108881,0.07522623610124235,4.310145837255855,0.1567765115511932,-0.02636935707012178
17.38,-1.1529546771496575,0.954169656280058,-1.1154560311004666,0.9584546757494522,0.03774267938787048,0.08138161412128841,4.662823019112087,0.1568294459582953,-0.02545316616503479
17.4,-1.156072508053192,0.9538192715526688,-1.1940762545507282,0.9461100463957094,0.03877778875038768,0.037085979726478424,2.124870117434949,0.15688053552906922,-0.02459456730441456
17.42,-1.1590984923037566,0.9534827464297472,-1.1940762545507282,0.9461100463957094,0.03574633628216423,0.040099092154141314,2.29750874273845,0.15154439461178004,-0.11104733754180307
17.44,-1.1621145290977184,0.9531539894407195,-1.1940762545507282,0.9461100463957094,0.032728718697115536,0.04335488988422042,2.4840522116202566,0.15174534879260904,-0.10582942392090011
17.46,-1.1651358633242406,0.952831003939105,-1.1940762545507282,0.9461100463957094,0.029710562341401216,0.04660575700207081,2.670313177230942,0.15195961659795199,-0.09993211822573178
17.48,-1.1681620724510744,0.9525134828235713,-1.1940762545507282,0.9461100463957094,0.026693610321192707,0.04986977887105448,2.8573278545621092,0.15216125002726066,-0.09450633118912588
17.5,-1.171192481069811,0.9522012020025639,-1.1940762545507282,0.9461100463957094,0.02368056725150051,0.05317484265367778,3.0466940603279675,0.152351347847679,-0.08950766606341531
17.52,-1.1742270544535558,0.9518938813614164,-1.1940762545507282,0.9461100463957094,0.02067470656159655,0.05653247665265537,3.2390723176190166,0.15253186278034736,-0.08485384855400069
17.54,-1.177265569270653,0.9515912776942789,-1.1940762545507282,0.9461100463957094,0.01768171473964423,0.059960643413336616,3.4354918044730867,0.15270296662317495,-0.08054061477275054
17.56,-1.1803079779312344,0.9512931381521617,-1.1940762545507282,0.9461100463957094,0.014711556043692382,0.06347449429382968,3.636820629763667,0.15286534182381573,-0.07654119906441714
17.58,-1.1833537589032828,0.9509992940407056,-1.1940762545507282,0.9461100463957094,0.01178459398721853,0.06710279097010428,3.8447067161355464,0.15301922410553281,-0.07284834654119887
17.6,-1.1864029018817914,0.9507095347394223,-1.1940762545507282,0.9461100463957094,0.008946263700888211,0.07086376355124635,4.060194571899411,0.15316602865500517,-0.06940285212836406
17.62,-1.189455243170065,0.9504236771908794,-1.1940762545507282,0.9461100463957094,0.006321483751245317,0.07478193876558636,4.2846894750738596,0.1533058680081023,-0.0662023799102851
17.64,-1.1925107618360347,0.9501415305960966,-1.1940762545507282,0.9461100463957094,0.004324769623659789,0.0788816893134836,4.519587878524819,0.15343923291015749,-0.06322795588820096
17.66,-1.1955689201168154,0.9498629866869792,-1.1940762545507282,0.9461100463957094,0.004038887386647317,0.08320240154797576,4.767146454051758,0.15356628370712944,-0.06047498905731308
17.68,-1.1986301018712253,0.9495878388149644,-1.1940762545507282,0.9461100463957094,0.0057299708140466825,0.0877677903010099,5.028723961437108,0.153688334872637,-0.057888145670870195
17.7,-1.2016938079371577,0.9493159869990648,-1.1940762545507282,0.9461100463957094,0.00826469447392627,0.0926256449417422,5.30705852983911,0.15380462853300525,-0.055502646509053566
17.72,-1.2047600492621537,0.949047292150795,-1.1940762545507282,0.9461100463957094,0.011080202257253832,0.09781955150718558,5.604647455224304,0.1539163494761464,-0.05326872475674982
17.74,-1.2078287209080203,0.9487816334266608,-1.1940762545507282,0.9461100463957094,0.014009557743640546,0.10340341505042705,5.924579269629007,0.1540235571024784,-0.05118558070893453
17.76,-1.2108998265332678,0.948518883891713,-1.1940762545507282,0.9461100463957094,0.01699514849402158,0.10943906042784547,6.270396276392727,0.1541265532074121,-0.04924176726817109
17.78,-1.2139732624040274,0.9482589338036714,-1.1940762545507282,0.9461100463957094,0.020012711925332532,0.11600277424996362,6.64646937633178,0.15422542550513896,-0.0474351300849829
17.8,-1.2170486491815868,0.9480017195663537,-1.1940762545507282,0.9461100463957094,0.02305014842599585,0.12319107350258163,7.058328585383835,0.15432047642918167,-0.04575407764911832
17.82,-1.2201261102958376,0.9477471330580006,-1.1940762545507282,0.9461100463957094,0.026101245891352823,0.13111194895412437,7.512161318806014,0.15441248890057935,-0.04416581217914217
17.84,-1.2232055723034907,0.9474950873741832,-1.1940762545507282,0.9461100463957094,0.029162227131230165,0.13990280541213143,8.015840292155143,0.15450129700462778,-0.042678858713507406
17.86,-1.2262869653658957,0.9472455010941073,-1.1940762545507282,0.9461100463957094,0.03223071746937167,0.1497352606719673,8.579198480794945,0.1545871008084454,-0.041285762792386826
17.88,-1.2293702241116604,0.9469982978027764,-1.1940762545507282,0.9461100463957094,0.03530514520477387,0.16082654785662198,9.214682425843195,0.15467009026295386,-0.0399794394534414
17.9,-1.2324553671429872,0.9467533960326745,-1.1940762545507282,0.9461100463957094,0.03838450445329049,0.17345484576291037,9.938230598307413,0.15475044103925306,-0.03875335734870866
17.92,-1.23554209773265,0.9465107532219406,-1.2730491244586897,0.9362893708923491,0.03887484675925485,0.06355969860582134,3.641702477237105,0.15482819297039097,-0.03760687539849927
17.94,-1.2385259611397617,0.9462805287055499,-1.2730491244586897,0.9362893708923491,0.0359398391759571,0.06769589149553568,3.878688873069757,0.14841603157014216,-0.14162970309677947
17.96,-1.2414902677641508,0.9460600507449293,-1.2730491244586897,0.9362893708923491,0.033036761654981484,0.07225865574364665,4.140116007399698,0.14866161453683802,-0.13571176667281915
17.98,-1.244460518469377,0.9458470828723028,-1.2730491244586897,0.9362893708923491,0.030143958776244182,0.07685572193410328,4.403508498255147,0.14893481345199522,-0.12844397053873857
18.0,-1.2474365081686238,0.945641245405191,-1.2730491244586897,0.9362893708923491,0.02726653021794464,0.08150306517176764,4.669781651721978,0.14919388173297854,-0.12169690270624756
18.02,-1.2504179197710728,0.9454421923722045,-1.2730491244586897,0.9362893708923491,0.024411996367665566,0.08622345598129266,4.940240122760104,0.14943929965993696,-0.11545333133244906
18.04,-1.2534044591332325,0.9452496016721196,-1.2730491244586897,0.9362893708923491,0.021591632902028635,0.09104071166641248,5.21624854235287,0.14967207939491356,-0.10967249531174117
18.06,-1.2563956350786754,0.9450632004026029,-1.2730491244586897,0.9362893708923491,0.018823357638988084,0.09598521312590824,5.499547607778254,0.14989315863742636,-0.10431678585193227
18.08,-1.2593916467582345,0.9448826697912751,-1.2730491244586897,0.9362893708923491,0.01613603058700357,0.1010729251475957,5.791052033998916,0.15010393449368387,-0.09932804275025742
18.1,-1.262392232775967,0.9447077362270022,-1.2730491244586897,0.9362893708923491,0.013580803188507486,0.10633365042227316,6.0924693894157365,0.15030408720293487,-0.0947239083232132
18.12,-1.2653965810654562,0.9445382132806652,-1.2730491244586897,0.9362893708923491,0.011251880782011642,0.111812229706032,6.406368860102923,0.150494455846939,-0.09047086807101312
18.14,-1.2684052691891547,0.9443738135509318,-1.2730491244586897,0.9362893708923491,0.009323282944558656,0.11752626407417832,6.733758913390409,0.1506770988000783,-0.08648118170112573
18.16,-1.2714172015139786,0.9442144002012558,-1.2730491244586897,0.9362893708923491,0.008091307808043435,0.12353333277752121,7.077938597337081,0.15085085910147011,-0.08280884888661744
18.18,-1.2744331008717404,0.9440597163264486,-1.2730491244586897,0.9362893708923491,0.007892633203000864,0.12985825626228076,7.44033001875698,0.1510183129658893,-0.07934311394425242
18.2,-1.2774524523073754,0.9439095913919346,-1.2730491244586897,0.9362893708923491,0.008800969071943998,0.13655710927306863,7.82414602385363,0.15117803891517845,-0.07614917054532544
18.22,-1.2804751068358478,0.9437638537462275,-1.2730491244586897,0.9362893708923491,0.010536275822072276,0.1436858364275344,8.232592003104823,0.15133129543969392,-0.07317429816383614
18.24,-1.2835010750600886,0.9436223285807384,-1.2730491244586897,0.9362893708923491,0.012767753907159646,0.15130625923455332,8.669210068052243,0.15147853649830623,-0.07040090453935832
18.26,-1.2865300727262148,0.9434848731729031,-1.2730491244586897,0.9362893708923491,0.015281073890965445,0.15949615471973644,9.138456514006483,0.15161989298630996,-0.06782553892831222
18.28,-1.2895618468217596,0.9433513606628013,-1.2730491244586897,0.9362893708923491,0.017959445964667187,0.1683455505469218,9.645489546144887,0.15175605913795298,-0.06541983215785363
18.3,-1.2925964336070312,0.9432216541965248,-1.2730491244586897,0.9362893708923491,0.020740150596130966,0.1779560576837711,10.196131044066709,0.15188762051447924,-0.06315996413819303
18.32,-1.2956337314229052,0.9430956304315948,-1.2730491244586897,0.9362893708923491,0.02358791302009706,0.18845200211483126,10.797504361970296,0.1520146184035287,-0.06104594926892304
18.34,-1.2986736444979838,0.9429731737395193,-1.2730491244586897,0.9362893708923491,0.02648186639464878,0.19998343080835213,11.458206557865099,0.152137344506853,-0.05906674158895342
18.36,-1.3017159648493757,0.9428541849582492,-1.2730491244586897,0.9362893708923491,0.02940891908426604,0.21273467344753616,12.1887989446376,0.15225607175266553,-0.05721202300024153
18.38,-1.3047608489733753,0.9427385488578301,-1.2730491244586897,0.9362893708923491,0.032360861671558744,0.22692797711077084,13.002015341888518,0.1523712376864994,-0.05546410649176492
18.4,-1.3078080968952517,0.9426261731684437,-1.2730491244586897,0.9362893708923491,0.03533187269211745,0.24284548477475318,13.914021351401848,0.15248269027463568,-0.05383116795459886
18.42,-1.3108577423640495,0.9425169598307744,-1.2730491244586897,0.9362893708923491,0.038318069522087016,0.26084014479986806,14.945039424613707,0.15259084249226174,-0.052296514607419464
18.44,-1.3139093930038694,0.9424108429099887,-1.3523664008395953,0.9298533725194004,0.04045530267205497,0.08980550428810252,5.145476372752291,0.15269574245238005,-0.05085940331828187
18.46,-1.3168358172713766,0.9423146249576085,-1.3523664008395953,0.9298533725194004,0.03765242596469611,0.09517457340170177,5.453101372875574,0.14527714254564117,-0.17023000524474252
18.48,-1.3197456159782408,0.942228652218152,-1.3523664008395953,0.9298533725194004,0.034889298539711365,0.10093388326458941,5.783085520927105,0.14558419481245366,-0.1628243750867453
18.5,-1.322661847908908,0.9421518178405051,-1.3523664008395953,0.9298533725194004,0.0321498401571174,0.1067553560072354,6.1166313396311685,0.14591132468986245,-0.15437268800710946
18.52,-1.325584260250149,0.9420837074720588,-1.3523664008395953,0.9298533725194004,0.029442556743718422,0.11266032993342767,6.454961423736781,0.14622260557322075,-0.14650354964423906
18.54,-1.3285131351930253,0.9420238863487288,-1.3523664008395953,0.9298533725194004,0.0267787170879359,0.11866045644974355,6.798743349666213,0.1465187603292284,-0.13918885904379286
18.56,-1.3314478202753732,0.9419719808961683,-1.3523664008395953,0.9298533725194004,0.02417535277532299,0.12479258673291671,7.1500885343163985,0.14679933245569377,-0.13245335652362078
18.58,-1.3343880095831424,0.9419276407561037,-1.3523664008395953,0.9298533725194004,0.021656650378624177,0.13108715564841944,7.5107407670289446,0.14706625982061627,-0.12621507028270917
18.6,-1.3373334235296208,0.9418905393440308,-1.3523664008395953,0.9298533725194004,0.01925834343774638,0.13757640975864582,7.882547639732838,0.14732056144797223,-0.12043271787415266
18.62,-1.340283804083056,0.9418603721658834,-1.3523664008395953,0.9298533725194004,0.01703400084806194,0.14429500462171152,8.267494769644777,0.1475631615903028,-0.11506909505770713
18.64,-1.3432391444830254,0.9418368403209335,-1.3523664008395953,0.9298533725194004,0.015063542383812861,0.15127582414951446,8.667466266130395,0.14779490886804858,-0.11009021804231356
18.66,-1.3461989735431985,0.9418196810837918,-1.3523664008395953,0.9298533725194004,0.013462158077907372,0.15856545420512003,9.085131302528309,0.14801608508032693,-0.10548721873782085
18.68,-1.3491628764661814,0.9418086612684092,-1.3523664008395953,0.9298533725194004,0.012377055283193763,0.16621346963051353,9.523330308054309,0.1482279801182429,-0.10120631956600512
18.7,-1.3521310977263243,0.9418035399040035,-1.3523664008395953,0.9298533725194004,0.01195248376176041,0.17426248258267485,9.984504779459288,0.14843167702789373,-0.09720259440459955
18.72,-1.3551022684399583,0.9418041446599914,-1.3523664008395953,0.9298533725194004,0.012259931740553986,0.18279070594963567,10.473135985130991,0.14862688296244375,-0.09349206188419279
18.74,-1.3580782119165464,0.9418102425562963,-1.3523664008395953,0.9298533725194004,0.013251095307860481,0.19182853083659457,10.990965207132035,0.1488164644596779,-0.08995035838899046
18.76,-1.3610574087477982,0.9418216465812946,-1.3523664008395953,0.9298533725194004,0.014790983823973914,0.20147346046104023,11.54357896831347,0.14899707351763158,-0.08672838724826937
18.78,-1.3640402747392781,0.941838177010986,-1.3523664008395953,0.9298533725194004,0.01673065660777333,0.21180215970879804,12.135369843069942,0.14917181908116195,-0.08369140247183049
18.8,-1.3670266628194345,0.9418596594701204,-1.3523664008395953,0.9298533725194004,0.018949253485574337,0.2229144736643838,12.77205853334933,0.14934011298199934,-0.0808678258351625
18.82,-1.370016270690111,0.9418859378467909,-1.3523664008395953,0.9298533725194004,0.021361192244302777,0.23492938769478514,13.460462398503845,0.149502413349345,-0.07823983861149353
18.84,-1.3730089849349303,0.9419168680548965,-1.3523664008395953,0.9298533725194004,0.02390908201223782,0.24798392187169882,14.208432110350289,0.1496594186244593,-0.0757787826266565
18.86,-1.3760048523454518,0.9419523101162219,-1.3523664008395953,0.9298533725194004,0.026554861712434378,0.2622391568081784,15.02519690817801,0.14981146840136184,-0.07347169100835327
18.88,-1.3790033188470256,0.9419921433191607,-1.3523664008395953,0.9298533725194004,0.02927242998904744,0.27789527369990125,15.922226329637207,0.14995864249294222,-0.07131703945395529
18.9,-1.3820044597655994,0.9420362557790544,-1.3523664008395953,0.9298533725194004,0.03204430029536689,0.29518564543361436,16.912891656191263,0.15010192296756042,-0.06927314226884418
18.92,-1.3850086186924333,0.9420845310541166,-1.3523664008395953,0.9298533725194004,0.03485850865217129,0.31439348611964874,18.0134198610607,0.15024128681135895,-0.067342624432698
18.94,-1.388015285105703,0.9421368588453765,-1.3523664008395953,0.9298533725194004,0.03770579512142384,0.33587575259723423,19.24426306460172,0.15037635816395056,-0.06554382184970065
18.96,-1.3910246551263317,0.9421931395055588,-1.3523664008395953,0.9298533725194004,0.040579926980844366,0.3600686069309796,20.63041151230011,0.1505079854489999,-0.0638408060787965
18.98,-1.3939033499199127,0.9422530479474494,-1.4319112019448927,0.927696448696125,0.04070001716604595,0.12069787848013581,6.915479033094665,0.1422587772419659,-0.1942782569938628
19.0,-1.3967534015136125,0.9423231837002265,-1.4319112019448927,0.927696448696125,0.038079027141537346,0.12747938685125804,7.304030841492606,0.14259645683976085,-0.18671049507340554
19.02,-1.3996075652677877,0.9424040381134585,-1.4319112019448927,0.927696448696125,0.035494198526453094,0.1344038859371184,7.700775414354602,0.14293457902723183,-0.17819921829309582
19.04,-1.4024721244343328,0.9424952193061998,-1.4319112019448927,0.927696448696125,0.03294939902702889,0.14133333307286147,8.097803489591696,0.14333705787299422,-0.16813811831828396
19.06,-1.405342840174435,0.9425960965595005,-1.4319112019448927,0.927696448696125,0.030461079324582547,0.14839305032722752,8.502295492822556,0.143675157191403,-0.16008706921810667
19.08,-1.4082197176434221,0.9427062630353188,-1.4319112019448927,0.927696448696125,0.028046050611519192,0.15560668046475204,8.915606054671088,0.14399774664595189,-0.1525999308674142
19.1,-1.4111024404190586,0.9428253254298415,-1.4319112019448927,0.927696448696125,0.025727173716967505,0.16300732876677973,9.339631968037933,0.14430519265027364,-0.14566465973753218
19.12,-1.4139907144556922,0.9429529168826585,-1.4319112019448927,0.927696448696125,0.02353515866479977,0.17063013586069278,9.776386642561535,0.14459860255195967,-0.13923602348059338
19.14,-1.4168842685480483,0.9430886952143159,-1.4319112019448927,0.927696448696125,0.021511159433883625,0.17851263684072485,10.228020680725107,0.14487900319120062,-0.13327229399701102
19.16,-1.4197823150138378,0.9432323406848886,-1.4319112019448927,0.927696448696125,0.01970973967542049,0.1867055830545115,10.69744192055277,0.1451473368989653,-0.12773539888266683
19.18,-1.4226857142631977,0.9433835883163436,-1.4319112019448927,0.927696448696125,0.0181987904111603,0.1952319143978765,11.185964721257694,0.145405576144908,-0.12254099326591827
19.2,-1.425593699692068,0.9435421246606085,-1.4319112019448927,0.927696448696125,0.017058613117304007,0.20415064006686226,11.69697006072557,0.1456522164540397,-0.11775980149925092
19.22,-1.4285065438108577,0.9437076927986902,-1.4319112019448927,0.927696448696125,0.016369228287294986,0.2135073586444689,12.233070545314082,0.14588917041533644,-0.11331034083433833
19.24,-1.4314228730149936,0.9438800142363546,-1.4319112019448927,0.927696448696125,0.016190931373416515,0.22338160359802411,12.798823107031147,0.14611623604368074,-0.10920516681195425
19.26,-1.4343434641283732,0.9440589117869593,-1.4319112019448927,0.927696448696125,0.016542251894107556,0.23382450151304845,13.397157083448008,0.1463362884475794,-0.10531930472928996
19.28,-1.4372679289453576,0.9442441565573509,-1.4319112019448927,0.927696448696125,0.01739313541653684,0.24491526943969813,14.032611277204094,0.14654809281615666,-0.1017105834896781
19.3,-1.4401961186417642,0.9444355492420355,-1.4319112019448927,0.927696448696125,0.01867718746921502,0.25674000314622103,14.710118612453941,0.1467525966000638,-0.09833979433854223
19.32,-1.4431280936961106,0.9446329081955134,-1.4319112019448927,0.927696448696125,0.020314091683680136,0.2693947734449192,15.435183541276855,0.1469502874262174,-0.09518797321111938
19.34,-1.4460633257693754,0.9448360388895557,-1.4319112019448927,0.927696448696125,0.022227194171605062,0.282998445736091,16.214616549440063,0.14714129373731843,-0.0922520710067154
19.36,-1.4490017119120138,0.9450447857452372,-1.4319112019448927,0.927696448696125,0.024352624690284666,0.29768235100238294,17.055942347968514,0.14732667865042792,-0.08948722503399065
19.38,-1.451943336358771,0.9452590085827469,-1.4319112019448927,0.927696448696125,0.02664075672624313,0.31359816415223585,17.967851268973902,0.14750675903938415,-0.08688152689229067
19.4,-1.4548882695957748,0.9454785680153757,-1.4319112019448927,0.927696448696125,0.029054249350435424,0.33092537635115105,18.960627398699337,0.14768156437285906,-0.0844358065829609
19.42,-1.4578362293129334,0.9457033122783625,-1.4319112019448927,0.927696448696125,0.03156507849036604,0.34988009425667804,20.046652736547085,0.14785116970261747,-0.08214888240931639
19.44,-1.46078728773704,0.9459331197566291,-1.4319112019448927,0.927696448696125,0.034152664640470995,0.3707160416404298,21.24046458379271,0.1480161535449387,-0.07999705298966653
19.46,-1.463741346367811,0.9461678628383338,-1.4319112019448927,0.927696448696125,0.0368015113058802,0.39373884174911505,22.55957386259371,0.1481765780170896,-0.07797948955223788
19.48,-1.4666980005835155,0.9464074076162686,-1.4319112019448927,0.927696448696125,0.039499637254478547,0.4193177052814294,24.025134787736416,0.14833273875289876,-0.07608490823207692
19.5,-1.4696573382198599,0.9466516602801532,-1.4319112019448927,0.927696448696125,0.042238262865364966,0.4478960983761431,25.662556097329322,0.14848528748581113,-0.0742859283622832
19.52,-1.4724655877138564,0.9468905305411182,-1.5114242225570833,0.9307010162208476,0.042188571945186076,0.14811178801921113,8.48618034963711,0.13944020984475447,-0.21761598530040116
19.54,-1.4752499614474213,0.9471393524257214,-1.5114242225570833,0.9307010162208476,0.03973406679430732,0.15593543761204767,8.934442451695888,0.13983240319019874,-0.2086903034773102
19.56,-1.478041993709306,0.9474003778390434,-1.5114242225570833,0.9307010162208476,0.03732615545834657,0.16383571486609252,9.387094995335861,0.14025246150297654,-0.19830888996597018
19.58,-1.48084056941599,0.9476730237905335,-1.5114242225570833,0.9307010162208476,0.03497726233426768,0.1718592361180227,9.846808899904982,0.1406511555672063,-0.18873419946580094
19.6,-1.4836461174356756,0.9479568446505502,-1.5114242225570833,0.9307010162208476,0.03270147915509799,0.18002111050779693,10.31444985535496,0.1410314963747883,-0.17983476038541113
19.62,-1.4864578731218758,0.9482513275058062,-1.5114242225570833,0.9307010162208476,0.030517733046866898,0.18836615571000717,10.792585725287504,0.1413929457848795,-0.1716394636630536
19.64,-1.4892751661736914,0.9485560174272739,-1.5114242225570833,0.9307010162208476,0.02844963561728272,0.19693831078447332,11.283734032386066,0.1417378637729616,-0.16404693213512012
19.66,-1.4920980701869175,0.9488705463136216,-1.5114242225570833,0.9307010162208476,0.026526062452370953,0.20576825320580408,11.789652466471846,0.14206823539784086,-0.1569724026376229
19.68,-1.4949266265902204,0.9491945502545053,-1.5114242225570833,0.9307010162208476,0.024782684958250777,0.21489123932897974,12.312361067886227,0.1423843025631033,-0.1504092927151479
19.7,-1.4977593354163132,0.949527570695755,-1.5114242225570833,0.9307010162208476,0.023263024179298805,0.22437513857305924,12.855748467899295,0.14268643377153278,-0.14434546582925423
19.72,-1.500597798891217,0.9498694547460296,-1.5114242225570833,0.9307010162208476,0.022014551662173684,0.2342341273396731,13.420626914493159,0.1429781566176347,-0.1386268537387214
19.74,-1.5034397596655171,0.9502196849170368,-1.5114242225570833,0.9307010162208476,0.021088624311187177,0.24455655237467447,14.012058303338918,0.14325655404843207,-0.13338793048239816
19.76,-1.5062869972994057,0.9505781880688863,-1.5114242225570833,0.9307010162208476,0.02053029576076739,0.2553666998501678,14.631434129598686,0.1435264732640107,-0.12841566036758678
19.78,-1.5091384753442438,0.9509445747787719,-1.5114242225570833,0.9307010162208476,0.020372194369019662,0.26674302854185084,15.28324974998571,0.1437847962667993,-0.1238529279415368
19.8,-1.511994015046416,0.9513185894388634,-1.5114242225570833,0.9307010162208476,0.020625445180192922,0.27875723831033766,15.971613263904851,0.14403387094295006,-0.1195986378221825
19.82,-1.5148532157492485,0.9516999712151208,-1.5114242225570833,0.9307010162208476,0.021277079338185262,0.2914927263105407,16.70130297635599,0.14427434450636767,-0.11562720715396768
19.84,-1.5177164122824571,0.9520885529942624,-1.5114242225570833,0.9307010162208476,0.022293909051000305,0.3050334425799852,17.47712887017929,0.14450718749348113,-0.11189834420055611
19.86,-1.5205834453107994,0.9524841120523184,-1.5114242225570833,0.9307010162208476,0.02363037505955488,0.31948291741085494,18.305022794168636,0.1447321028413162,-0.1084283287164367
19.88,-1.5234539477071054,0.9528864193815053,-1.5114242225570833,0.9307010162208476,0.025237004588223172,0.33496158627101935,19.191885192336628,0.1449496535025352,-0.10519505065614831
19.9,-1.526327798817487,0.9532952918518706,-1.5114242225570833,0.9307010162208476,0.02706691479722633,0.3516040400686278,20.14542755568106,0.14516069025996003,-0.10216328232781624
19.92,-1.5292048866623518,0.9537105573854585,-1.5114242225570833,0.9307010162208476,0.029079047450532292,0.3695654404993125,21.174539994503753,0.14536562317881696,-0.09931725658551827
19.94,-1.532084908309892,0.9541320320659191,-1.5114242225570833,0.9307010162208476,0.031239021100353093,0.38902708160768307,22.289609892411693,0.14556482689767059,-0.0966426522958086
19.96,-1.5349679724407066,0.9545595934204858,-1.5114242225570833,0.9307010162208476,0.033519246181465796,0.4101962068437788,23.502511424423858,0.14575891458379342,-0.09411427950051232
19.98,-1.5378539868389713,0.9549930965293778,-1.5114242225570833,0.9307010162208476,0.03589759888505424,0.4333171989316569,24.827246689214643,0.14594790165489702,-0.09173357932240611
20.0,-1.5407426810416123,0.9554323822705486,-1.5114242225570833,0.9307010162208476,0.038356387663508594,0.4586774165562544,26.280280126637365,0.1461320830240309,-0.08948944235670497
20.02,-1.543633984226719,0.9558773279911397,-1.5114242225570833,0.9307010162208476,0.04088172478222617,0.4866131295084586,27.880878576487618,0.14631195956387177,-0.08736137281889489
20.04,-1.546528527598219,0.9563279060545999,-1.5114242225570833,0.9307010162208476,0.04346319954826597,0.5175194339216118,29.651679379707847,0.14648774634458128,-0.08534151829442393
20.06,-1.5492713205905821,0.9567623308667648,-1.5904823113953104,0.9396710443906087,0.04461454736425588,0.17234220318316876,9.874480874381671,0.1366624199389932,-0.2402115689892348
20.08,-1.5519762728713813,0.9572037706403685,-1.5904823113953104,0.9396710443906087,0.04230970919960725,0.18107287691120202,10.374711631303725,0.1370785550105058,-0.23130665415371787
20.1,-1.5546882600423,0.9576589952534657,-1.5904823113953104,0.9396710443906087,0.040059711537984176,0.1898978762245396,10.88034684616382,0.13754294930334865,-0.21998132184453123
20.12,-1.5574070173662622,0.9581274290231893,-1.5904823113953104,0.9396710443906087,0.03787628821325748,0.1988457676664626,11.393023261327235,0.13798517701528734,-0.20948752025101713
20.14,-1.5601317416597875,0.9586084607025638,-1.5904823113953104,0.9396710443906087,0.03577405232627609,0.20796194185732308,11.915341567769628,0.13840625081766866,-0.19978363240191754
20.16,-1.5628629297413321,0.9591016937834467,-1.5904823113953104,0.9396710443906087,0.03376951848598832,0.2172649908623028,12.448367012358347,0.13880872925033927,-0.19075871180607162
20.18,-1.5655994459949032,0.9596065103121876,-1.5904823113953104,0.9396710443906087,0.03188384845098243,0.22681111386378497,12.995319571056033,0.13919205165970894,-0.18244274286649542
20.2,-1.5683413978814147,0.9601225282960371,-1.5904823113953104,0.9396710443906087,0.030141055807051703,0.23663244551441512,13.558040423835395,0.13955943193715292,-0.17469568542149982
20.22,-1.571088511208049,0.9606493192702478,-1.5904823113953104,0.9396710443906087,0.028569345505788452,0.246772173759678,14.13900405769855,0.13991114742657462,-0.16750954529548556
20.24,-1.5738408649164721,0.9611865309941656,-1.5904823113953104,0.9396710443906087,0.027200255599826206,0.25727058142893555,14.740518508754784,0.1402483223603923,-0.16083830760904583
20.26,-1.5765975478669394,0.9617336734661387,-1.5904823113953104,0.9396710443906087,0.026068108100957457,0.2681896205934813,15.366133369221306,0.1405713332240488,-0.1546695872028936
20.28,-1.5793586833311233,0.9622904670572333,-1.5904823113953104,0.9396710443906087,0.025206613875762517,0.2795769641056147,16.018580092332233,0.14088252301553972,-0.14890248417442908
20.3,-1.5821228897993096,0.9628563910048437,-1.5904823113953104,0.9396710443906087,0.024646302502442475,0.29150937838648106,16.702257070027503,0.14118205811586293,-0.14353351476592557
20.32,-1.5848923716005743,0.9634315949791267,-1.5904823113953104,0.9396710443906087,0.02440924396982212,0.3040143290599889,17.41873796663878,0.1414728834247425,-0.13843422116271986
20.34,-1.5876660291083302,0.9640155751286499,-1.5904823113953104,0.9396710443906087,0.02450688929210298,0.317178450526985,18.172986567695222,0.1417512816560107,-0.13377485383797572
20.36,-1.590441026659725,0.9646075724561094,-1.5904823113953104,0.9396710443906087,0.024936562240832193,0.3311157124341124,18.971532852942076,0.1419929150791921,-0.1298799698881692
20.38,-1.5932217607460752,0.9652082729614241,-1.5904823113953104,0.9396710443906087,0.025683742441931574,0.3458559863209028,19.816088335522064,0.14228341806163947,-0.125226097005271
20.4,-1.596004960263194,0.9658167624951419,-1.5904823113953104,0.9396710443906087,0.026722616371150015,0.3615376361091179,20.71458068418901,0.14253513658837313,-0.12143287906940525
20.42,-1.5987927247539098,0.9664332749686498,-1.5904823113953104,0.9396710443906087,0.028022847030646777,0.37824872176272994,21.672055363222597,0.14278065759982805,-0.11781423550377701
20.44,-1.601583676368731,0.967057316292322,-1.5904823113953104,0.9396710443906087,0.029550773136208474,0.3961310107917558,22.696635052618873,0.1430170098000394,-0.11450643092797419
20.46,-1.6043772492931274,0.9676886076265193,-1.5904823113953104,0.9396710443906087,0.031273841287287434,0.4153329656987579,23.796826027190615,0.1432466842231861,-0.11140112181062811
20.48,-1.6071738104654272,0.9683270746537112,-1.5904823113953104,0.9396710443906087,0.033162843841376986,0.43601516258064904,24.98182861958161,0.14347072859088872,-0.1084538229231824
20.5,-1.609973264327527,0.9689725451261354,-1.5904823113953104,0.9396710443906087,0.03519197623834104,0.4583664190531034,26.262461282267708,0.1436888151568949,-0.10568164729746199
20.52,-1.6127757268806906,0.9696248980208596,-1.5904823113953104,0.9396710443906087,0.037339385657858486,0.4826024008878316,27.651080753753362,0.1439012873222456,-0.10307160788924907
20.54,-1.6155808950147095,0.970283928997425,-1.5904823113953104,0.9396710443906087,0.03958645732634104,0.508973430294993,29.162029440199092,0.14410821355030912,-0.1006230283534526
20.56,-1.6183886870854596,0.9709494937794895,-1.5904823113953104,0.9396710443906087,0.04191786254489282,0.5377655138442228,30.811694310958007,0.14431019418101876,-0.0983111972147066
20.58,-1.621199220318499,0.9716214964796657,-1.5904823113953104,0.9396710443906087,0.044321099743695386,0.5693068567597453,32.61888014019231,0.14450751012522467,-0.09612556478078016
20.6,-1.6238440062276258,0.972262334399446,-1.5904823113953104,0.9396710443906087,0.0466389844070889,0.6046956991018944,34.64651144825131,0.13427700334369685,-0.2554390866468803
20.62,-1.6264579492759286,0.972909625981243,-1.6685080654041997,0.9552238479618409,0.04561796806689941,0.20327603154596474,11.646858683751963,0.13473687058112027,-0.24546029190997132
20.64,-1.6290791644872153,0.9735721350413862,-1.6685080654041997,0.9552238479618409,0.04348905455715011,0.21274114071764627,12.18916949191988,0.1352317826844418,-0.23365144043357988
20.66,-1.6317059976179633,0.9742489233914348,-1.6685080654041997,0.9552238479618409,0.0414288026431428,0.22234569839989904,12.739470111202916,0.13570144733761058,-0.22280500793031566
20.68,-1.6343390218400713,0.9749396092232558,-1.6685080654041997,0.9552238479618409,0.03944914169160612,0.2321056766755789,13.298675674538744,0.13615031128457744,-0.21272364157276513
20.7,-1.6369778569771398,0.9756435972623325,-1.6685080654041997,0.9552238479618409,0.037564879940561055,0.24206098955838673,13.869073086455849,0.13657777484277211,-0.20343917718657067
20.72,-1.639620953565743,0.9763600807401885,-1.6685080654041997,0.9552238479618409,0.03579393197775301,0.2522762051789802,14.454361828331965,0.13698558164516594,-0.19487801998258059
20.74,-1.6422688884496073,0.9770888066408772,-1.6685080654041997,0.9552238479618409,0.034155099550292306,0.26277412305898773,15.055848216531322,0.1373779060336755,-0.1868566380019976
20.76,-1.6449214122245597,0.9778293212747673,-1.6685080654041997,0.9552238479618409,0.03267013363789703,0.273597481517998,15.67598097638983,0.13775402572548945,-0.1794120377104913
20.78,-1.6475782898959672,0.9785811995895051,-1.6685080654041997,0.9552238479618409,0.03136273868595271,0.2847918985305091,16.317373825316164,0.13811508318219978,-0.17249747728986797
20.8,-1.650239305059612,0.9793440447003309,-1.6685080654041997,0.9552238479618409,0.03025775099427322,0.29640612568941305,16.982820023827575,0.13846215250599148,-0.16606924099299425
20.82,-1.652903933473104,0.9801174062177482,-1.6685080654041997,0.9552238479618409,0.02937989407678821,0.3084976576290617,17.675613771817076,0.13879621945982468,-0.1600874786830686
20.84,-1.6555729591249333,0.9809011925878852,-1.6685080654041997,0.9552238479618409,0.028751399992010207,0.32110834197640004,18.398152761691254,0.13911878712307146,-0.15448885766239373
20.86,-1.658245251378182,0.9816948085758902,-1.6685080654041997,0.9552238479618409,0.02839079265471774,0.33431492330797696,19.154834133786874,0.1394288845634195,-0.14932124026062477
20.88,-1.6609215499188417,0.9824981945177226,-1.6685080654041997,0.9552238479618409,0.02830980743947073,0.3481729534408989,19.94884077276842,0.1397290773300197,-0.1444735430719546
20.9,-1.6636002577294535,0.9833106658651052,-1.6685080654041997,0.9552238479618409,0.02851238180340998,0.3627760737506576,20.785537934239372,0.1400185091865458,-0.13998816894261745
20.92,-1.6662815746277835,0.9841320776080356,-1.6685080654041997,0.9552238479618409,0.028993844216567668,0.3782012363596297,21.66933465003648,0.14030027967477654,-0.1357294003542786
20.94,-1.6689664738068581,0.9849625008349954,-1.6685080654041997,0.9552238479618409,0.029742185746404155,0.39452749826264305,22.604760552304366,0.1405742937374832,-0.13170450950283907
20.96,-1.6716550563222425,0.985801733576947,-1.6685080654041997,0.9552238479618409,0.030739398831609522,0.41185660456361745,23.59764520608376,0.14083931271338113,-0.1279724123673387
20.98,-1.6743459119023933,0.9866491671588662,-1.6685080654041997,0.9552238479618409,0.03196296510606295,0.4303165039565207,24.655319531533227,0.14109563074842235,-0.12452364921033965
21.0,-1.6770396938392353,0.9875048257141408,-1.6685080654041997,0.9552238479618409,0.03338937268649994,0.45002899038008093,25.78476180731216,0.14134571267623297,-0.12125049274142041
21.02,-1.6797355908240619,0.988368301939892,-1.6685080654041997,0.9552238479618409,0.03499445894076373,0.471144076284544,26.99456711369407,0.1415888682936739,-0.11818678788688697
21.04,-1.6824342259560152,0.9892396344580267,-1.6685080654041997,0.9552238479618409,0.03675611076636149,0.4938197751452356,28.29378895592131,0.1418264673519687,-0.11527346622908219
21.06,-1.685135502984038,0.9901186376759485,-1.6685080654041997,0.9552238479618409,0.03865382296310692,0.5182408404096368,29.693012926785034,0.14205788828149934,-0.11254104952784783
21.08,-1.6878388954157846,0.9910050088328581,-1.6685080654041997,0.9552238479618409,0.040669060257330816,0.5446171116780161,31.20426194975534,0.14228351686407237,-0.10997477576490944
21.1,-1.690544552621876,0.991898666997203,-1.6685080654041997,0.9552238479618409,0.042786085590661015,0.5731815207441289,32.84088203352883,0.14250423629820208,-0.10753712543415395
21.12,-1.6932524055046316,0.9927994657181549,-1.6685080654041997,0.9552238479618409,0.04499121488440231,0.6041972019062548,34.61794966284206,0.1427200418444352,-0.10523046271332381
21.14,-1.6958448034201534,0.993670204124365,-1.6685080654041997,0.9552238479618409,0.04717435264556945,0.6384544306064994,36.58074428518051,0.13576111130688684,-0.21188289696855156
21.16,-1.6984214451063318,0.9945476387516087,-1.7447719523328016,0.9778732466646015,0.04925855125379023,0.21844079839311759,12.515735821393733,0.13615656494894157,-0.2042210878008821
21.18,-1.701002257074811,0.9954381003638054,-1.7447719523328016,0.9778732466646015,0.04716259437787333,0.22743620203112072,13.03113448486794,0.13656730566831143,-0.19568766125632742
21.2,-1.7035878568797314,0.9963413497470144,-1.7447719523328016,0.9778732466646015,0.045135358088202064,0.23659446109059748,13.555864076663408,0.1369612410201837,-0.18775288530475942
21.22,-1.7061768579480674,0.9972565390278556,-1.7447719523328016,0.9778732466646015,0.04318904182088235,0.2459710053939781,14.093100491664552,0.13733754026949985,-0.1804587715911743
21.24,-1.7087694403360953,0.9981833746847149,-1.7447719523328016,0.9778732466646015,0.04133620894889091,0.2555912936923761,14.644302408861849,0.13769991663672432,-0.17364306793249407
21.26,-1.7113650863878431,0.9991213525565966,-1.7447719523328016,0.9778732466646015,0.03959167458269304,0.26549558084420877,15.211776261747508,0.13804856591446146,-0.16730140304399566
21.28,-1.7139642960790942,1.0000703249306508,-1.7447719523328016,0.9778732466646015,0.03797133086152916,0.27570883278421343,15.796952493013576,0.1383850712209478,-0.16136691443763285
21.3,-1.716566265128999,1.0010297173678335,-1.7447719523328016,0.9778732466646015,0.03649360116607286,0.28628067338693075,16.40267434123432,0.1387089919484108,-0.15586369525866228
21.32,-1.7191711693096015,1.0019993198682626,-1.7447719523328016,0.9778732466646015,0.035177656255489596,0.2972473294112175,17.03101744679767,0.13902237030571918,-0.15070414566720203
21.34,-1.7217788736215502,1.0029788233263095,-1.7447719523328016,0.9778732466646015,0.03404367265937528,0.3086535638993091,17.68454654310188,0.13932532646272477,-0.1458867341364023
21.36,-1.7243895294376697,1.0039680308433392,-1.7447719523328016,0.9778732466646015,0.033111643336006386,0.3205442522196101,18.36583279936063,0.1396185451553622,-0.1413845232353661
21.38,-1.7270027286097929,1.0049665610019065,-1.7447719523328016,0.9778732466646015,0.03240050915492459,0.332976383772567,19.078141467696483,0.13990221464454944,-0.13719283916219238
21.4,-1.729618101662465,1.0059740707595841,-1.7447719523328016,0.9778732466646015,0.031926407642514615,0.34601057400466306,19.824945557366227,0.14017743866026056,-0.13326568055499477
21.42,-1.7322358185956608,1.0069904261668956,-1.7447719523328016,0.9778732466646015,0.0317011796506738,0.35970654371819055,20.609666818290354,0.14044514816966558,-0.12956439863071045
21.44,-1.7348560314512074,1.008015488950056,-1.7447719523328016,0.9778732466646015,0.03173137653687723,0.37413152176787223,21.436157180105965,0.14070538735209137,-0.12609007577185638
21.46,-1.7374781585158043,1.0090488628120908,-1.7447719523328016,0.9778732466646015,0.032017471330829106,0.38936771286494953,22.309126625823296,0.14095826236872888,-0.12284105801729783
21.48,-1.7401025958688203,1.0100905299161573,-1.7447719523328016,0.9778732466646015,0.03255389730736863,0.4054961827997101,23.233219883088715,0.14120491919082934,-0.11976860642720633
21.5,-1.7427292526770728,1.0111402893770098,-1.7447719523328016,0.9778732466646015,0.03332969775909638,0.42261286448036756,24.21393350265928,0.14144507089439706,-0.11688839333889867
21.52,-1.7453573829403903,1.0121977107030333,-1.7447719523328016,0.9778732466646015,0.034329456164085975,0.4408290933511501,25.25764653559948,0.14167913570264368,-0.11418433214005486
21.54,-1.7479873727525514,1.013262809768203,-1.7447719523328016,0.9778732466646015,0.03553533600712872,0.46026013133993016,26.370963003914948,0.14190831558591466,-0.11160451444475195
21.56,-1.7506193694727634,1.0143355070944193,-1.7447719523328016,0.9778732466646015,0.036928156234241886,0.4810382072173039,27.56145905809105,0.14213229856043785,-0.10916522706044818
21.58,-1.7532528917144303,1.0154154868388015,-1.7447719523328016,0.9778732466646015,0.03848825963968978,0.503315066427857,28.837829071662874,0.14235111687241897,-0.1068673158027833
21.6,-1.7558880928154867,1.0165026931841106,-1.7447719523328016,0.9778732466646015,0.0401970486184546,0.5272574281269533,30.209625348596767,0.14256554087788142,-0.10467803655350716
21.62,-1.7585251155966224,1.0175970664690521,-1.7447719523328016,0.9778732466646015,0.04203726156183075,0.5530533038803542,31.68762015811049,0.14277555373494177,-0.10260010413182252
21.64,-1.7611635158886236,1.0186983200947526,-1.7447719523328016,0.9778732466646015,0.04399284005814788,0.5809146564839252,33.28395807382093,0.14298116953013196,-0.1006348684925995
21.66,-1.7638034418550508,1.0198064140203218,-1.7447719523328016,0.9778732466646015,0.04604984384249664,0.6110768647951217,35.01212531084691,0.1431830288382896,-0.09875508076101491
21.68,-1.7664446640470464,1.0209211586698757,-1.7447719523328016,0.9778732466646015,0.04819573799686636,0.6438019068699374,36.887132106121896,0.1433811029362131,-0.09696372629569572
21.7,-1.7690765598270792,1.02203815848817,-1.7447719523328016,0.9778732466646015,0.050410845875014536,0.6794171509664555,38.9277352791806,0.14281429721654249,-0.10693561831087717
21.72,-1.7717069374081953,1.0231610891250187,-1.8183902785640897,1.008018704817954,0.04907775610172561,0.21418340704851424,12.271805265612434,0.1430231825055639,-0.10482073619477728
21.74,-1.7743382482215562,1.0242909073327962,-1.8183902785640897,1.008018704817954,0.04696132400160297,0.22151279938017113,12.691748512611923,0.14323324695477702,-0.10256910220163284
21.76,-1.7769716271830935,1.0254279662840187,-1.8183902785640897,1.008018704817954,0.044928688685675,0.22911126530542214,13.127108540902775,0.14343951097659513,-0.10040218136442292
21.78,-1.7796062504610082,1.0265717997707091,-1.8183902785640897,1.008018704817954,0.04299323398194843,0.2370118208289824,13.579777028211547,0.1436407487237945,-0.0983772442855746
21.8,-1.782242444834928,1.0277224372429354,-1.8183902785640897,1.008018704817954,0.04116919910304763,0.2452386084396414,14.051137237252824,0.143838110693717,-0.09644425109450738
21.82,-1.7848799790403251,1.028879675338689,-1.8183902785640897,1.008018704817954,0.03947303212624276,0.25382341420006993,14.543010375264975,0.14403138579484054,-0.09461454902853772
21.84,-1.7875186358440627,1.0300433262720727,-1.8183902785640897,1.008018704817954,0.03792284633872073,0.26280046293529535,15.057357380276645,0.1442209808334649,-0.09287144638159273
21.86,-1.7901583833477501,1.0312132872994013,-1.8183902785640897,1.008018704817954,0.03653804269518331,0.2722056279117204,15.59623363905006,0.14440724665734095,-0.09120057567646445
21.88,-1.7927991913310761,1.0323894597272145,-1.8183902785640897,1.008018704817954,0.0353388941623101,0.28207852976393344,16.16190924672876,0.14459031615730034,-0.08959733231450606
21.9,-1.7954405344241033,1.033571535662118,-1.8183902785640897,1.008018704817954,0.034345857395635004,0.2924661316636108,16.75707499484235,0.14477031244399807,-0.0880574924935762
21.92,-1.7980843576508123,1.0347602807881755,-1.8183902785640897,1.008018704817954,0.03357740772465024,0.3034051752525388,17.383836024397564,0.14494781328495687,-0.08655600640367078
21.94,-1.800729136313343,1.0359549284368064,-1.8183902785640897,1.008018704817954,0.033050696447785015,0.31496024143586787,18.04589254869666,0.1451210754465082,-0.08517361248988609
21.96,-1.8033750012486987,1.0371554636512545,-1.8183902785640897,1.008018704817954,0.0327781828075934,0.32719145319273846,18.746689360696138,0.14529169915067364,-0.08383915749421433
21.98,-1.806021768905059,1.038361735198773,-1.8183902785640897,1.008018704817954,0.032767049361772556,0.3401678961704264,19.490184776409833,0.14545964435668246,-0.08255564391879133
22.0,-1.8086697199276374,1.039573798822652,-1.8183902785640897,1.008018704817954,0.03301837697177192,0.3539651217429092,20.280707570703065,0.14562514069904609,-0.08131370613839728
22.02,-1.811318672429083,1.040791504700854,-1.8183902785640897,1.008018704817954,0.03352706407506136,0.36867060464445256,21.1232696766633,0.1457880164989822,-0.08012229755854916
22.04,-1.813968599959916,1.0420147767153807,-1.8183902785640897,1.008018704817954,0.03428241744879737,0.3843824037764385,22.023489455483404,0.14594849937608068,-0.0789721272076438
22.06,-1.8166193326050275,1.0432434775492472,-1.8183902785640897,1.008018704817954,0.03526926230531578,0.4012119374460035,22.987750705922792,0.1461066736646366,-0.07786036645363037
22.08,-1.8192709934214968,1.0444776042411001,-1.8183902785640897,1.008018704817954,0.03646953531109408,0.419284985646438,24.0232600907442,0.14626272792606088,-0.07677933747174404
22.1,-1.821923418735109,1.0457170247942604,-1.8183902785640897,1.008018704817954,0.03786352345601302,0.43874542474431366,25.13826111852385,0.1464166109098164,-0.07573230207752468
22.12,-1.8245767286674348,1.0469617387251484,-1.8183902785640897,1.008018704817954,0.03943135877417954,0.4597570206606376,26.342136885363526,0.14656849432823638,-0.0747122839542258
22.14,-1.827231038231992,1.0482117420744914,-1.8183902785640897,1.008018704817954,0.04115384885294456,0.48250736604966465,27.64563565861969,0.1467183269035388,-0.07372248869597087
22.16,-1.8298861873004566,1.0494669054787797,-1.8183902785640897,1.008018704817954,0.04301289638811765,0.5072110998742192,29.06105534498124,0.14686606881957331,-0.07276562912217344
22.18,-1.8325421551169443,1.050727167039362,-1.8183902785640897,1.008018704817954,0.04499209214167162,0.5341137071835187,30.6024612017019,0.1470118871360837,-0.07183491539913822
22.2,-1.835198921913463,1.051992466615365,-1.8183902785640897,1.008018704817954,0.0470767694076587,0.5634958297046373,32.28593281529828,0.14715583618098993,-0.0709286615455107
22.22,-1.837856468554603,1.0532627455658878,-1.8183902785640897,1.008018704817954,0.04925399248738573,0.5956775607029592,34.129810178927464,0.14729796538057727,-0.07004537646737585
22.24,-1.840594332191057,1.0545739258922304,-1.888472320552854,1.045659886649103,0.048700737830143684,0.161861492278923,9.273980373271648,0.15359523768077032,0.02583357983532153
22.26,-1.8433652390252357,1.0558993607951546,-1.888472320552854,1.045659886649103,0.046254682300572086,0.1656309696283289,9.489955516362768,0.15357708087069266,0.022436211077059287
22.28,-1.846135943996645,1.0572232829229524,-1.888472320552854,1.045659886649103,0.043887138358466735,0.16970200418748016,9.723208614854036,0.15353118923715492,0.017807962174321013
22.3,-1.848906388933634,1.0585459704561424,-1.888472320552854,1.045659886649103,0.041611465977286155,0.1740919702246955,9.974735140992246,0.15349418483756594,0.013535531148134439
22.32,-1.851676650309037,1.0598677316769354,-1.888472320552854,1.045659886649103,0.03944343049262608,0.1788117582178801,10.245159073198243,0.15346583204536302,0.009613830346810737
22.34,-1.8544467118911763,1.0611888271871757,-1.888472320552854,1.045659886649103,0.037401738449337286,0.18388704188345215,10.53595140706721,0.15344503570355883,0.006000488028123918
22.36,-1.8572166445334684,1.062509531346495,-1.888472320552854,1.045659886649103,0.03550813723440232,0.18933439690853773,10.848061859513994,0.15343195072434757,0.002706215382064503
22.38,-1.859986554136063,1.063830058760482,-1.888472320552854,1.045659886649103,0.03378748352436328,0.1951534065277336,11.181466551639945,0.15342619008256175,-7.63008128901177e-06
22.4,-1.8627563353544208,1.0651505852533092,-1.888472320552854,1.045659886649103,0.03226761885863356,0.20142204900082075,11.54063330862429,0.15342285142603274,-0.003170439389910129
22.42,-1.865526079395963,1.0664713492429445,-1.888472320552854,1.045659886649103,0.030978169063472227,0.20813979750083256,11.925531945505305,0.15342833392331112,-0.005683123549260483
22.44,-1.8682958412736794,1.0677925644715551,-1.888472320552854,1.045659886649103,0.029949052467405833,0.21536206767936591,12.339337545238463,0.153438192559463,-0.008006920728109712
22.46,-1.8710656283728133,1.0691143864709447,-1.888472320552854,1.045659886649103,0.029207986827980193,0.2231193434297687,12.78379670625572,0.15345374164112968,-0.010083105708713624
22.48,-1.8738354732328713,1.0704369669666045,-1.888472320552854,1.045659886649103,0.02877743922812469,0.23146411205602968,13.261916729553656,0.15347328499670798,-0.011982034297808308
22.5,-1.8766053968793897,1.0717604412795856,-1.888472320552854,1.045659886649103,0.028671638067795113,0.24045438232568062,13.777021272686596,0.15349667938622247,-0.01370798203392809
22.52,-1.8793754189583471,1.0730849327378607,-1.888472320552854,1.045659886649103,0.028894407271834226,0.2501573506026742,14.332960403707652,0.15352357756572843,-0.015274110710117306
22.54,-1.8821455826967586,1.074410569712767,-1.888472320552854,1.045659886649103,0.029438569743229948,0.2606526611679616,14.934297403777682,0.15355365594829085,-0.01669274615673233
22.56,-1.884915853433726,1.075737425670295,-1.888472320552854,1.045659886649103,0.030287073347234586,0.272028129795558,15.586063746122433,0.15358675771330876,-0.017969204208767575
22.58,-1.8876863017235663,1.077065621904983,-1.888472320552854,1.045659886649103,0.03141556990669474,0.2843931019420736,16.294524463914595,0.1536223131842096,-0.019126651269463224
22.6,-1.8904568787759468,1.0783952086865956,-1.888472320552854,1.045659886649103,0.032795423159934924,0.297869840140756,17.066684684301833,0.15366033499726317,-0.02016346662275792
22.62,-1.8932276966397135,1.0797263139994704,-1.888472320552854,1.045659886649103,0.03439673057349114,0.31260938940331195,17.911198648971457,0.15370035088582146,-0.021098879312841934
22.64,-1.8959986626955463,1.0810589527792205,-1.888472320552854,1.045659886649103,0.03619032617887414,0.328782801911744,18.837866926028706,0.15374245510271223,-0.02192800036604492
22.66,-1.898769782060085,1.0823931800619238,-1.888472320552854,1.045659886649103,0.038149345452383486,0.3465982029950081,19.858614218432532,0.1537861452792555,-0.022671516232142253
22.68,-1.9015410989975792,1.083729066525539,-1.888472320552854,1.045659886649103,0.04024991213036075,0.36630570511396865,20.9877709145941,0.1538312652568541,-0.023335459392870295
22.7,-1.9043126200851679,1.085066659797536,-1.888472320552854,1.045659886649103,0.04247127098693295,0.3882051069862271,22.242514215735405,0.1538777369924027,-0.023922595793202106
22.72,-1.9070843935615733,1.0864060241497961,-1.888472320552854,1.045659886649103,0.04479572505169772,0.4126602350065118,23.643689838749836,0.15392540604322047,-0.024438999769726966
22.74,-1.9098563399861048,1.0877471546342625,-1.955702157142827,1.0882404789012565,0.04584847128967343,0.08199705121417278,4.698084967090162,0.15397418076170677,-0.02488813842987936
22.76,-1.9126285502229934,1.0890901265870823,-1.955702157142827,1.0882404789012565,0.04308198596019419,0.08464993263234444,4.850083875900079,0.15402382229692257,-0.025279775140440996
22.78,-1.9153857781149695,1.0904226262973844,-1.955702157142827,1.0882404789012565,0.04037539083620493,0.08380675390591463,4.801773293500435,0.1524955576624354,0.19562810860851432
22.8,-1.918141222062493,1.091741503615628,-1.955702157142827,1.0882404789012565,0.03772374607803037,0.08229673243414881,4.715255436194121,0.15280230225467317,0.18530668334876266
22.82,-1.9209082782296003,1.093053672293065,-1.955702157142827,1.0882404789012565,0.035125216589442294,0.08108653138788391,4.645916023880826,0.1531770441931979,0.17185902601135616
22.84,-1.9236860830397169,1.0943595559384478,-1.955702157142827,1.0882404789012565,0.03259558412980079,0.08016706675901109,4.59323458123485,0.153524796544513,0.15946306974545799
22.86,-1.9264741310094173,1.0956597194069038,-1.955702157142827,1.0882404789012565,0.030154977057459627,0.07954094111417476,4.5573602243408216,0.1538474414728208,0.1480433728981434
22.88,-1.9292711090888808,1.0969542316044754,-1.955702157142827,1.0882404789012565,0.027830375265218206,0.07917669612989232,4.536490524032629,0.15414581216000034,0.13757047958057322
22.9,-1.932075933849688,1.0982431700329847,-1.955702157142827,1.0882404789012565,0.025656427205946217,0.07905162142227073,4.529324271162079,0.15442409498866994,0.12786696613587
22.92,-1.9348897640800529,1.0995277628580238,-1.955702157142827,1.0882404789012565,0.023676116322575068,0.07923569546088995,4.539870936692888,0.15468565103060605,0.11879101706913087
22.94,-1.937710746338862,1.1008077289749993,-1.955702157142827,1.0882404789012565,0.021945993646518152,0.07967851793301017,4.565242795418927,0.15492504825591613,0.11058650082190757
22.96,-1.9405386051348033,1.1020834615276582,-1.955702157142827,1.0882404789012565,0.020531962339116576,0.08039289392139048,4.6061735245386055,0.15514868261368164,0.10297936806902275
22.98,-1.9433726825753506,1.1033551281322014,-1.955702157142827,1.0882404789012565,0.01950560341246973,0.08137797556360216,4.662614545113151,0.15535692349082364,0.09595845018722793
23.0,-1.9462129226548905,1.1046231681243062,-1.955702157142827,1.0882404789012565,0.01893246094267911,0.08265874071906776,4.735996983068746,0.15555164875962202,0.08944641971458944
23.02,-1.949058717244093,1.1058877295362592,-1.955702157142827,1.0882404789012565,0.01885631853418624,0.0842412317552359,4.8266670405584655,0.15573249520917098,0.08346364384487215
23.04,-1.9519096893791876,1.1071490286699064,-1.955702157142827,1.0882404789012565,0.01928512551402642,0.08614341281117621,4.935653986933583,0.15590121733073392,0.07793801055339111
23.06,-1.954765631787344,1.1084073442429807,-1.955702157142827,1.0882404789012565,0.02018859919490945,0.08839399524656733,5.064602861927768,0.15605875104249822,0.07283274725627953
23.08,-1.957625934160045,1.1096627226371976,-1.955702157142827,1.0882404789012565,0.02150845054145094,0.0910111775490523,5.214556362076489,0.1562054375903399,0.06813684588574676
23.1,-1.960490454212959,1.110915403399217,-1.955702157142827,1.0882404789012565,0.02317498629600553,0.09403726527165013,5.3879384170177,0.15634312005341489,0.06377365360882292
23.12,-1.9633590349867007,1.1121656121815988,-1.955702157142827,1.0882404789012565,0.025120505185966032,0.09752250995708422,5.5876282280634735,0.1564719763190947,0.05973865041530857
23.14,-1.966230973163965,1.1134132730878445,-1.955702157142827,1.0882404789012565,0.027285995198403322,0.10150686248609331,5.81591481206797,0.1565922606210135,0.05602396667386822
23.16,-1.9691065068673466,1.114658736149921,-1.955702157142827,1.0882404789012565,0.029624329656446867,0.10607857212599248,6.077854479593466,0.15670616589693598,0.05253719139147739
23.18,-1.9719854946798807,1.1159021885057785,-1.955702157142827,1.0882404789012565,0.0320985554128301,0.11133030293843538,6.378756490285254,0.1568126349904997,0.04932673558388778
23.2,-1.974867427716453,1.1171436123861656,-1.955702157142827,1.0882404789012565,0.03467994696372481,0.11736404554100144,6.724464476080571,0.15691193055304975,0.046383978415664995
23.22,-1.9777521406748397,1.1183831199863965,-1.955702157142827,1.0882404789012565,0.03734676137698689,0.12432488396051466,7.123291139391193,0.15700558133764364,0.04364512216831207
23.24,-1.9806394809852141,1.1196208171985724,-1.955702157142827,1.0882404789012565,0.040082362106967695,0.13240036833066515,7.585982311324678,0.15709396712495494,0.04109582788097699
23.26,-1.9835294549998237,1.120856879088121,-2.0226087935005634,1.1313336696044523,0.04045933559981537,-0.023202119069186455,-1.32938349842439,0.1571774334283571,0.038723122839923185
23.28,-1.9862342697546234,1.1220075674237722,-2.0226087935005634,1.1313336696044523,0.037551060699112675,-0.028039992614357967,-1.6065732343807109,0.14180187696475333,0.2864190491294605
23.3,-1.988856581428491,1.123106310877,-2.0226087935005634,1.1313336696044523,0.03474048432863782,-0.03435207491089054,-1.9682289099112715,0.1422230943537217,0.2753007614067493
23.32,-1.9914946422371305,1.1241949987507087,-2.0226087935005634,1.1313336696044523,0.03192257869286057,-0.040515163567581336,-2.3213478787046062,0.14277703136480469,0.257809380190821
23.34,-1.9941483683720984,1.125274566494772,-2.0226087935005634,1.1313336696044523,0.02909825645956643,-0.04652277604230193,-2.6655587184562397,0.1432978975421717,0.24163146771533084
23.36,-1.9968162483633776,1.126345261609771,-2.0226087935005634,1.1313336696044523,0.026270508159820002,-0.052427395801619696,-3.0038685102947,0.14378439606279603,0.22683072573664864
23.38,-1.9994969774420772,1.1274073188759601,-2.0226087935005634,1.1313336696044523,0.02344295782456711,-0.05827605883863018,-3.338972218109567,0.14424101766483677,0.21320926503504145
23.4,-2.002190598524365,1.1284615257760713,-2.0226087935005634,1.1313336696044523,0.020619211824339147,-0.06407337865460906,-3.6711341760527163,0.14467152263557548,0.2006023900705256
23.42,-2.004895546054972,1.1295079257366,-2.0226087935005634,1.1313336696044523,0.017807090602895904,-0.06987810157242169,-4.003720300486244,0.14507524879272538,0.1890451671293647
23.44,-2.007611542622811,1.1305470445509012,-2.0226087935005634,1.1313336696044523,0.015017866455163408,-0.07571056323482495,-4.337895737913807,0.1454568062954964,0.17833536455319488
23.46,-2.010338276933104,1.1315793803102416,-2.0226087935005634,1.1313336696044523,0.012272976435373655,-0.0815951148319285,-4.675055708754808,0.145816689967182,0.1684557139614018
23.48,-2.0130747855764475,1.1326051153360246,-2.0226087935005634,1.1313336696044523,0.0096184136605492,-0.08757867706976885,-5.017888571436915,0.14615557732671203,0.15938093036432788
23.5,-2.0158202339199662,1.1336244182490458,-2.0226087935005634,1.1313336696044523,0.007164640293275396,-0.0937072902128464,-5.369032238803665,0.14647615414558057,0.15099578659277801
23.52,-2.018574453856039,1.134637694604037,-2.0226087935005634,1.1313336696044523,0.0052146406937834695,-0.10001199778537817,-5.730265373773905,0.14678066126319056,0.14320472666112805
23.54,-2.021336983871411,1.1356452122044092,-2.0226087935005634,1.1313336696044523,0.004495208485048121,-0.10653665729223771,-6.104100826276866,0.14706940803579371,0.13599837433153628
23.56,-2.024107394991286,1.1366472208031668,-2.0226087935005634,1.1313336696044523,0.005520836238230246,-0.11332968844135438,-6.493312841222155,0.1473435666915046,0.1293288776407775
23.58,-2.026885290736878,1.137643954178707,-2.0226087935005634,1.1313336696044523,0.007622868227923376,-0.12044507771925472,-6.900994616438483,0.1476042252967824,0.12315202619933574
23.6,-2.0296703044256676,1.1386356311354273,-2.0226087935005634,1.1313336696044523,0.010157931814360924,-0.12794377453303163,-7.330638295716097,0.14785238240557774,0.11742746569398665
23.62,-2.0324623150733125,1.1396225484504365,-2.0226087935005634,1.1313336696044523,0.012876233917882887,-0.13589038583351876,-7.785945584664976,0.14808895470614925,0.11211834340968396
23.64,-2.0352605579644507,1.140604725153779,-2.0226087935005634,1.1313336696044523,0.015685012433797513,-0.14437570356271756,-8.2721184783756,0.14831425321788494,0.10721464427820848
23.66,-2.038065173159728,1.141582502165081,-2.0226087935005634,1.1313336696044523,0.018545572005846462,-0.15348449617728965,-8.794013851650515,0.14853015361706579,0.10263668078797084
23.68,-2.0408754805197065,1.1425558930226447,-2.0226087935005634,1.1313336696044523,0.02143852031048681,-0.1633367252396294,-9.358504995718715,0.14873634257202006,0.0984016781896413
23.7,-2.0436916240689462,1.1435252006011911,-2.0226087935005634,1.1313336696044523,0.02435403812142003,-0.17405783258574423,-9.972779198357797,0.14893441642984673,0.09444208349002059
23.72,-2.0465133465306535,1.1444905743721416,-2.0226087935005634,1.1313336696044523,0.02728610999454552,-0.18580993586248118,-10.64612511651669,0.14912409251661707,0.09077341866725597
23.74,-2.0493399009206983,1.145451949637036,-2.0226087935005634,1.1313336696044523,0.03023041407234175,-0.1988001051233601,-11.390406990325628,0.14930600622080625,0.08737056934104981
23.76,-2.052171456947357,1.1464095797601224,-2.0226087935005634,1.1313336696044523,0.033184848004627204,-0.21326699134846464,-12.219298513720066,0.14948176821489856,0.08416486673573642
23.78,-2.0550078286046745,1.147363586997947,-2.0226087935005634,1.1313336696044523,0.036147693250326296,-0.22951876834799692,-13.15045674538105,0.1496510596597167,0.08117282612546406
23.8,-2.057627535285392,1.148235749766764,-2.0226087935005634,1.1313336696044523,0.038884348908085294,-0.25040580784550137,-14.347195955111106,0.13475820650177273,0.31294682076604685
23.82,-2.060198493171068,1.1490742686334683,-2.0920121162940766,1.1702126966046156,0.03819606986725462,-0.13212587419695243,-7.57025495596184,0.1352925849449571,0.29938317923500213
23.84,-2.062786177425001,1.1499015196822715,-2.0920121162940766,1.1702126966046156,0.035590720851785364,-0.14100141012084322,-8.078785705317527,0.13589542039791347,0.282343805829699
23.86,-2.065388767391522,1.1507176839857007,-2.0920121162940766,1.1702126966046156,0.03299785180581925,-0.14987804216955602,-8.587379257999336,0.13646351588703087,0.266691026756527
23.88,-2.0680064676765704,1.1515236043934116,-2.0920121162940766,1.1702126966046156,0.030422908033685112,-0.1587653470478001,-9.09658431876875,0.13700159377667553,0.2522115537823
23.9,-2.070637410641964,1.1523193657235682,-2.0920121162940766,1.1702126966046156,0.02787560459852118,-0.1677330562090793,-9.61039620561085,0.1375089127813256,0.23894291033915716
23.92,-2.0732809163763366,1.153105375356188,-2.0920121162940766,1.1702126966046156,0.02536766230174245,-0.17681975991176957,-10.131025977460903,0.13799077919702807,0.2266479005894051
23.94,-2.0759376560593035,1.1538824838171478,-2.0920121162940766,1.1702126966046156,0.022914277678410012,-0.18603256456264905,-10.658880801434792,0.1384489930041033,0.21524903859121425
23.96,-2.078605610776086,1.1546506337959375,-2.0920121162940766,1.1702126966046156,0.02054050118826581,-0.19544965517813795,-11.198440348994561,0.13888177085552567,0.20483165897228206
23.98,-2.0812846391812725,1.1554102970409676,-2.0920121162940766,1.1702126966046156,0.01828085878856953,-0.2051054015684146,-11.751673865206094,0.1392945593890138,0.19515440152412245
24.0,-2.083973823135734,1.1561616718610652,-2.0920121162940766,1.1702126966046156,0.0161878180507232,-0.21505587821037508,-12.321794180933935,0.13968777137098876,0.1862032236887856
24.02,-2.0866734232589192,1.1569052949054561,-2.0920121162940766,1.1702126966046156,0.014338360551556413,-0.22533518090548466,-12.910754841701166,0.14006375829063167,0.17787675039016015
24.04,-2.0893829188883943,1.1576414593806617,-2.0920121162940766,1.1702126966046156,0.012843234963940003,-0.235999954333459,-13.521801348587363,0.140422009734964,0.17020257176147968
24.06,-2.0921011750638665,1.1583702235641253,-2.0920121162940766,1.1702126966046156,0.011842807909411293,-0.2471242171399517,-14.159174657593752,0.14076394971536121,0.1631215249789375
24.08,-2.0948284624582567,1.1590920322326654,-2.0920121162940766,1.1702126966046156,0.011471747111493236,-0.25876027202579044,-14.825871492734892,0.1410923170803713,0.1565150735577392
24.1,-2.0975637708032497,1.1598069359228407,-2.0920121162940766,1.1702126966046156,0.011794096962277154,-0.27099200891938047,-15.526698392852062,0.14140666851869543,0.15040743915478716
24.12,-2.100307083925941,1.1605152394017084,-2.0920121162940766,1.1702126966046156,0.012761158419825799,-0.28389363398042544,-16.26590705771015,0.1417093156882432,0.1446991318496127
24.14,-2.103058363188836,1.1612172357989052,-2.0920121162940766,1.1702126966046156,0.014245626892736517,-0.29755064388950947,-17.048396086269012,0.14200042644518795,0.13938654766953995
24.16,-2.1058164733458447,1.1619128818857019,-2.0920121162940766,1.1702126966046156,0.016107364712484657,-0.3120772882044984,-17.88071149600559,0.1422802620582475,0.13446197215688516
24.18,-2.108582236952199,1.1626026578700992,-2.0920121162940766,1.1702126966046156,0.01823407766149889,-0.32757268674665024,-18.768532434344056,0.14255115583370337,0.1298245135741838
24.2,-2.1113545884108866,1.1632865251480005,-2.0920121162940766,1.1702126966046156,0.020545147325731317,-0.3441796807229225,-19.720043099583638,0.14281173235328737,0.12553931228564963
24.22,-2.1141335564949983,1.1639647100011716,-2.0920121162940766,1.1702126966046156,0.02298685392044272,-0.36204572429569915,-20.74369199290057,0.14306409653885854,0.12151562374357328
24.24,-2.1169189189183375,1.1646373646465238,-2.0920121162940766,1.1702126966046156,0.025523188347203227,-0.38134523220198785,-21.849472342610277,0.14330833489335504,0.1177527191076333
24.26,-2.119710466593306,1.1653046319396714,-2.0920121162940766,1.1702126966046156,0.028129836616200023,-0.4022806669412699,-23.048984395442705,0.14354496920379045,0.11423031551743845
24.28,-2.122508003965135,1.1659666463437226,-2.0920121162940766,1.1702126966046156,0.03079006508053942,-0.4250880279038345,-24.355749920429087,0.143774486556425,0.11092953760866164
24.3,-2.1253109173212126,1.1666234186579307,-2.0920121162940766,1.1702126966046156,0.03349168652103611,-0.4500462443484259,-25.78575038687818,0.14399733586527574,0.10783306999218034
24.32,-2.128120120345554,1.1672753420159339,-2.0920121162940766,1.1702126966046156,0.036227282654943335,-0.4774726021732185,-27.3571649376544,0.1442145502396075,0.10489712919919958
24.34,-2.1307325558413734,1.1678725878897067,-2.0920121162940766,1.1702126966046156,0.03879108850668493,-0.508924406005836,-29.15922055533677,0.13047762830313836,0.3144795567311398
24.36,-2.1332887811755126,1.1684405118711738,-2.0920121162940766,1.1702126966046156,0.041314691121486266,-0.5435097217644627,-31.140813181433373,0.13100736703377525,0.3028320735273815
24.38,-2.1358600145870064,1.1689957467916443,-2.165954886410647,1.1994322915241753,0.04280285697633639,-0.2090503761436553,-11.977704258653798,0.1316165254276802,0.28719906638247084
24.4,-2.1384463227720385,1.1695390163495545,-2.165954886410647,1.1994322915241753,0.04062424121291332,-0.21935435799161243,-12.568078930721153,0.13219561346502484,0.27272818216933503
24.42,-2.141046304764124,1.1700706551174578,-2.165954886410647,1.1994322915241753,0.038503806722475845,-0.229755608397074,-13.164026680612839,0.13274396400841937,0.25945195541776656
24.44,-2.143656710437206,1.170590461762895,-2.165954886410647,1.1994322915241753,0.03645627237830558,-0.24035191840937298,-13.771150522729787,0.13326552316672569,0.24719495172298434
24.46,-2.1462820852536124,1.1710999872164167,-2.165954886410647,1.1994322915241753,0.034492587214525514,-0.251067316779368,-14.385097625131863,0.13376849297468407,0.2355890975105912
24.48,-2.1489186924676296,1.1715990158465128,-2.165954886410647,1.1994322915241753,0.0326331601137992,-0.2620137986524216,-15.012284836974294,0.1342419923426652,0.22513098440174462
24.5,-2.1515669049826704,1.172088110741573,-2.165954886410647,1.1994322915241753,0.030898515049164216,-0.27321593140760037,-15.654119765391295,0.13469539174673084,0.21540263965807993
24.52,-2.1542257241565874,1.1725675257950274,-2.165954886410647,1.1994322915241753,0.029313629677405174,-0.2847292717921053,-16.313785577520953,0.1351281426968498,0.20643372341144772
24.54,-2.156894267280585,1.1730374892516562,-2.165954886410647,1.1994322915241753,0.02790663731131755,-0.2966089846751996,-16.994442987549448,0.13554280392813478,0.19811392176410925
24.56,-2.159572922572315,1.1734984674049367,-2.165954886410647,1.1994322915241753,0.02670754005672143,-0.3088906714398778,-17.698131804467195,0.13594152771354562,0.1903510337294967
24.58,-2.1622604852343237,1.1739505914113713,-2.165954886410647,1.1994322915241753,0.025748119168018762,-0.3216421692126037,-18.428738809314858,0.1363237823597041,0.18317381105442676
24.6,-2.164956978538417,1.1743941958102377,-2.165954886410647,1.1994322915241753,0.02505797392252128,-0.3349147061378859,-19.189199158565067,0.13669228314991955,0.17646485737266016
24.62,-2.167662050624852,1.1748295329320009,-2.165954886410647,1.1994322915241753,0.024661916794910217,-0.34877117436006433,-19.983116306653038,0.1370472255517896,0.1702198702108193
24.64,-2.170375708090672,1.1752569069412284,-2.165954886410647,1.1994322915241753,0.024576266682715762,-0.36327557873791383,-20.814157461854887,0.13738953878936755,0.16440157052599602
24.66,-2.1730972847957037,1.175676482599138,-2.165954886410647,1.1994322915241753,0.024806295821298046,-0.3785082197139005,-21.68692350061696,0.13771950559124946,0.15900173755911684
24.68,-2.175826183561263,1.1760884070215232,-2.165954886410647,1.1994322915241753,0.02534520568290822,-0.3945551164413006,-22.60634295737928,0.1380385890337843,0.15395893275066408
24.7,-2.178562475197269,1.1764929264616126,-2.165954886410647,1.1994322915241753,0.026175671232770356,-0.4115028177524595,-23.577374714957017,0.13834801974148547,0.14922171345688184
24.72,-2.1813059134621393,1.1768902263100887,-2.165954886410647,1.1994322915241753,0.02727267378992733,-0.42945199642093845,-24.60578689838711,0.1386478843351302,0.14478990475130793
24.74,-2.1840559799115846,1.1772804302863924,-2.165954886410647,1.1994322915241753,0.02860689675983191,-0.4485171359084088,-25.69813892684737,0.1389387936877151,0.14063971214978155
24.76,-2.186813039565292,1.1776637935349987,-2.165954886410647,1.1994322915241753,0.03014846692167633,-0.46881772629293383,-26.861277077504514,0.13922173318992037,0.1367302144394955
24.78,-2.1895763238016523,1.1780403857122042,-2.165954886410647,1.1994322915241753,0.031868259109738624,-0.4904976379325823,-28.10344451467292,0.13949636646861663,0.13307991382327522
24.8,-2.1923459260848364,1.1784103912816726,-2.165954886410647,1.1994322915241753,0.03374029141679696,-0.5137103081944914,-29.433432551909146,0.1397639864170408,0.1296337885742238
24.82,-2.1951216678003562,1.1787739492548883,-2.165954886410647,1.1994322915241753,0.035741687732256125,-0.5386299407734776,-30.861222325701764,0.1400246324448684,0.12639302413852693
24.84,-2.197903379490828,1.1791311907013284,-2.165954886410647,1.1994322915241753,0.03785288502497222,-0.5654513775392407,-32.397977452857006,0.14027871479931342,0.12334202345587464
24.86,-2.2006911468347954,1.1794822772803784,-2.165954886410647,1.1994322915241753,0.04005759424356349,-0.5943915418864516,-34.05612672836717,0.14052661924723875,0.12046614818378432
24.88,-2.2034843239349806,1.179827257850588,-2.165954886410647,1.1994322915241753,0.0423416582839568,-0.6256936584167976,-35.84960589538268,0.14076841430650244,0.1177650299408195
24.9,-2.2060878383222513,1.180139375173413,-2.165954886410647,1.1994322915241753,0.044529433529483256,-0.660428660024186,-37.83977488886617,0.12887850726659433,0.29953061090742805
24.92,-2.2086579070226846,1.1804321446570336,-2.165954886410647,1.1994322915241753,0.04673920784913966,-0.6977964647083299,-39.9807923869368,0.1294152027586648,0.28813709901320816
24.94,-2.211240992174821,1.180711578594702,-2.2435098290343687,1.216921055172295,0.04850158787391772,-0.2539621572656481,-14.550959767359311,0.1299948950120644,0.2744947400507014
24.96,-2.21383663243393,1.1809781945111104,-2.2435098290343687,1.216921055172295,0.04660888143903085,-0.2649143175162689,-15.178472326270827,0.13054797720191136,0.2618522375288923
24.98,-2.2164441894728553,1.1812324569103607,-2.2435098290343687,1.216921055172295,0.04479090187499584,-0.2760192937927344,-15.814740598505201,0.13107547442978706,0.2501663845716484
25.0,-2.219063571904336,1.1814748741396153,-2.2435098290343687,1.216921055172295,0.04305869525971705,-0.28730652106149934,-16.46145108341041,0.1315793129567533,0.23935466479746426
25.02,-2.2216936929919364,1.1817058034903143,-2.2435098290343687,1.216921055172295,0.041425327311285835,-0.2988271790871142,-17.121536165491662,0.13206018463194358,0.22939083401812832
25.04,-2.2243340536212073,1.181925626350967,-2.2435098290343687,1.216921055172295,0.039904766646162056,-0.3106222337059412,-17.797343014276738,0.1325209590678389,0.22015070472086729
25.06,-2.2269837559750645,1.1821346458480073,-2.2435098290343687,1.216921055172295,0.03851240533176753,-0.3227414599633187,-18.491723529788594,0.13296310850452464,0.21157306228758443
25.08,-2.2296428480171224,1.182333237641692,-2.2435098290343687,1.216921055172295,0.0372640615615497,-0.3352205527430758,-19.20672287822085,0.13338882792319762,0.20356406673610605
25.1,-2.232310935591154,1.182521720991328,-2.2435098290343687,1.216921055172295,0.036176365301759335,-0.3481060553356885,-19.945007793682443,0.1337983587566649,0.1961177569861916
25.12,-2.2349880428551123,1.1827004385673578,-2.2435098290343687,1.216921055172295,0.035265726144616275,-0.3614417172569757,-20.709084938785523,0.13419282816471423,0.1891884472410288
25.14,-2.2376730301653316,1.182869602880085,-2.2435098290343687,1.216921055172295,0.03454807699780494,-0.37529183389662985,-21.502638168001617,0.13457259092219953,0.18276523603338868
25.16,-2.2403663502885443,1.1830295389448127,-2.2435098290343687,1.216921055172295,0.0340369847492864,-0.38970210502783154,-22.328285885458687,0.13494004835872264,0.17674496703173892
25.18,-2.243067320612468,1.18318047111713,-2.2435098290343687,1.216921055172295,0.03374348568371542,-0.404738500192408,-23.189807867479836,0.13529474234734717,0.17115282479523986
25.2,-2.2457753251783554,1.1833226001727222,-2.2435098290343687,1.216921055172295,0.03367474797436123,-0.4204702349685996,-24.0911698745748,0.13563816642636617,0.16592624258737754
25.22,-2.248490472314966,1.1834561640570609,-2.2435098290343687,1.216921055172295,0.03383350033388567,-0.4369638342632261,-25.03618350313685,0.13597158688711808,0.1610123860001922
25.24,-2.2512122017378826,1.1835813442932712,-2.2435098290343687,1.216921055172295,0.034217873498520325,-0.4542995277110169,-26.029445572627857,0.13629508581667338,0.15641151174972112
25.26,-2.2539409432122617,1.1836983750073058,-2.2435098290343687,1.216921055172295,0.0348217549864652,-0.4725554556056921,-27.075433192087896,0.13660974919076363,0.1520785244848999
25.28,-2.256675852044784,1.1838074055803807,-2.2435098290343687,1.216921055172295,0.03563506631405197,-0.4918294013659299,-28.17974893871359,0.1369152061365675,0.1480338834908279
25.3,-2.2594176444497083,1.183908662182846,-2.2435098290343687,1.216921055172295,0.03664528185426248,-0.5122157262568954,-29.34779931474841,0.13721289176067408,0.14421649200513365
25.32,-2.2621652237118486,1.1840022669103607,-2.2435098290343687,1.216921055172295,0.03783742025041632,-0.5338319392842757,-30.586317090273013,0.1375020882233846,0.14066229160919486
25.34,-2.2649190009096642,1.1840884007107846,-2.2435098290343687,1.216921055172295,0.039196120208190154,-0.556796074569561,-31.90206512228731,0.1377844790673377,0.13729860539907213
25.36,-2.2676782447581836,1.184167183703412,-2.2435098290343687,1.216921055172295,0.040705385574875186,-0.5812440804220551,-33.30283267514636,0.13805974901610618,0.13414279460055578
25.38,-2.270443358478413,1.1842387758456827,-2.2435098290343687,1.216921055172295,0.04235028205686373,-0.6073192327676633,-34.796828854710355,0.1383289813488453,0.13114873572916963
25.4,-2.273213918222463,1.1843032999183059,-2.2435098290343687,1.216921055172295,0.04411633339595904,-0.635181423873767,-36.39321481307704,0.13859187763252123,0.12833275768342478
25.42,-2.2759895310225096,1.184360866655011,-2.2435098290343687,1.216921055172295,0.045990182838509405,-0.6650029253226326,-38.10186098484031,0.13884910634409664,0.1256672648591861
25.44,-2.278770839940686,1.1844116210923972,-2.2435098290343687,1.216921055172295,0.04796042320841907,-0.696968799187927,-39.933370645769216,0.13910124052209927,0.12312863500091309
25.46,-2.2813854670338767,1.1844500975150605,-2.2435098290343687,1.216921055172295,0.049889147567859865,-0.731920237472635,-41.93594054739495,0.12903121218277303,0.2770750067118688
25.48,-2.2839745736696395,1.184474070745901,-2.2435098290343687,1.216921055172295,0.05186716067768068,-0.7691905202783951,-44.071370453424,0.1295368866318647,0.2670122108883177
25.5,-2.286574417488087,1.1844844735158118,-2.3228207994164483,1.2225800176727113,0.05258393944453866,-0.27402711259642576,-15.700597023931394,0.13007392989399236,0.25527428903548977
25.52,-2.289183603076445,1.1844817442775977,-2.3228207994164483,1.2225800176727113,0.050822626981539804,-0.28502588703285636,-16.330780378955247,0.13058799985070646,0.2443759631357012
25.54,-2.291803717006538,1.1844663745350164,-2.3228207994164483,1.2225800176727113,0.04913969062225288,-0.29619280595031605,-16.970597703090487,0.13108220094142364,0.2341810415443235
25.56,-2.2944332284268607,1.1844388051656167,-2.3228207994164483,1.2225800176727113,0.047545833447319226,-0.3075854688037201,-17.623349202006008,0.1315536215025892,0.22482557571951167
25.58,-2.297072602339082,1.1843994655743408,-2.3228207994164483,1.2225800176727113,0.046051321493213025,-0.31922678587400743,-18.290347538107074,0.13200607929531039,0.21614335558806097
25.6,-2.299719599209848,1.1843487172686817,-2.3228207994164483,1.2225800176727113,0.0446687562124644,-0.3311870921125053,-18.97562260725699,0.13243923422994186,0.2081552467292358
25.62,-2.3023747804440338,1.1842868927258234,-2.3228207994164483,1.2225800176727113,0.043409712162352544,-0.343491024183406,-19.680585986335256,0.1328579411573383,0.20064821825815926
25.64,-2.305037809290145,1.1842143221970751,-2.3228207994164483,1.2225800176727113,0.0422866566089286,-0.3561809058190824,-20.407662646580086,0.1332614897034068,0.19365894924322502
25.66,-2.3077079781843164,1.1841313130866726,-2.3228207994164483,1.2225800176727113,0.04131222881833957,-0.36930688448947646,-21.159725826372405,0.13365090438375304,0.18714637198213868
25.68,-2.3103857817613442,1.1840381447639938,-2.3228207994164483,1.2225800176727113,0.040498217632316584,-0.38290570095106724,-21.938880615994584,0.13402780215974186,0.1810425674816929
25.7,-2.3130705464853696,1.1839351066338732,-2.3228207994164483,1.2225800176727113,0.039855947880080775,-0.39703366870287865,-22.74835354127031,0.13439171843681041,0.1753730917888885
25.72,-2.315761662037409,1.1838224582520547,-2.3228207994164483,1.2225800176727113,0.03939517524750812,-0.4117491293754781,-23.591487331401,0.13474416546401802,0.17007469636370898
25.74,-2.318459946516284,1.1837004184349174,-2.3228207994164483,1.2225800176727113,0.03912339804910023,-0.4270988718949041,-24.470962794376618,0.13508643421573652,0.1650935837926859
25.76,-2.321164124916836,1.1835692523215193,-2.3228207994164483,1.2225800176727113,0.039045926595272715,-0.4431574839614909,-25.391053490629897,0.13541761760678117,0.1604748845143722
25.78,-2.323874014920403,1.1834291625467661,-2.3228207994164483,1.2225800176727113,0.03916501908579286,-0.459992291805561,-26.355616929008846,0.13573995298632457,0.15612203249887324
25.8,-2.3265894476367697,1.1832803413816715,-2.3228207994164483,1.2225800176727113,0.03947996030885857,-0.4776763824010548,-27.368840684657634,0.1360539381929149,0.15201617593746386
25.82,-2.329311181504778,1.1831229437709632,-2.3228207994164483,1.2225800176727113,0.03998731974689633,-0.4962829000965468,-28.43491562004481,0.1363600234737694,0.14814042392202742
25.84,-2.332037810314609,1.1829572088813203,-2.3228207994164483,1.2225800176727113,0.040680711232916576,-0.5159085941099522,-29.559385057028102,0.1366574670476961,0.14453186035490173
25.86,-2.334770080837145,1.1827832568338017,-2.3228207994164483,1.2225800176727113,0.04155198550900284,-0.5366428674584445,-30.747371411167297,0.13694833505100146,0.14110049608079267
25.88,-2.3375075412151394,1.1826012694322985,-2.3228207994164483,1.2225800176727113,0.042591087043320826,-0.5585917617437721,-32.00495041869538,0.1372319085892082,0.13788193490210654
25.9,-2.340250600430078,1.1824113754618535,-2.3228207994164483,1.2225800176727113,0.043787187400410064,-0.5818667219345708,-33.33850740596315,0.1375089598839363,0.13484432887345132
25.92,-2.34299827742809,1.182213770375276,-2.3228207994164483,1.2225800176727113,0.0451283119536726,-0.6065946655386816,-34.75531421051622,0.1377792560636193,0.13200135288077286
25.94,-2.345750725803826,1.1820085689842945,-2.3228207994164483,1.2225800176727113,0.046602832240191204,-0.6329079835505377,-36.26295627758114,0.13804411166240538,0.1292961184215513
25.96,-2.3485078271959736,1.1817958997622533,-2.3228207994164483,1.2225800176727113,0.04819924968171443,-0.6609507931901277,-37.869690915618435,0.13830351547012842,0.1267316261691076
25.98,-2.351269468516313,1.1815758848734614,-2.3228207994164483,1.2225800176727113,0.04990656950915505,-0.6908777819541385,-39.584381065331684,0.13855774807056687,0.12429753544290767
26.0,-2.354035791455997,1.181348625956511,-2.3228207994164483,1.2225800176727113,0.05171463420429307,-0.7228539357961934,-41.41647972554246,0.1388070733689739,0.12198413805092345
26.02,-2.3566596664369834,1.1811241735143194,-2.3228207994164483,1.2225800176727113,0.05351313797674677,-0.7575933301438406,-43.406900404503276,0.13036729527815538,0.2510734945204707
26.04,-2.3592642595932274,1.1808883784920496,-2.3228207994164483,1.2225800176727113,0.05537434936165813,-0.7945453232029067,-45.524093651384476,0.1308320809459529,0.24233480729912715
26.06,-2.361877818903609,1.1806392038681668,-2.4021637864440772,1.2171570586671796,0.05437382550265736,-0.27728003269188256,-15.886975616494361,0.13131937216819267,0.23235986709668754
26.08,-2.364499073857325,1.1803771711237419,-2.4021637864440772,1.2171570586671796,0.052643999676606795,-0.2879395899441317,-16.497723258526307,0.13178608689206062,0.22312789662831678
26.1,-2.367127686133652,1.1801026905415384,-2.4021637864440772,1.2171570586671796,0.050995632383104235,-0.29882230617240274,-17.121256968044765,0.13223511227786755,0.21451339681760606
26.12,-2.3697646390780283,1.179816063387771,-2.4021637864440772,1.2171570586671796,0.04943738138801219,-0.3099400131730017,-17.758254657042134,0.1326675848729364,0.20647012548030697
26.14,-2.3724082640807116,1.1795178010000753,-2.4021637864440772,1.2171570586671796,0.04798025457255748,-0.32135125095429756,-18.41207042093062,0.13308213377938305,0.19906493730653674
26.16,-2.375058291517737,1.1792082408513018,-2.4021637864440772,1.2171570586671796,0.046634972164937866,-0.3330920137687887,-19.0847665784651,0.1334824852115668,0.19213568429959915
26.18,-2.3777156324932283,1.1788876063629565,-2.4021637864440772,1.2171570586671796,0.04541214827851263,-0.3451839179885046,-19.77758165653125,0.1338695282825597,0.1856470811378852
26.2,-2.3803792041224003,1.1785563114823194,-2.4021637864440772,1.2171570586671796,0.04432364730208253,-0.3576807982721457,-20.493600153864136,0.13424212016637238,0.1796553976271542
26.22,-2.3830480407838928,1.17821471428258,-2.4021637864440772,1.2171570586671796,0.04338107788326165,-0.37063538899973936,-21.235843527874565,0.13460262929934075,0.17405922191904288
26.24,-2.3857230198268713,1.177862960278551,-2.4021637864440772,1.2171570586671796,0.04259489376834566,-0.384080034178796,-22.006164953685417,0.13495298621450935,0.16877598268960625
26.26,-2.3884035639640526,1.177501359499969,-2.4021637864440772,1.2171570586671796,0.04197520934003879,-0.3980693735681842,-22.807695058873485,0.13529212315246397,0.1638578584128858
26.28,-2.3910897997105227,1.1771301231141844,-2.4021637864440772,1.2171570586671796,0.0415305761089173,-0.4126539807615013,-23.643331496906693,0.1356213143072882,0.1592518172016666
26.3,-2.39378056200779,1.1767495970068313,-2.4021637864440772,1.2171570586671796,0.04126792228573757,-0.4279016996194758,-24.516961434670666,0.13594073915070837,0.1549539108502973
26.32,-2.3964766507143467,1.1763598680824983,-2.4021637864440772,1.2171570586671796,0.04119167722260396,-0.44386569385647007,-25.43163092862161,0.13625236613556968,0.1508790996354592
26.34,-2.3991778831856636,1.175961153491585,-2.4021637864440772,1.2171570586671796,0.04130397343483051,-0.4606148964854138,-26.39128954946951,0.13655534677872172,0.14706915625856132
26.36,-2.401883498146068,1.1755537268047034,-2.4021637864440772,1.2171570586671796,0.04160427602529973,-0.47822843102133583,-27.400470740685755,0.13685024708043336,0.14350223098313908
26.38,-2.404593371570493,1.175137759086637,-2.4021637864440772,1.2171570586671796,0.04208948112207953,-0.496786310646842,-28.463758919939078,0.13713832162067785,0.14012491241305325
26.4,-2.40730822559276,1.174713304786087,-2.4021637864440772,1.2171570586671796,0.042754385712734426,-0.5163713489308857,-29.585898955216923,0.13741992237370493,0.13692418498217895
26.42,-2.41002708079518,1.174280653222251,-2.4021637864440772,1.2171570586671796,0.04359148474105911,-0.5370849311988944,-30.772699797770844,0.13769441088966605,0.13393205869044467
26.44,-2.4127498328650168,1.1738399491574343,-2.4021637864440772,1.2171570586671796,0.044591886651111266,-0.5590313370542221,-32.03013622876232,0.13796317264511693,0.13108862412680722
26.46,-2.4154769062176706,1.1733912572657461,-2.4021637864440772,1.2171570586671796,0.045745868998367065,-0.5823227837251558,-33.36463782176085,0.13822648726786735,0.12838368440820647
26.48,-2.418207669646613,1.1729347975937972,-2.4021637864440772,1.2171570586671796,0.04704268872693192,-0.6070854750152688,-34.78343552206969,0.13848406611889352,0.12583292613277397
26.5,-2.4209425343010214,1.1724706211912677,-2.4021637864440772,1.2171570586671796,0.048471837858320065,-0.633453405999003,-36.29420668192989,0.13873675227502602,0.1234003922157001
26.52,-2.423680901772722,1.1719989341406727,-2.4021637864440772,1.2171570586671796,0.05002241960179155,-0.6615732822335183,-37.905356910597845,0.13898428281973185,0.12110040794904853
26.54,-2.4264231727218295,1.1715197755096687,-2.4021637864440772,1.2171570586671796,0.0516844216043096,-0.6916017166962746,-39.62585947069897,0.139227403629949,0.11890110955370403
26.56,-2.4291692491716437,1.1710332662031906,-2.4021637864440772,1.2171570586671796,0.05344809864149621,-0.7237063803627797,-41.46532120147671,0.13946586563888808,0.11681600042168228
26.58,-2.4318104102205824,1.1705573134179106,-2.4021637864440772,1.2171570586671796,0.05523095652478248,-0.7584541393058715,-43.456221136453834,0.13251065657446937,0.223588197335034
26.6,-2.4344231669561043,1.1700746405679012,-2.480281537249356,1.2021733696891035,0.05597605324734226,-0.2596614016400152,-14.877502416424225,0.13290803509653504,0.21707993912073453
26.62,-2.4370422891439607,1.1695791845924275,-2.480281537249356,1.2021733696891035,0.05414806994562496,-0.2696175797169665,-15.447949400314208,0.13334414745345136,0.20862787629416513
26.64,-2.439667640369791,1.1690713449916437,-2.480281537249356,1.2021733696891035,0.052394967876840684,-0.2797767335502182,-16.030026038383685,0.13376393882587045,0.20074246807721963
26.66,-2.442298130338718,1.1685516536694447,-2.480281537249356,1.2021733696891035,0.05072631455808379,-0.29018389180302084,-16.626312282994018,0.13416778938595275,0.19341066975236965
26.68,-2.4449351015286993,1.1680202003608187,-2.480281537249356,1.2021733696891035,0.049150884969866006,-0.30084572993262376,-17.237190609671924,0.13455827662576247,0.18652128980833904
26.7,-2.4475778605084773,1.1674774518628532,-2.480281537249356,1.2021733696891035,0.047679525859406297,-0.31180522818567735,-17.865123605152892,0.1349333860205082,0.18016962377020995
26.72,-2.4502250646118453,1.1669239434407503,-2.480281537249356,1.2021733696891035,0.04632400671625359,-0.32311531938798255,-18.51314409695302,0.13529499560236413,0.17427648741824564
26.74,-2.452877594565762,1.1663597699638333,-2.480281537249356,1.2021733696891035,0.0450953434390689,-0.334798637827545,-19.182548934247322,0.13564590583263758,0.16872044917182194
26.76,-2.4555345560799484,1.165785364083399,-2.480281537249356,1.2021733696891035,0.04400568178042221,-0.34690547315903175,-19.87621950200138,0.13598501354321613,0.16355532857115218
26.78,-2.458196434504066,1.165200867047438,-2.480281537249356,1.2021733696891035,0.0430664337374011,-0.35947111907101914,-20.596177979614076,0.13631419024946467,0.1587011883918965
26.8,-2.460862717777889,1.1646066141471698,-2.480281537249356,1.2021733696891035,0.042288907193409865,-0.37254697644442936,-21.3453694206255,0.13663304886897265,0.15417949161489197
26.82,-2.46353354683729,1.1640027912312494,-2.480281537249356,1.2021733696891035,0.04168318896929363,-0.38618067322024197,-22.126522705040678,0.1369427643621357,0.14994135712598222
26.84,-2.466208452647187,1.1633896984271668,-2.480281537249356,1.2021733696891035,0.04125802790698779,-0.4004307088168153,-22.94298960263552,0.13724349470394248,0.14598350316114006
26.86,-2.4688870071869506,1.1627676069308748,-2.480281537249356,1.2021733696891035,0.04102011035944273,-0.4153590846176043,-23.798322531005958,0.1375362532817226,0.1422638736195414
26.88,-2.471569098318153,1.162136706930486,-2.480281537249356,1.2021733696891035,0.04097366174723967,-0.431029807971058,-24.69618884107595,0.13782189691828872,0.1387470170013949
26.9,-2.4742554400555665,1.1614970081493727,-2.480281537249356,1.2021733696891035,0.04112031414641531,-0.44750693615211673,-25.64025874434669,0.1381007976955395,0.13541909338554703
26.92,-2.4769448174163107,1.1608489397471158,-2.480281537249356,1.2021733696891035,0.04145892195022064,-0.46487622677264206,-26.635445790038958,0.13837230146742652,0.13231282572051528
26.94,-2.47963767005788,1.1601925398741657,-2.480281537249356,1.2021733696891035,0.041985767075415306,-0.48321834228058896,-27.686371595985772,0.13863816962647046,0.12935137502251282
26.96,-2.482333896637168,1.1595279711305846,-2.480281537249356,1.2021733696891035,0.04269475608633532,-0.5026263798623181,-28.798370238050136,0.13889805695734836,0.12655296111829806
26.98,-2.485033895342603,1.1588552778405097,-2.480281537249356,1.2021733696891035,0.04357799890827553,-0.5232006851529694,-29.977191097618135,0.1391522822455249,0.12390573263548754
27.0,-2.4877368178394645,1.1581747883593239,-2.480281537249356,1.2021733696891035,0.044625736606923185,-0.5450573955838166,-31.229488359345247,0.13940062315687118,0.1214224825304977
27.02,-2.490442589076923,1.1574866319703565,-2.480281537249356,1.2021733696891035,0.04582740994412177,-0.5683193414122745,-32.56229967857784,0.1396442130973785,0.11905411363477558
27.04,-2.4931518377346795,1.1567907693903607,-2.480281537249356,1.2021733696891035,0.04717229106645095,-0.5931201246403488,-33.98327988616533,0.13988326867255818,0.11679284495108577
27.06,-2.4958633226801807,1.1560876103798552,-2.480281537249356,1.2021733696891035,0.04864863048763277,-0.6196094882704809,-35.50100862415924,0.14011730661676047,0.11466293197093247
27.08,-2.498578118727162,1.155376983995626,-2.480281537249356,1.2021733696891035,0.05024606061918388,-0.6479471861620179,-37.12463911446108,0.14034769743735964,0.11260373607102636
27.1,-2.5012959168437012,1.154659072524601,-2.480281537249356,1.2021733696891035,0.05195394676799713,-0.6783084904780882,-38.86421371228424,0.1405735226686522,0.11065913491231649
27.12,-2.504016207261308,1.1539340965143658,-2.480281537249356,1.2021733696891035,0.053762087357200235,-0.710880340789306,-40.730443266048894,0.1407952298591253,0.10881069183149572
27.14,-2.5066627868670293,1.153221226451505,-2.480281537249356,1.2021733696891035,0.055608296673647174,-0.746131774520258,-42.75020164061756,0.13627748013240737,0.1790627425710123
27.16,-2.509297833131304,1.1525014830916667,-2.5564526502807117,1.1792210425784442,0.05419881585017802,-0.24561285091516802,-14.072579751615027,0.13661227394614617,0.17389555357655295
27.18,-2.51193709162786,1.1517708511865261,-2.5564526502807117,1.1792210425784442,0.05229864213943231,-0.25464399369676904,-14.590026117180804,0.13696109849208327,0.16795125492796714
27.2,-2.514580099721712,1.1510297264185085,-2.5564526502807117,1.1792210425784442,0.05047832007055551,-0.26391828731463907,-15.121403999449871,0.13729818986265574,0.16239572378035083
27.22,-2.5172270258330567,1.1502783257847207,-2.5564526502807117,1.1792210425784442,0.04874762013380913,-0.2734596209583678,-15.668082148161707,0.1376246479703136,0.15718330301423
27.24,-2.5198777060374864,1.1495169447017377,-2.5564526502807117,1.1792210425784442,0.04711751242440538,-0.28329913970547455,-16.231845044810775,0.13794057830349704,0.15231321390113406
27.26,-2.522531986201037,1.148745860758853,-2.5564526502807117,1.1792210425784442,0.045599870159280756,-0.29346996926618935,-16.81459065278663,0.13824666575887878,0.14775859723620277
27.28,-2.525190010784746,1.1479652610462079,-2.5564526502807117,1.1792210425784442,0.04420719972409028,-0.30400392309676527,-17.418141748864297,0.1385435493390208,0.1434944909334268
27.3,-2.5278507881876693,1.1471756230646104,-2.5564526502807117,1.1792210425784442,0.04295317714683063,-0.3149493671336175,-18.045269497072564,0.1388313911425909,0.1395173309562403
27.32,-2.530515045037232,1.1463769316043166,-2.5564526502807117,1.1792210425784442,0.04185086607762602,-0.3263367776964474,-18.69772006190541,0.13911201666931827,0.13574825048406902
27.34,-2.5331823851751167,1.1455694885450427,-2.5564526502807117,1.1792210425784442,0.040913718077774455,-0.33821366866280145,-19.37821578801455,0.13938464389511296,0.13222565266590713
27.36,-2.5358526983670893,1.1447534981344276,-2.5564526502807117,1.1792210425784442,0.04015432279149796,-0.3506281222719123,-20.089511584777558,0.13965015198011965,0.1289131329787474
27.38,-2.5385258825411388,1.1439291525362674,-2.5564526502807117,1.1792210425784442,0.03958391724346759,-0.3636325367253586,-20.834609647998956,0.13990897200262253,0.12579422677849728
27.4,-2.5412020852729014,1.1430965651815044,-2.5564526502807117,1.1792210425784442,0.039211702338198255,-0.3772822999057228,-21.616683469586896,0.14016149612852136,0.12285405398632099
27.42,-2.5438809646180434,1.14225598526048,-2.5564526502807117,1.1792210425784442,0.03904436890156281,-0.3916428087001542,-22.439480015168314,0.14040779227162403,0.12009233079202097
27.44,-2.546562204531103,1.1414076399289865,-2.5564526502807117,1.1792210425784442,0.039085474757970695,-0.4067850269679989,-23.307065214381712,0.14064852927817562,0.11748143312562132
27.46,-2.5492461913503655,1.1405515405983138,-2.5564526502807117,1.1792210425784442,0.03933526958984871,-0.42278229004604234,-24.22364087251406,0.14088427541414372,0.11499794803110364
27.48,-2.5519321744815393,1.1396880366651752,-2.5564526502807117,1.1792210425784442,0.039790617713092453,-0.4397234861140194,-25.19429990711277,0.14111476800775513,0.11265608940991267
27.5,-2.554620754695645,1.1388170547614065,-2.5564526502807117,1.1792210425784442,0.04044549508850048,-0.4576986894929498,-26.22420319661478,0.14134101693041856,0.11041212128692912
27.52,-2.5573114307575913,1.137938862730509,-2.5564526502807117,1.1792210425784442,0.04129111135468191,-0.4768144920843594,-27.31945800710779,0.14156251436381329,0.10829113537086377
27.54,-2.560004772044489,1.1370533883866711,-2.5564526502807117,1.1792210425784442,0.04231700165490999,-0.49718468951797795,-28.486584347902358,0.14177994502897473,0.10626397205198979
27.56,-2.562700086685851,1.1361609539270252,-2.5564526502807117,1.1792210425784442,0.043510937662894836,-0.5189409551256222,-29.733126545186,0.14199287840599428,0.10435220666654699
27.58,-2.565397725548257,1.1352615416554666,-2.5564526502807117,1.1792210425784442,0.04486036215791532,-0.5422260499350451,-31.06726420332791,0.1422021563495468,0.10251932705124256
27.6,-2.5680972329571716,1.134355388982931,-2.5564526502807117,1.1792210425784442,0.04635216476348756,-0.5672004803210052,-32.49819366018671,0.1424075615796605,0.10077696959681637
27.62,-2.5707985647583134,1.1334425926437601,-2.5564526502807117,1.1792210425784442,0.047973656735973716,-0.5940409988319708,-34.03604209080779,0.14260963822647632,0.09910189045780893
27.64,-2.5735022478840506,1.132523064774332,-2.5564526502807117,1.1792210425784442,0.04971307583955279,-0.6229438921679338,-35.69205589467526,0.14280851203907208,0.09748977945339687
27.66,-2.576207846645907,1.1315970329195448,-2.5564526502807117,1.1792210425784442,0.051558840943317946,-0.6541250194697013,-37.478602889526684,0.1430038140207479,0.09595906960480072
27.68,-2.578915131949456,1.1306646471425217,-2.5564526502807117,1.1792210425784442,0.053500342246086185,-0.6878193347715149,-39.40914494990368,0.14319603830212912,0.09448864581984573
27.7,-2.5815977487720354,1.1297346018104337,-2.630354752163542,1.1497451693029768,0.05270358802864398,-0.21337248813065646,-12.225343034091868,0.14165500112193197,0.11977519874278864
27.72,-2.5842760176345907,1.1287989503537181,-2.630354752163542,1.1497451693029768,0.05061614232692836,-0.22082238663790266,-12.652190776357887,0.1418844368941352,0.11720827726352523
27.74,-2.586956525830287,1.1278555221450604,-2.630354752163542,1.1497451693029768,0.04860620023793788,-0.2285235917562889,-13.093437326805965,0.14211962352568275,0.11428998931167778
27.76,-2.589639449050891,1.1269044117765321,-2.630354752163542,1.1497451693029768,0.04668443115147586,-0.23649687102710315,-13.550272577902769,0.14234907899108862,0.1115333239920524
27.78,-2.592324273987196,1.1259459358831134,-2.630354752163542,1.1497451693029768,0.044863356781394276,-0.24477372789956497,-14.024501544328682,0.14257269697239838,0.10894536270317223
27.8,-2.5950113581630667,1.124980106033234,-2.630354752163542,1.1497451693029768,0.04315627252471192,-0.2533785513297375,-14.517521610332853,0.14279136408679172,0.10648846421712488
27.82,-2.5977002189149534,1.1240072160613686,-2.630354752163542,1.1497451693029768,0.041578369120859014,-0.26234682970019163,-15.031366110458336,0.14300483239511053,0.10417605165846666
27.84,-2.600390804618441,1.1230273985981158,-2.630354752163542,1.1497451693029768,0.040145702434047525,-0.2717123773819288,-15.56797246545041,0.14321387822282539,0.10197517146759427
27.86,-2.603083649333019,1.1220405829739963,-2.630354752163542,1.1497451693029768,0.03887489103846969,-0.28150755011294093,-16.129194522539038,0.14341870891796393,0.09987833393093615
27.88,-2.6057782981611335,1.1210470443804745,-2.630354752163542,1.1497451693029768,0.03778338874955574,-0.29177724991235054,-16.717604977911556,0.1436188849536002,0.09790740383763818
27.9,-2.608474512341623,1.120046967756977,-2.630354752163542,1.1497451693029768,0.03688804778965013,-0.30256829861147816,-17.335886524891706,0.14381509394780778,0.09603320546336391
27.92,-2.611172615066193,1.1190403348312945,-2.630354752163542,1.1497451693029768,0.03620416058348696,-0.3139283243189941,-17.986768053092486,0.14400772261846662,0.09423988111600945
27.94,-2.613872015994918,1.1180274501755239,-2.630354752163542,1.1497451693029768,0.03574484995425864,-0.32591680809189194,-18.673657576040604,0.14419656104573964,0.09253860330099561
27.96,-2.616573385684007,1.11700815845023,-2.630354752163542,1.1497451693029768,0.03551954309413491,-0.3385916112630776,-19.399870303908575,0.14438231876399144,0.09089866977785022
27.98,-2.619276151308909,1.1159827570731757,-2.630354752163542,1.1497451693029768,0.03553358800446832,-0.3520255926067755,-20.169580736959954,0.14456444409043367,0.08934665326171265
28.0,-2.621980447291297,1.1149512757303819,-2.630354752163542,1.1497451693029768,0.03578748401374938,-0.36629582804776845,-20.987205000386858,0.14474360300211764,0.08785374786046685
28.02,-2.6246864009086863,1.1139137472599123,-2.630354752163542,1.1497451693029768,0.0362770038947076,-0.3814894691724418,-21.857736512267042,0.1449197583698547,0.08642296656896642
28.04,-2.627393642358988,1.1128703842921455,-2.630354752163542,1.1497451693029768,0.03699348511386372,-0.3977068451852593,-22.786923712578183,0.145092890459253,0.0850565602728004
28.06,-2.6301023022029004,1.1118212077741174,-2.630354752163542,1.1497451693029768,0.037924801766456635,-0.4150590501982328,-23.781131825067316,0.1452634135020059,0.08373689113050364
28.08,-2.6328123466542186,1.1107662997040804,-2.630354752163542,1.1497451693029768,0.039056267690197606,-0.4336726934792312,-24.847615026430564,0.14543128318513787,0.08246713439186149
28.1,-2.6355237428584077,1.1097057392549388,-2.630354752163542,1.1497451693029768,0.04037170325085796,-0.45369146617002115,-25.99460621264458,0.14559659838113692,0.08124391921077168
28.12,-2.638236459254013,1.1086396028005803,-2.630354752163542,1.1497451693029768,0.04185437735939838,-0.4752786864934236,-27.231462828594577,0.14575945318440198,0.08006404784655086
28.14,-2.640950615864611,1.1075679079630392,-2.630354752163542,1.1497451693029768,0.04348785694546263,-0.4986202556258957,-28.568836227098064,0.14591993524180058,0.07892457033448208
28.16,-2.6436658821219776,1.1064908420736972,-2.630354752163542,1.1497451693029768,0.04525619299972053,-0.5239277389274728,-30.01884821037624,0.14607801227821682,0.07782801661138095
28.18,-2.646382526532124,1.1054083590371042,-2.630354752163542,1.1497451693029768,0.04714490742129158,-0.5514421642137146,-31.595308655005926,0.14623399727757835,0.07676103386311528
28.2,-2.6491003735863314,1.1043205848118667,-2.630354752163542,1.1497451693029768,0.0491405250146611,-0.5814369829870291,-33.313885177976616,0.14638773274180394,0.07573177465469705
28.22,-2.6518192552970086,1.1032276381816768,-2.630354752163542,1.1497451693029768,0.05123090470007043,-0.614221260096713,-35.192285890748856,0.1465394021431976,0.07473276687930408
28.24,-2.654557979158493,1.1021224266888263,-2.7019560822783246,1.1150334118107887,0.04912508235288493,-0.17283928875961774,-9.902961779969026,0.14780601528543436,0.056471835682692095
28.26,-2.6572997761002908,1.101012368659914,-2.7019560822783246,1.1150334118107887,0.04680571901493443,-0.17832871485843205,-10.21748272738005,0.14792261114573435,0.05643587311809917
28.28,-2.66004263230216,1.0998982746499508,-2.7019560822783246,1.1150334118107887,0.04456242437055926,-0.18407474095684995,-10.54670577179142,0.14803549727737675,0.05651909631643193
28.3,-2.662786215503287,1.0987802699214353,-2.7019560822783246,1.1150334118107887,0.04240805447612119,-0.19009631270672545,-10.891716419094491,0.14814851882534175,0.05655297822232397
28.32,-2.665530626041824,1.0976583071812944,-2.7019560822783246,1.1150334118107887,0.04035725613719408,-0.19641492567215213,-11.253746274390082,0.14826161461720666,0.05653943247863058
28.34,-2.66827585912329,1.0965323847068005,-2.7019560822783246,1.1150334118107887,0.038427144516285004,-0.20305427397859122,-11.634152911066371,0.14837469754582777,0.05648230066601645
28.36,-2.6710219092786893,1.095402503776456,-2.7019560822783246,1.1150334118107887,0.03663735265304784,-0.21004083591202338,-12.034453423158794,0.1484876792866574,0.05638533087520825
28.38,-2.6737687704131536,1.0942686684323475,-2.7019560822783246,1.1150334118107887,0.035009985971961324,-0.21740425027949595,-12.456345989220965,0.148600479039529,0.05625198590958336
28.4,-2.676516435875238,1.093130885250012,-2.7019560822783246,1.1150334118107887,0.03356927581672879,-0.2251777567823603,-12.901735103852593,0.1487130230148903,0.05608546177870988
28.42,-2.6792650023702755,1.0919891205918748,-2.7019560822783246,1.1150334118107887,0.032340755482449426,-0.2333987871789196,-13.372765448824202,0.14882524389587815,0.05588870767625487
28.44,-2.68201394425299,1.0908435987042864,-2.7019560822783246,1.1150334118107887,0.03135021414837562,-0.24210911426729131,-13.871830429166376,0.14893706066172463,0.05566547029267621
28.46,-2.6847638752196716,1.0896940744696932,-2.7019560822783246,1.1150334118107887,0.030621136498069995,-0.2513565694883022,-14.401670584566519,0.1490485255450258,0.05541272915104978
28.48,-2.6875147855232906,1.0885405646737027,-2.7019560822783246,1.1150334118107887,0.030173200052297434,-0.2611950086818884,-14.9653716273551,0.14915945209970083,0.055139666975123625
28.5,-2.6902663579157715,1.0873832143153328,-2.7019560822783246,1.1150334118107887,0.030019711477797147,-0.2716855178018567,-15.566433524872783,0.1492697860460135,0.05484878736500276
28.52,-2.6930185846701082,1.0862220400213092,-2.7019560822783246,1.1150334118107887,0.03016577543986716,-0.282897779793085,-16.208848815765116,0.14937957088483333,0.05453788617687527
28.54,-2.6957716599049775,1.085056976013006,-2.7019560822783246,1.1150334118107887,0.030607740577026397,-0.29491160940324335,-16.897190548216486,0.14948877101750302,0.054208677466582866
28.56,-2.698525472888549,1.0838880856962536,-2.7019560822783246,1.1150334118107887,0.031333694636380846,-0.3078184797188004,-17.63669974402059,0.14959728713521692,0.05386596889145334
28.58,-2.701280014165433,1.0827153905950615,-2.7019560822783246,1.1150334118107887,0.03232509185437012,-0.32172379517167426,-18.433415632268307,0.1497051218857015,0.053509709323773524
28.6,-2.7040352742621145,1.0815389131920314,-2.7019560822783246,1.1150334118107887,0.033558970142532556,-0.3367494292657045,-19.29432105036412,0.14981224818224614,0.053141297170766766
28.62,-2.7067912436142287,1.080358676875158,-2.7019560822783246,1.1150334118107887,0.03501022747713114,-0.35303685860086675,-20.227522010386483,0.14991864130013965,0.05276204106174909
28.64,-2.709547912588174,1.0791747058491035,-2.7019560822783246,1.1150334118107887,0.036653549360193646,-0.37075097233516274,-21.24246596517637,0.1500242791591999,0.0523731464877053
28.66,-2.712305271501986,1.0779870250526657,-2.7019560822783246,1.1150334118107887,0.038464795455319646,-0.3900847149252047,-22.350207817778102,0.15012914212064743,0.051975723363018034
28.68,-2.715063406620893,1.07679561982794,-2.7019560822783246,1.1150334118107887,0.040421908504484294,-0.4112650525360116,-23.56375177153954,0.15023321279405977,0.05157079339013215
28.7,-2.717822116103982,1.075600598221262,-2.7019560822783246,1.1150334118107887,0.04250503284251489,-0.43455869758632226,-24.89837932239814,0.1503364353670822,0.0511611933756706
28.72,-2.7205814862682334,1.074401945258154,-2.7019560822783246,1.1150334118107887,0.04469699931768566,-0.4602820473936274,-26.37221870129538,0.15043888063399624,0.050743872006264734
28.74,-2.7233414139480376,1.0731997276465826,-2.7019560822783246,1.1150334118107887,0.04698286433769429,-0.48880958608390507,-28.006726268144458,0.15054049357434707,0.050321627861338314
28.76,-2.726101983993408,1.0719939317295124,-2.77184302586911,1.0769658426275017,0.046010464134284425,-0.12235588466266156,-7.010475789759988,0.1506413057280387,0.049893257038635674
28.78,-2.728919744732103,1.0707613288050508,-2.77184302586911,1.0769658426275017,0.043369390765141375,-0.12548331210372954,-7.189664182866582,0.1547990024429513,-0.01473156325426661
28.8,-2.7317563903842212,1.0695213312669518,-2.77184302586911,1.0769658426275017,0.04077203813762197,-0.12863397422992406,-7.370183825369242,0.1547905686788864,-0.012208686720194262
28.82,-2.7345928798615224,1.0682821387275627,-2.77184302586911,1.0769658426275017,0.03824892274311015,-0.1320300773748988,-7.564766202367401,0.1547656467298264,-0.008956722515329751
28.84,-2.7374292300148424,1.0670435401694258,-2.77184302586911,1.0769658426275017,0.03581565902184053,-0.1356826592094298,-7.774043725812178,0.15474708289169303,-0.0059649556685692495
28.86,-2.740265438466617,1.0658053332696598,-2.77184302586911,1.0769658426275017,0.033491804897445465,-0.13961215479688827,-7.999187238588829,0.15473425544976216,-0.0032098740326835795
28.88,-2.743101581123094,1.0645673185468965,-2.77184302586911,1.0769658426275017,0.031301662024014756,-0.1438269733035322,-8.240678550433158,0.1547272846847081,-0.000699555231797877
28.9,-2.7459376586103885,1.0633293263492647,-2.77184302586911,1.0769658426275017,0.029275290417276195,-0.14835473324572845,-8.500100085769402,0.15472488144652186,0.0016186839460474722
28.92,-2.748773710804705,1.0620911862262234,-2.77184302586911,1.0769658426275017,0.0274490200298095,-0.15321553723347003,-8.778603639307354,0.1547274233423268,0.0037263271265852715
28.94,-2.7516097673392195,1.0608527472280798,-2.77184302586911,1.0769658426275017,0.02586535509302476,-0.1584357240941645,-9.077698314694794,0.1547342437032695,0.005649744273805712
28.96,-2.754445854550288,1.0596138719207955,-2.77184302586911,1.0769658426275017,0.024571374754027066,-0.1640458860056171,-9.399136914606073,0.15474496616629807,0.007403134687500312
28.98,-2.7572820077720563,1.0583744253432503,-2.77184302586911,1.0769658426275017,0.023614911489562827,-0.17008317602598266,-9.745048152469472,0.15475924641799033,0.008999516338259461
29.0,-2.760118226664557,1.0571343073075037,-2.77184302586911,1.0769658426275017,0.02303824449769149,-0.17658537680258402,-10.117596814515416,0.15477692617422711,0.010444067186088368
29.02,-2.762954559520814,1.055893398673668,-2.77184302586911,1.0769658426275017,0.022870346044873383,-0.1836034899294261,-10.519705076828828,0.1547973809430836,0.011762158644845755
29.04,-2.765790989592093,1.0546516238609622,-2.77184302586911,1.0769658426275017,0.0231203698555908,-0.19119049551301304,-10.954408475910551,0.15482064164167308,0.012951199205579744
29.06,-2.768627550236412,1.0534088907165136,-2.77184302586911,1.0769658426275017,0.02377539204473996,-0.1994130888050174,-11.425528368194982,0.15484618732770628,0.014032383204298782
29.08,-2.7714642556118663,1.05216512209113,-2.77184302586911,1.0769658426275017,0.024803612761672204,-0.20834789579529955,-11.937455099502134,0.15487392773883002,0.015008584135500769
29.1,-2.7743011188080695,1.0509202481327375,-2.77184302586911,1.0769658426275017,0.026161330499083042,-0.21808524964124135,-12.49536437850008,0.1549036520469338,0.015887919413148932
29.12,-2.7771381795446577,1.0496741912583176,-2.77184302586911,1.0769658426275017,0.027800591484800363,-0.22873314513689724,-13.105443851097522,0.15493516408513486,0.016677974058465495
29.14,-2.7799753925792503,1.0484269214216275,-2.77184302586911,1.0769658426275017,0.029674996409490836,-0.24041733372330665,-13.774898544133709,0.15496836202200104,0.01738236873299881
29.16,-2.78281276416554,1.0471783914962631,-2.77184302586911,1.0769658426275017,0.03174314734219168,-0.2532910252074472,-14.51250673292847,0.15500291544103817,0.018014593744508645
29.18,-2.7856503318700416,1.0459285433720296,-2.77184302586911,1.0769658426275017,0.03396992263866809,-0.2675399772770728,-15.328911549002218,0.1550386917382074,0.01857977461161564
29.2,-2.7884881693963046,1.0446773041146153,-2.77184302586911,1.0769658426275017,0.03632644384383166,-0.28339064203952224,-16.237087742367304,0.15507562521537288,0.0190802309668614
29.22,-2.791326184856802,1.0434246821135655,-2.77184302586911,1.0769658426275017,0.03878921155116867,-0.30111693985583043,-17.25272979363373,0.1551136855860058,0.0195168077110619
29.24,-2.7941643819770943,1.0421706480142465,-2.77184302586911,1.0769658426275017,0.04133943041061099,-0.321060605745354,-18.395417677122456,0.15515258822820233,0.019901243064335272
29.26,-2.797002763763811,1.0409151758841477,-2.77184302586911,1.0769658426275017,0.04396206300403127,-0.3436484819049328,-19.68960764923049,0.15519223694007156,0.020237322328753304
29.28,-2.7998414425958353,1.0396581919659371,-2.8410639512961122,1.03769288084178,0.04126933088092342,-0.06714907372996094,-3.8473585229395506,0.1552325435447255,0.020528526785690282
29.3,-2.8027087060283216,1.0383895071818405,-2.8410639512961122,1.03769288084178,0.038361570976825805,-0.06757529032119836,-3.871778934775907,0.15744437795928157,-0.09790632201911453
29.32,-2.8055929394215853,1.0371196768091173,-2.8410639512961122,1.03769288084178,0.03547564300003444,-0.06758393209360536,-3.872274071862341,0.1575835380060564,-0.09295721348279162
29.34,-2.808482629965091,1.0358536780610885,-2.8410639512961122,1.03769288084178,0.03263319117928506,-0.06778134068539511,-3.8835847510115147,0.15777044225577797,-0.08587909329560439
29.36,-2.811377808271368,1.0345910192454972,-2.8410639512961122,1.03769288084178,0.029847757588269054,-0.06818682470162063,-3.9068172738012508,0.1579443238792333,-0.07929199539569165
29.38,-2.8142776031817918,1.033331685486543,-2.8410639512961122,1.03769288084178,0.027139058020279543,-0.06878006215594956,-3.9408072761833837,0.15810422529110024,-0.07324215116372157
29.4,-2.817182101952842,1.0320752305519572,-2.8410639512961122,1.03769288084178,0.024533665091734706,-0.06958267764570891,-3.98679375631842,0.15825312953199333,-0.06760483187068234
29.42,-2.820090678788643,1.030821567495777,-2.8410639512961122,1.03769288084178,0.02207018592516884,-0.07058641764668261,-4.04430382210267,0.15839003039201938,-0.06242767003533656
29.44,-2.823003151896473,1.0295704357916426,-2.8410639512961122,1.03769288084178,0.019803196422459323,-0.07180289069755963,-4.114002593809326,0.15851695659783172,-0.05762696235284137
29.46,-2.8259193253227366,1.02832158986204,-2.8410639512961122,1.03769288084178,0.017809570194151282,-0.07324478219542607,-4.19661689115287,0.15863413080625666,-0.05319669882292155
29.48,-2.8288387978518545,1.0270749071345544,-2.8410639512961122,1.03769288084178,0.01619245942971542,-0.07491745114965553,-4.292453762752779,0.1587418532839724,-0.04912746832508308
29.5,-2.831761314469263,1.0258302276471294,-2.8410639512961122,1.03769288084178,0.015075197933984463,-0.07683439779218303,-4.402286714921378,0.158841328990178,-0.04537060613096777
29.52,-2.834686722098398,1.0245873575628202,-2.8410639512961122,1.03769288084178,0.0145747656123705,-0.07901628858559562,-4.52729984874237,0.15893319726183464,-0.04190154798133783
29.54,-2.8376146338352455,1.0233462407841094,-2.8410639512961122,1.03769288084178,0.014755469219587671,-0.08147663133270688,-4.668267104307469,0.15901769416983846,-0.03871298890512076
29.56,-2.840544940732366,1.0221067129239025,-2.8410639512961122,1.03769288084178,0.015594806902605535,-0.08424489893781839,-4.826877154643146,0.15909607671591441,-0.03575338113875892
29.58,-2.84347752377933,1.0208686194709373,-2.8410639512961122,1.03769288084178,0.016996502663965213,-0.08735546847051046,-5.005099660748382,0.15916847136112633,-0.033019642163567564
29.6,-2.846411960520609,1.0196319781993266,-2.8410639512961122,1.03769288084178,0.018836066652183098,-0.09083531641772513,-5.204480261471046,0.15923505739341426,-0.03050637581020199
29.62,-2.8493484147637083,1.018396542548136,-2.8410639512961122,1.03769288084178,0.02099954776867073,-0.0947451368829566,-5.428496472782685,0.15929732677884,-0.02815140724948817
29.64,-2.8522866615596536,1.0171622409049708,-2.8410639512961122,1.03769288084178,0.023397786260120942,-0.09913926529700624,-5.680261485546244,0.15935433608411653,-0.02599719889556651
29.66,-2.855226459348581,1.015929036875874,-2.8410639512961122,1.03769288084178,0.0259661614126645,-0.10408372481534611,-5.963558147920406,0.15940676132404352,-0.024016677247218343
29.68,-2.85816769787644,1.0146968503741978,-2.8410639512961122,1.03769288084178,0.028659301532836568,-0.10966684668235605,-6.283447467407275,0.15945538883541666,-0.02217773712953619
29.7,-2.861110315095561,1.0134655850510073,-2.8410639512961122,1.03769288084178,0.03144548557286782,-0.11600113540666566,-6.646375477527523,0.1595004798859767,-0.020470648292858495
29.72,-2.864054242282943,1.0122351506178964,-2.8410639512961122,1.03769288084178,0.034302325107945494,-0.12322811311815673,-7.060450799031075,0.15954210401818436,-0.018893852288814905
29.74,-2.866999370969107,1.011005481720229,-2.8410639512961122,1.03769288084178,0.037213751026835766,-0.13152681197851734,-7.535931219179765,0.15958036476191317,-0.01744430392636165
29.76,-2.8699454770927826,1.0097765861577768,-2.8410639512961122,1.03769288084178,0.04016792303851226,-0.14112428077771932,-8.085825675382528,0.15961554327978966,-0.01611126566214427
29.78,-2.872892618336338,1.00854834876213,-2.9107173218619535,0.9991964660805199,0.038963648526431895,-0.00320680855094313,-0.1837365956755046,0.15964843233049475,-0.014861826901080288
29.8,-2.875688623786157,1.0073875843117648,-2.9107173218619535,0.9991964660805199,0.03597365851235498,-0.00018077580894448886,-0.010357690890582529,0.14874136725706588,-0.1930433282101851
29.82,-2.878444889104763,1.0062553660091105,-2.9107173218619535,0.9991964660805199,0.03303540501143024,0.003584087519290069,0.20535308826083398,0.14904921010934213,-0.18422380519717008
29.84,-2.881212546618399,1.0051300689979745,-2.9107173218619535,0.9991964660805199,0.030095504743311557,0.007201350162619136,0.4126069711139255,0.14942118553022965,-0.17236497999562062
29.86,-2.883990455641738,1.004011466620464,-2.9107173218619535,0.9991964660805199,0.02715712812785923,0.010702556458901391,0.6132113150955292,0.14976828725687952,-0.16147747287087455
29.88,-2.8867776621398793,1.002899337231605,-2.9107173218619535,0.9991964660805199,0.02422433822357676,0.014118512130132379,0.808931158060843,0.15009341970579904,-0.15143773462289456
29.9,-2.889574445147413,1.0017929289767482,-2.9107173218619535,0.9991964660805199,0.02130171015054329,0.017438544786022803,0.9991550170889738,0.150399307098259,-0.14213010741476184
29.92,-2.892379092970391,1.0006924217303008,-2.9107173218619535,0.9991964660805199,0.018399144604721467,0.02072109472811778,1.187231274811929,0.15068449807731366,-0.13362442700531885
29.94,-2.895191682672049,0.9995972834756902,-2.9107173218619535,0.9991964660805199,0.015530812175780277,0.02396605710186339,1.3731539235063057,0.15095429863689613,-0.1256906088506482
29.96,-2.898011739597404,0.9985072276561456,-2.9107173218619535,0.9991964660805199,0.012724263054765372,0.02719287348236099,1.5580368833724985,0.1512080600013288,-0.1183619570516159
29.98,-2.9008388204741067,0.9974219886453985,-2.9107173218619535,0.9991964660805199,0.010036610973702582,0.03042167423499542,1.743033539387115,0.15144698251177147,-0.11159003186045346
30.0,-2.903672311432138,0.9963414134204411,-2.9107173218619535,0.9991964660805199,0.007601545740705051,0.03367967410695494,1.9297031817045578,0.1516721941541732,-0.10532943157115504
30.02,-2.90651245466843,0.9952650035932051,-2.9107173218619535,0.9991964660805199,0.005756501142563577,0.03696992847055336,2.11822087026325,0.15188535725862984,-0.09951094205151723
30.04,-2.909358277596265,0.9941927904763012,-2.9107173218619535,0.9991964660805199,0.005184956206985208,0.04033446161230936,2.31099441931776,0.152085542841629,-0.09417951273849035
30.06,-2.9122096645493687,0.9931244972169408,-2.9107173218619535,0.9991964660805199,0.00625267083548745,0.04379271158386455,2.5091375471891095,0.15227550129677248,-0.0892179677741689
30.08,-2.915066319241528,0.9920599348166398,-2.9107173218619535,0.9991964660805199,0.008357263708169239,0.04737261908972946,2.7142511383223735,0.1524554256966404,-0.08462126039887607
30.1,-2.917927965782462,0.9909989275209665,-2.9107173218619535,0.9991964660805199,0.010917555778823987,0.05110555640832182,2.9281326918645982,0.152626047230231,-0.08036061339006251
30.12,-2.920794200195978,0.9899413768135624,-2.9107173218619535,0.9991964660805199,0.01368211073987058,0.05503114607125337,3.1530524116507594,0.1527880466516418,-0.0764093027666446
30.14,-2.9236650931644546,0.9888870072833786,-2.9107173218619535,0.9991964660805199,0.016550822408322282,0.05918245459224547,3.3909048693603028,0.1529424457822781,-0.07272541773517549
30.16,-2.9265404012055356,0.9878356727279952,-2.9107173218619535,0.9991964660805199,0.019479154640591138,0.06360824492339523,3.644483976344991,0.1530890017834352,-0.06932240544932355
30.18,-2.929419641715035,0.9867873506614973,-2.9107173218619535,0.9991964660805199,0.022444663360576284,0.06837257753600534,3.9174601272440874,0.15322832719726343,-0.06617622433535697
30.2,-2.9323025233152054,0.9857419706494387,-2.9107173218619535,0.9991964660805199,0.025435101121923036,0.07354657003004661,4.213908060385019,0.15336162350128024,-0.0632367417643942
30.22,-2.935189378371271,0.9846992198828008,-2.9107173218619535,0.9991964660805199,0.02844383407897939,0.07920255262109421,4.5379719918515145,0.15348956672665004,-0.06047654089014198
30.24,-2.9380797832544543,0.9836590793512702,-2.9107173218619535,0.9991964660805199,0.031466087774465405,0.08545070578533176,4.895964797913637,0.15361134786913144,-0.05793319844432654
30.26,-2.940973584479268,0.9826214481499301,-2.9107173218619535,0.9991964660805199,0.03449887892334016,0.09242265430475882,5.295428023059291,0.15372797726904697,-0.055564737756752525
30.28,-2.943870640982488,0.9815862313001648,-2.9107173218619535,0.9991964660805199,0.037540151008316744,0.10028713871388151,5.746029787748457,0.15383981728278595,-0.05335726672134333
30.3,-2.946770821403007,0.980553339932293,-2.9818672953819756,0.9635611811242766,0.03899353724289809,0.06940811658535972,3.976792144293083,0.15394719405830148,-0.05129836075840055
30.32,-2.94948857977142,0.9795922821709432,-2.9818672953819756,0.9635611811242766,0.03613000727037956,0.07548140792241174,4.324766105659529,0.1406222011747671,-0.26654399961606456
30.34,-2.9521514273732468,0.9786660938654654,-2.9818672953819756,0.9635611811242766,0.03333453465148603,0.08258403203367681,4.731716490702874,0.14105232991881156,-0.2554556290804144
30.36,-2.9548283169024105,0.9777500475264383,-2.9818672953819756,0.9635611811242766,0.030535721491341525,0.08963395648662997,5.135647407743166,0.14156767652679925,-0.24021066950707937
30.38,-2.9575192810194184,0.9768433144976171,-2.9818672953819756,0.9635611811242766,0.027735191911117115,0.096630665330796,5.536529294995736,0.14205419585240353,-0.2260946780732742
30.4,-2.96022298631007,0.9759456104871445,-2.9818672953819756,0.9635611811242766,0.02493692454662443,0.10362605218862342,5.937335438010529,0.14251062000791848,-0.21316918611402613
30.42,-2.9629382727377336,0.9750566756205555,-2.9818672953819756,0.9635611811242766,0.022146202653732912,0.11066832079287803,6.340827707231804,0.14294083602974794,-0.20126330999015174
30.44,-2.9656645164549684,0.9741761153333937,-2.9818672953819756,0.9635611811242766,0.019370257438179585,0.11779183821944406,6.7489751910619304,0.14334812500242933,-0.19023372097914937
30.46,-2.968402583770935,0.9733029955526349,-2.9818672953819756,0.9635611811242766,0.01661930826253198,0.12499228946013607,7.16153065774332,0.1437341072402898,-0.18001208680729075
30.48,-2.971150665209675,0.9724373454071527,-2.9818672953819756,0.9635611811242766,0.013915187912007033,0.13234307962019765,7.582699910001143,0.14409617574275835,-0.1707206259787819
30.5,-2.9739075763049616,0.9715790874255475,-2.9818672953819756,0.9635611811242766,0.011297962172044172,0.1399023589954429,8.015814714362985,0.14443947528830492,-0.16213355711225397
30.52,-2.976674153552694,0.9707274636157288,-2.9818672953819756,0.9635611811242766,0.008850103208795217,0.1476800825070366,8.461445445796974,0.14476717723117538,-0.15411314375046725
30.54,-2.9794489643320445,0.9698825013268686,-2.9818672953819756,0.9635611811242766,0.006768117476134603,0.1557481575145947,8.923712092525033,0.1450770076026231,-0.14676571743144073
30.56,-2.982231907106054,0.9690438360035426,-2.9818672953819756,0.9635611811242766,0.005494765348445273,0.16415076816572285,9.40514621972635,0.1453727432666696,-0.13992693986830673
30.58,-2.985022326105926,0.9682113103684555,-2.9818672953819756,0.9635611811242766,0.005619423534192815,0.17295117131598747,9.909372178250146,0.14565464878062429,-0.1335891533171818
30.6,-2.9878204049137884,0.967384511812822,-2.9818672953819756,0.9635611811242766,0.007075123366538157,0.18220134682395317,10.439368194611863,0.14592436220306482,-0.1276832826457852
30.62,-2.9906255266141457,0.9665632990877434,-2.9818672953819756,0.9635611811242766,0.009258473231733752,0.1919796196331287,10.999621957505152,0.1461815005304068,-0.12223034189684512
30.64,-2.993437144621011,0.9657475466617836,-2.9818672953819756,0.9635611811242766,0.011774617007682384,0.20237272923971705,11.595103273979536,0.14642759709730946,-0.11716593721067259
30.66,-2.9962554479890837,0.9649369114684866,-2.9818672953819756,0.9635611811242766,0.01445377353584221,0.2134656584823782,12.230681302021273,0.14666395473437177,-0.11243560844587108
30.68,-2.999080138301319,0.9641312068520406,-2.9818672953819756,0.9635611811242766,0.01722227890542667,0.22536850556801857,12.912664204218059,0.1468902450507681,-0.10805740539410191
30.7,-3.0019105252397003,0.9633303997215037,-2.9818672953819756,0.9635611811242766,0.020044558443264627,0.2382166176592304,13.648806801755498,0.1471072355027303,-0.1040006846786401
30.72,-3.0047466017634115,0.9625342691378845,-2.9818672953819756,0.9635611811242766,0.022902340682196827,0.252156452596056,14.44750051074462,0.1473164538890348,-0.10020065438320902
30.74,-3.007588153654724,0.961742665486498,-2.9818672953819756,0.9635611811242766,0.0257850644639812,0.26736673770937136,15.318985652928255,0.14751799520738018,-0.09665596883312588
30.76,-3.0104346094972496,0.9609555676798796,-2.9818672953819756,0.9635611811242766,0.02868589648559649,0.28406679450645367,16.275828425029836,0.1477123705512895,-0.09334673421346196
30.78,-3.013286538660785,0.9601726218363283,-2.9818672953819756,0.9635611811242766,0.031601442724359344,0.3025062076272995,17.332328973552457,0.14790071863779453,-0.0902249179285386
30.8,-3.0161435534739365,0.9593937512563656,-2.9818672953819756,0.9635611811242766,0.034528674178002705,0.32300530378692827,18.506840667332018,0.14808210501908725,-0.08733451911713264
30.82,-3.019005469900285,0.9586188383468434,-2.9818672953819756,0.9635611811242766,0.03746559433242773,0.34595585410693586,19.821810338171073,0.14825735213723767,-0.08464165214994157
30.84,-3.0216929804365673,0.9578994584669894,-2.9818672953819756,0.9635611811242766,0.040226114571451824,0.37327051182414994,21.386824944211885,0.13702424025328064,-0.26001586456436687
30.86,-3.024351420001554,0.9572023538775194,-3.055404618098172,0.9332039115928029,0.03924571752587349,0.15167972272608488,8.69060794991922,0.13748522591687795,-0.24891628710610458
30.88,-3.0270228249366347,0.9565157807412019,-3.055404618098172,0.9332039115928029,0.03672831913192277,0.16014067074628446,9.175384562156227,0.1379863883661958,-0.2357405884861885
30.9,-3.0297066751289576,0.9558392393186552,-3.055404618098172,0.9332039115928029,0.03424532572637806,0.16866330166208998,9.6636953439796,0.13846182225458747,-0.22355305620447297
30.92,-3.0324022945475226,0.9551723100839776,-3.055404618098172,0.9332039115928029,0.031807505733644145,0.17728449821633285,10.157653520890443,0.13891258462885858,-0.2123096184358797
30.94,-3.03510946814378,0.9545144735614269,-3.055404618098172,0.9332039115928029,0.029428441397563357,0.18603200996631575,10.65884902540556,0.13934057689892754,-0.2019287811394488
30.96,-3.037826777417232,0.95386559016053,-3.055404618098172,0.9332039115928029,0.02712720855968387,0.19496479526537147,11.17065992233796,0.1397465106304452,-0.19238318358372197
30.98,-3.0405541245956225,0.9532252134024993,-3.055404618098172,0.9332039115928029,0.024927689091133548,0.20411266204221246,11.694794080198893,0.14013414067814978,-0.18350815569556644
31.0,-3.043290668158109,0.9525931199961089,-3.055404618098172,0.9332039115928029,0.022862396760995527,0.21352516546886102,12.234090801198281,0.1405038194993491,-0.17529237802349495
31.02,-3.046036686598424,0.9519688199667591,-3.055404618098172,0.9332039115928029,0.020973314637103585,0.2232312504246039,12.79020850475777,0.140857690567886,-0.16764394010604367
31.04,-3.048791714355058,0.9513520181418009,-3.055404618098172,0.9332039115928029,0.01931538938850258,0.23328013827885521,13.365967367606643,0.14119527298062096,-0.16058897022497298
31.06,-3.0515546955092385,0.9507426138766183,-3.055404618098172,0.9332039115928029,0.017956279729974437,0.2437365237652163,13.965074124936983,0.14151786191596294,-0.15407403032685618
31.08,-3.0543256130621956,0.9501402836195771,-3.055404618098172,0.9332039115928029,0.016970708567910855,0.25464965597472045,14.59035054180985,0.14182796445973977,-0.14799096550000002
31.1,-3.057103272188821,0.9495450163445386,-3.055404618098172,0.9332039115928029,0.01642915488474305,0.26609537989094756,15.24614221568161,0.1421257713114521,-0.1423352601281902
31.12,-3.059889134304341,0.9489561825822638,-3.055404618098172,0.9332039115928029,0.016378184482072587,0.2781113530461501,15.934606764217211,0.14241383525535056,-0.13699627398167102
31.14,-3.062681744535468,0.9483738236220904,-3.055404618098172,0.9332039115928029,0.016825064640610267,0.2907922261042031,16.6611672709848,0.14268942950024233,-0.1320998534132256
31.16,-3.0654811187542546,0.9477976874591654,-3.055404618098172,0.9332039115928029,0.01773454706243313,0.30421789348517336,17.430401349060855,0.14295558777610573,-0.12751419605383507
31.18,-3.068287259174217,0.9472275291987448,-3.055404618098172,0.9332039115928029,0.019042696548857863,0.31847992452072654,18.247555534682647,0.14321245043178443,-0.12323646426060098
31.2,-3.071099665834858,0.946663230879808,-3.055404618098172,0.9332039115928029,0.020675778077895984,0.3336897398525828,19.119013760371384,0.1434602066804569,-0.11926165640552266
31.22,-3.073917422018581,0.9461047971719536,-3.055404618098172,0.9332039115928029,0.022564502159849602,0.34997766146199494,20.05224292563063,0.14369992243623564,-0.11554539679103915
31.24,-3.0767419801366374,0.9455517212700825,-3.055404618098172,0.9332039115928029,0.024652614923915506,0.3674650561813486,21.05419683772896,0.14393324298649368,-0.1120168807727806
31.26,-3.079572185885721,0.9450040443029315,-3.055404618098172,0.9332039115928029,0.026894506218601844,0.38632428125110335,22.13475083911322,0.1441579824517536,-0.10877686295984734
31.28,-3.082407436690451,0.9444617316300831,-3.055404618098172,0.9332039115928029,0.02925561012727824,0.40674491506514476,23.304766971639932,0.144376184181505,-0.10573702512062244
31.3,-3.085248435451803,0.9439244792948419,-3.055404618098172,0.9332039115928029,0.03171094457897608,0.42893544636539005,24.576190760296935,0.14458887416730626,-0.10285387507857902
31.32,-3.0880941869165968,0.9433923396495565,-3.055404618098172,0.9332039115928029,0.034240501979412814,0.4531530606331442,25.963757847715055,0.14479515854803893,-0.10016992391004287
31.34,-3.0909453647772325,0.942865036787037,-3.055404618098172,0.9332039115928029,0.0368304495563632,0.4796859677022609,27.48398144098827,0.1449965719768187,-0.09761876002434278
31.36,-3.0938008444593854,0.9423426635057576,-3.055404618098172,0.9332039115928029,0.03946881028493351,0.5088813250259117,29.156752197009816,0.14519231972998092,-0.09523824637980294
31.38,-3.096531277789643,0.9418507988265818,-3.055404618098172,0.9332039115928029,0.042025834866326627,0.5417829639241107,31.041877244940082,0.1370712835473853,-0.22063499917623908
31.4,-3.0992379302336435,0.9413752962877403,-3.131787621298448,0.911063276568119,0.0444780949220728,0.1895447567773738,10.860114592177226,0.13746419008890953,-0.21260787769206146
31.42,-3.1019552926050133,0.9409095971275295,-3.131787621298448,0.911063276568119,0.0421991787385514,0.19813932263422004,11.352546942521753,0.13789181398178307,-0.20280863223087753
31.44,-3.104682568167289,0.9404533753604937,-3.131787621298448,0.911063276568119,0.039980768029997615,0.2068761351390962,11.853129425448278,0.13829939109708533,-0.19375249145969775
31.46,-3.1074189010044284,0.9400063643063555,-3.131787621298448,0.911063276568119,0.03783565588953644,0.21579635888280405,12.364220598275125,0.13868870730968652,-0.18536317981321382
31.48,-3.110164633146896,0.9395680886720591,-3.131787621298448,0.911063276568119,0.03577817672385059,0.22491829933666274,12.886869287250878,0.1390619504641144,-0.1775467140097131
31.5,-3.1129189602672596,0.9391383022859031,-3.131787621298448,0.911063276568119,0.033826519746555705,0.23428617239257887,13.423608876369194,0.13941860718658106,-0.1703308253675484
31.52,-3.115681169986841,0.9387167852279504,-3.131787621298448,0.911063276568119,0.0320020986038812,0.24394394460078006,13.976958463397864,0.13976071201575735,-0.16362872059416667
31.54,-3.118450954177165,0.9383032741493147,-3.131787621298448,0.911063276568119,0.0303295921193717,0.25393041935019545,14.549141318753332,0.14008998008985252,-0.15736763929130593
31.56,-3.121228649671078,0.9378974017406979,-3.131787621298448,0.911063276568119,0.028836819443295594,0.26427702355799093,15.141958072152311,0.14040721980141946,-0.15151533773016812
31.58,-3.124013918393966,0.9374989178959634,-3.131787621298448,0.911063276568119,0.027554919511070704,0.2750312363182492,15.758129075300847,0.14071200616840862,-0.1460950136550343
31.6,-3.1268058667861554,0.9371076981400839,-3.131787621298448,0.911063276568119,0.026516594295628824,0.2862530086505579,16.401089268598813,0.14100528026164127,-0.14106870769303725
31.62,-3.1296031456976356,0.9367237311184244,-3.131787621298448,0.911063276568119,0.025753268945491826,0.29801161986316194,17.07480806401623,0.14128892556972694,-0.13635578076265364
31.64,-3.1324083590035205,0.9363463939472945,-3.131787621298448,0.911063276568119,0.025290736242894588,0.31032697340275783,17.780425845046576,0.14156540747345403,-0.13184882141081822
31.66,-3.1352198365287736,0.9359756774131203,-3.131787621298448,0.911063276568119,0.025147719921481904,0.3232858204806335,18.52291308996429,0.14183045720455034,-0.1277425248785713
31.68,-3.1380373590381825,0.9356114079551515,-3.131787621298448,0.911063276568119,0.02533120558541327,0.3369620110910745,19.306501091759003,0.1420871741440788,-0.12390193458167165
31.7,-3.1408604834033143,0.935253461320362,-3.131787621298448,0.911063276568119,0.025835670402015298,0.3514400689987234,20.136032705413292,0.14233613019096758,-0.1203046278513975
31.72,-3.1436895243330465,0.934901612326589,-3.131787621298448,0.911063276568119,0.026644353014823496,0.36680624457176325,21.016449713005496,0.14257817836993425,-0.11691527676993552
31.74,-3.146524288601648,0.9345557088340672,-3.131787621298448,0.911063276568119,0.027731998430970774,0.3831642575451988,21.953694817603598,0.14281302572918264,-0.11374991446211347
31.76,-3.149363013609655,0.9342158454623954,-3.131787621298448,0.911063276568119,0.02906778046733271,0.40064357775562387,22.95518609441868,0.14304115863099653,-0.11078963361277339
31.78,-3.152207851436507,0.9338816027744802,-3.131787621298448,0.911063276568119,0.030621264012956725,0.4193563786754955,24.02735060999585,0.14326510612385768,-0.10792308080154189
31.8,-3.1550579526761333,0.9335529247689246,-3.131787621298448,0.911063276568119,0.032361900417362505,0.4394581459763595,25.17909703708944,0.14348209890675534,-0.10527694757733741
31.82,-3.157912532320653,0.9332297807950347,-3.131787621298448,0.911063276568119,0.034261711655432535,0.46112286618470844,26.42039406935962,0.14369344664211248,-0.10279514076894092
31.84,-3.160772515123685,0.9329119275446078,-3.131787621298448,0.911063276568119,0.03629721228348953,0.48453883448466195,27.76203022615908,0.14390027782780201,-0.10042909836915914
31.86,-3.1636371389122355,0.9325993310349283,-3.131787621298448,0.911063276568119,0.03844728097315003,0.509931017891923,29.216895168017256,0.14410160923299387,-0.09822528462821722
31.88,-3.1665060952133,0.9322919207363884,-3.131787621298448,0.911063276568119,0.040694321031309294,0.537552523656275,30.799490872110905,0.144298500565343,-0.09613817576747952
31.9,-3.1693796731797055,0.9319895571264366,-3.131787621298448,0.911063276568119,0.04302408142713313,0.5676908974302077,32.526292490745014,0.1444914030499067,-0.09414926157302883
31.92,-3.1722573860616166,0.9316921972485213,-3.131787621298448,0.911063276568119,0.04542415908329547,0.600674903605162,34.41613683600334,0.14468009935613146,-0.09227016395108034
31.94,-3.175050009413278,0.9314104284505457,-3.2104464188451383,0.8993481403483846,0.047758728197198404,0.19488681309268108,11.16619187296554,0.1394079824617478,-0.17554391986251972
31.96,-3.1778308105729582,0.931139535437618,-3.2104464188451383,0.8993481403483846,0.04554635775431475,0.20294583140734446,11.627939609414385,0.13973055367282328,-0.16974828887628135
31.98,-3.1806185732509,0.930877396127365,-3.2104464188451383,0.8993481403483846,0.04340269971753005,0.21119855197309834,12.1007856673329,0.14007120937784556,-0.16299120799978528
32.0,-3.1834140865649636,0.9306235964236338,-3.2104464188451383,0.8993481403483846,0.04133885752195642,0.2196515686177145,12.585107845223243,0.14039989462681923,-0.15663688857914249
32.02,-3.186217003819009,0.930377844297181,-3.2104464188451383,0.8993481403483846,0.039368859262853384,0.22833721519811956,13.082758736622688,0.14071507470121425,-0.15075809484177416
32.04,-3.1890263957351963,0.9301399487770439,-3.2104464188451383,0.8993481403483846,0.03750937024714889,0.23729962720577014,13.596267118918437,0.14101776665023102,-0.1453135974721631
32.06,-3.1918426062376914,0.9299096032266094,-3.2104464188451383,0.8993481403483846,0.03577855302817751,0.2465637387812909,14.12706161313407,0.14131002719559582,-0.14021515595097345
32.08,-3.1946647967012187,0.9296866385815412,-3.2104464188451383,0.8993481403483846,0.0341977202827425,0.25617637699636875,14.677825212844198,0.14159147719676746,-0.13548359908355234
32.1,-3.1974930333876683,0.9294708177778052,-3.2104464188451383,0.8993481403483846,0.032789722327685476,0.2661732859591641,15.250605904588879,0.14186386386225713,-0.1310442576091253
32.12,-3.2003271009887455,0.9292619389509175,-3.2104464188451383,0.8993481403483846,0.03157904274533358,0.27659832331634693,15.84791654642167,0.14212728418092624,-0.12689618420158588
32.14,-3.2031667971060274,0.9290598126371866,-3.2104464188451383,0.8993481403483846,0.03059046195894565,0.28749941514456756,16.472503100263264,0.14238232097225634,-0.12301659745639348
32.16,-3.206011932780301,0.9288642607951522,-3.2104464188451383,0.8993481403483846,0.02984737899527065,0.2989291297667278,17.12737750915201,0.1426295180433801,-0.11938431256741655
32.18,-3.208862331412514,0.9286751159951896,-3.2104464188451383,0.8993481403483846,0.029369726481233864,0.31094541922035424,17.815860180252365,0.14286937635472619,-0.11597990763723143
32.2,-3.21171782775715,0.9284922206654546,-3.2104464188451383,0.8993481403483846,0.02917179970706927,0.3236124747656959,18.54162900185823,0.14310235749204203,-0.1127855718713322
32.22,-3.2145784926267296,0.9283154047166354,-3.2104464188451383,0.8993481403483846,0.02926049279688651,0.336999539827167,19.308651329947566,0.1433288869367999,-0.1097849641129578
32.24,-3.2174430657677577,0.9281446219761537,-3.2104464188451383,0.8993481403483846,0.02963427782650086,0.35119671902348776,20.12208977888768,0.14354905698703568,-0.1069766393074767
32.26,-3.2203129736131793,0.9279796332670088,-3.2104464188451383,0.8993481403483846,0.030283845359200687,0.366279134216553,20.98624851431431,0.14376469526107272,-0.10428077464763597
32.28,-3.2231876250216853,0.9278203294673385,-3.2104464188451383,0.8993481403483846,0.0311930102436228,0.3823521747555714,21.90716590114274,0.14397406557011827,-0.10177764034502434
32.3,-3.2260664743676086,0.927666622246557,-3.2104464188451383,0.8993481403483846,0.032340725896958106,0.39953299317207236,22.89155428498888,0.1441781214782445,-0.0994269265741643
32.32,-3.228949620773462,0.9275183894548485,-3.2104464188451383,0.8993481403483846,0.033703581654188575,0.41794891696769687,23.94670899431271,0.14437768054573752,-0.09719398473384544
32.34,-3.2318371522169493,0.9273755102575871,-3.2104464188451383,0.8993481403483846,0.03525757986889036,0.43774555331237064,25.08097270541781,0.14457273839805218,-0.0950809618077697
32.36,-3.2347285741639604,0.9272379089017891,-3.2104464188451383,0.8993481403483846,0.03697921384899732,0.4590918909116519,26.30402775791805,0.14476332292701066,-0.09308857920775626
32.38,-3.237623988555234,0.9271054813389507,-3.2104464188451383,0.8993481403483846,0.038847011136169285,0.48217741990969865,27.626731137333003,0.14495009780031154,-0.09118873162128338
32.4,-3.240523304955175,0.9269781369787314,-3.2104464188451383,0.8993481403483846,0.040841593894816265,0.5072198657393487,29.061557592056943,0.14513304521828196,-0.08938389647494827
32.42,-3.2434266157918668,0.9268557775708549,-3.2104464188451383,0.8993481403483846,0.04294605332516636,0.5344680188770159,30.622761766371422,0.1453123544617796,-0.08766717340957797
32.44,-3.2463333024012755,0.9267383513721795,-3.2104464188451383,0.8993481403483846,0.04514523309608412,0.5642066303802458,32.326658694085694,0.14548803215332917,-0.08603988941480178
32.46,-3.249244166871885,0.9266257335467747,-3.2104464188451383,0.8993481403483846,0.04742712665388663,0.5967600209178805,34.191830580733274,0.14566076284596718,-0.0844725319959494
32.48,-3.252108439911586,0.9265206683888322,-3.2899523034169245,0.8966580129441335,0.048207221401149816,0.1822331576362726,10.44119081990065,0.14289516613867903,-0.12851895903942534
32.5,-3.2549683341751927,0.9264230464242736,-3.2899523034169245,0.8966580129441335,0.04593294375478559,0.18919855437901578,10.840278655894004,0.1431389901219049,-0.12485471787337943
32.52,-3.257834455568737,0.9263322757989334,-3.2899523034169245,0.8966580129441335,0.043727771797509724,0.19635643456294138,11.250394980693267,0.14339053167859994,-0.12074063905853638
32.54,-3.26070514741484,0.9262482212180692,-3.2899523034169245,0.8966580129441335,0.041605006428375314,0.20375245001150777,11.674155451109677,0.14363242436536972,-0.1169562276687186
32.56,-3.2635807458996924,0.9261706827007743,-3.2899523034169245,0.8966580129441335,0.03957848812232752,0.21140573492859274,12.112656376269776,0.14386747214474305,-0.11337892195040222
32.58,-3.2664610880601357,0.9260994845398833,-3.2899523034169245,0.8966580129441335,0.03766480384473511,0.21934518106941692,12.567553131810431,0.1440953031806469,-0.11002813995186767
32.6,-3.2693460189408956,0.9260344615925117,-3.2899523034169245,0.8966580129441335,0.03588306975577519,0.2276021644290407,13.040643429826623,0.14431636469551812,-0.10688666304548011
32.62,-3.2722351789749338,0.9259754700411168,-3.2899523034169245,0.8966580129441335,0.03425506953906882,0.2362133307629226,13.5340269174432,0.14453108046548202,-0.10393819081910838
32.64,-3.2751288664849842,0.9259223486183177,-3.2899523034169245,0.8966580129441335,0.032804506168002866,0.2452107949024187,14.049543638956633,0.14474013623675397,-0.10115447839964542
32.66,-3.2780267347771446,0.9258749620835116,-3.2899523034169245,0.8966580129441335,0.031557080099323336,0.2546382124906401,14.589694878469121,0.14494328030778547,-0.09854920804741596
32.68,-3.280928465352317,0.9258331892356684,-3.2899523034169245,0.8966580129441335,0.030538836995838557,0.26454286059035725,15.157189412145184,0.1451411603050623,-0.09609572429569724
32.7,-3.283834345439866,0.9257968964066894,-3.2899523034169245,0.8966580129441335,0.029774216014086145,0.27497091930298856,15.754673164893585,0.14533433314802835,-0.0937711684856346
32.72,-3.286744067409664,0.9257659688771911,-3.2899523034169245,0.8966580129441335,0.029284225734669923,0.2859804201150675,16.38547109597156,0.14552257285167514,-0.09158773615181026
32.74,-3.289657530492088,0.9257402968029679,-3.2899523034169245,0.8966580129441335,0.029083777703782485,0.29763401937295964,17.053173149585568,0.14570640335400675,-0.08952393872607711
32.76,-3.2925746403481777,0.9257197761118784,-3.2899523034169245,0.8966580129441335,0.029179834293551227,0.3100020776887673,17.76181069185303,0.14588607037087087,-0.0875706037772872
32.78,-3.2954953078000817,0.9257043080842009,-3.2899523034169245,0.8966580129441335,0.029570460918890047,0.32316396900010913,18.515931514402823,0.14606179757934434,-0.08571944486279737
32.8,-3.2984194484249336,0.9256937989660321,-3.2899523034169245,0.8966580129441335,0.03024515522354178,0.3372095864698168,19.32068611607229,0.1462337918166412,-0.08396283917688763
32.82,-3.3013469821937327,0.9256881596110824,-3.2899523034169245,0.8966580129441335,0.031186345087733654,0.35224112523913487,20.18192984714149,0.14640224447739492,-0.08229377092494605
32.84,-3.3042781633149225,0.9256872964600359,-3.2899523034169245,0.8966580129441335,0.03237174019517195,0.3683736057755563,21.106252894955382,0.1465673327400996,-0.08070578153607233
32.86,-3.3072122538449644,0.9256911369674056,-3.2899523034169245,0.8966580129441335,0.033776148083064395,0.38574397797525456,22.101501910569468,0.14672890310247766,-0.07920733018584869
32.88,-3.3101495200950817,0.9256996050445422,-3.2899523034169245,0.8966580129441335,0.035374307530621034,0.40450390923612844,23.17636679577308,0.14688776729840924,-0.07776318781793634
32.9,-3.313090053608432,0.9257126239007502,-3.2899523034169245,0.8966580129441335,0.03714196954612054,0.42482985256904665,24.340957563371365,0.14704372691678458,-0.07638352723216002
32.92,-3.3160334775728297,0.9257301248120978,-3.2899523034169245,0.8966580129441335,0.03905656582207521,0.4469272147981329,25.607043157469807,0.1471967699035126,-0.07507017982910646
32.94,-3.318979739722128,0.9257520434194093,-3.2899523034169245,0.8966580129441335,0.04109811026980356,0.47103259235861317,26.988179555254685,0.14734730426777531,-0.07380591405925507
32.96,-3.32192923468702,0.9257783123931761,-3.2899523034169245,0.8966580129441335,0.043249462117514494,0.49742080070011624,28.500112522134724,0.1474954218024127,-0.07258765037099213
32.98,-3.324881456875573,0.9258088676722933,-3.2899523034169245,0.8966580129441335,0.04549525351858246,0.5264118389125562,30.161176655410028,0.147640840756047,-0.07142925282588308
33.0,-3.3278365032409996,0.9258436510929364,-3.2899523034169245,0.8966580129441335,0.04782273591570554,0.5583770082804416,31.992645951610722,0.14778404678117418,-0.07030984099543058
33.02,-3.3307829903301793,0.925882689122216,-3.3694247129099018,0.9005795271041362,0.046189097545215434,0.15779998336512005,9.041273054055976,0.1472876609954099,-0.07917369234666793
33.04,-3.333731237867704,0.9259263809045506,-3.3694247129099018,0.9005795271041362,0.043777701609010664,0.16336559794885222,9.36015928010029,0.14744423560841824,-0.07761333794431557
33.06,-3.336682371496957,0.9259746643917707,-3.3694247129099018,0.9005795271041362,0.04143638400077454,0.16915136346338344,9.691659225335266,0.14759977435558902,-0.07603457561955462
33.08,-3.339636488212469,0.9260274591109511,-3.3694247129099018,0.9005795271041362,0.03917825384123447,0.1751761503708569,10.03685408759917,0.14775231713559656,-0.07452499844629035
33.1,-3.3425936717052647,0.9260846843225635,-3.3694247129099018,0.9005795271041362,0.03701915472916185,0.18146134628524926,10.396969286906723,0.14790182000608,-0.07308786224902164
33.12,-3.3455534107678044,0.9261462618825598,-3.3694247129099018,0.9005795271041362,0.034978521884001204,0.188035508413279,10.77364103067757,0.14804828315799767,-0.07172449609793574
33.14,-3.3485160920597905,0.9262121259581862,-3.3694247129099018,0.9005795271041362,0.033078702360678426,0.19492249906692408,11.168236528677477,0.14819227749716113,-0.0704104549115181
33.16,-3.351481651387818,0.9262822031010753,-3.3694247129099018,0.9005795271041362,0.03134614825124308,0.20215298149379482,11.582512655580679,0.1483334926193347,-0.06916082933183798
33.18,-3.3544498875118216,0.9263564233738891,-3.3694247129099018,0.9005795271041362,0.029810967394644984,0.20976204166278148,12.018479689324716,0.1484720642030979,-0.06797072258479808
33.2,-3.3574206119323824,0.9264347228910388,-3.3694247129099018,0.9005795271041362,0.028505957087204496,0.21778843727061337,12.478358282355824,0.1486082436698677,-0.06682993936746318
33.22,-3.3603939152295372,0.9265170445013236,-3.3694247129099018,0.9005795271041362,0.027464706724687073,0.2262736758221087,12.964526639518207,0.14874224578389494,-0.0657298051959243
33.24,-3.3633694860840664,0.926603326837516,-3.3694247129099018,0.9005795271041362,0.02671898060322236,0.2352670626818301,13.479809750108656,0.14887403543468736,-0.06467285280087332
33.26,-3.3663479388593567,0.926693525642625,-3.3694247129099018,0.9005795271041362,0.026294627934737903,0.24481894053720613,14.027092037646174,0.1490039096163187,-0.06364659301705267
33.28,-3.369328701074942,0.9267875716883716,-3.3694247129099018,0.9005795271041362,0.026208220450876063,0.2549937038790582,14.610063034678722,0.1491314080547923,-0.06267269739956838
33.3,-3.3723118606981286,0.9268854167844802,-3.3694247129099018,0.9005795271041362,0.026463851840302668,0.26586059430143316,15.232689992311945,0.14925704561825626,-0.06172889551070426
33.32,-3.3752975007290535,0.9269870118660247,-3.3694247129099018,0.9005795271041362,0.027052631816851937,0.2774991455869309,15.899529860617523,0.1493807865501573,-0.06081761288911913
33.34,-3.378285332576921,0.9270923015211161,-3.3694247129099018,0.9005795271041362,0.02795420877380062,0.29000239867005395,16.615913492464408,0.1495026040322145,-0.05994089029459637
33.36,-3.381275202743984,0.9272012382307553,-3.3694247129099018,0.9005795271041362,0.02914017180142964,0.3034767255084001,17.387935552081498,0.14962274883032478,-0.059088185957456574
33.38,-3.3842673206416194,0.9273137851961512,-3.3694247129099018,0.9005795271041362,0.03057815494774184,0.31804425659145363,18.222593601066105,0.14974135155414459,-0.05825428313954717
33.4,-3.3872618848166387,0.9274299021511987,-3.3694247129099018,0.9005795271041362,0.032235187944207794,0.3338479015428713,19.12807575770557,0.14985827707190147,-0.05744595733159219
33.42,-3.390258505363295,0.9275495327111676,-3.3694247129099018,0.9005795271041362,0.034079731666114485,0.35105647479091595,20.114054376260263,0.14997341148443866,-0.05666909381307761
33.44,-3.3932574932335164,0.9276726447324247,-3.3694247129099018,0.9005795271041362,0.03608376976943999,0.3698669593778086,21.1918157536851,0.15008706041799158,-0.05591060289744654
33.46,-3.396258471169053,0.9277991843859515,-3.3694247129099018,0.9005795271041362,0.03822251070835162,0.39051315897415356,22.374755853540368,0.15019903332156304,-0.055179771893953955
33.48,-3.3992615219693394,0.9279291165884181,-3.3694247129099018,0.9005795271041362,0.04047511852741241,0.41327189503058137,23.67873537662589,0.1503096121151959,-0.05446451940616104
33.5,-3.4022666151371768,0.9280624021730617,-3.3694247129099018,0.9005795271041362,0.042824046562183436,0.4384733837639241,25.122674318492926,0.15041875572965324,-0.053767296110951435
33.52,-3.405273613031897,0.9281989997072666,-3.3694247129099018,0.9005795271041362,0.04525460094655416,0.4665125578729861,26.72920065597467,0.15052649948938956,-0.05308710074036771
33.54,-3.4082827029865896,0.9283388801441946,-3.448575455964792,0.9088311350906787,0.04476670704480527,0.12182485831010784,6.980050220948433,0.1506329457688249,-0.05241986962001288
33.56,-3.4113200720772197,0.9284826981341675,-3.448575455964792,0.9088311350906787,0.042120631033528054,0.12561348053896484,7.197122284831387,0.15232751864533434,-0.02649594858239457
33.58,-3.4143641667132827,0.9286284804656179,-3.448575455964792,0.9088311350906787,0.03952653787197998,0.12952534422814588,7.421255564251936,0.1523882877226157,-0.02707225953413328
33.6,-3.4174092258111846,0.9287759777943939,-3.448575455964792,0.9088311350906787,0.03700176553170913,0.1336533278773742,7.657771605251731,0.15244225934871736,-0.027924194486717013
33.62,-3.4204553594109735,0.9289252482292166,-3.448575455964792,0.9088311350906787,0.03456173046912503,0.13801602661266466,7.907735830070936,0.1524977669634442,-0.028688105497276517
33.64,-3.4235025997705053,0.9290763415999435,-3.448575455964792,0.9088311350906787,0.032226022161324246,0.14263085841466275,8.17214621548818,0.1525549140012572,-0.029358892681408122
33.66,-3.4265508590676728,0.9292292925576586,-3.448575455964792,0.9088311350906787,0.03001945530032661,0.14751624180163983,8.452058064865293,0.15261349762916154,-0.029944584684082898
33.68,-3.4296002150092875,0.9293841403605891,-3.448575455964792,0.9088311350906787,0.0279729475555299,0.15269565928443132,8.748816826965518,0.15267321109089238,-0.030457687866247696
33.7,-3.432650686060702,0.9295409172957384,-3.448575455964792,0.9088311350906787,0.026124574168380772,0.15819493288266553,9.063901994532062,0.15273397253494636,-0.030901285257289857
33.72,-3.4357019189545723,0.92969962742259,-3.448575455964792,0.9088311350906787,0.02451982722941866,0.16404047758475152,9.398827034916646,0.1527956420264598,-0.03128095528548425
33.74,-3.43875472432732,0.9298603402451605,-3.448575455964792,0.9088311350906787,0.02320935671931744,0.17027230013836483,9.755884165913129,0.15285786223397935,-0.0316113742981905
33.76,-3.4418086235818914,0.9300230526079338,-3.448575455964792,0.9088311350906787,0.022246064563342837,0.17692486742896144,10.137048194591095,0.15292101889849974,-0.0318763952955603
33.78,-3.4448638154032722,0.9301877929876656,-3.448575455964792,0.9088311350906787,0.021676787404660627,0.1840433875244021,10.544909352438909,0.15298469218278932,-0.03209327512354587
33.8,-3.4479199893623567,0.9303545571108021,-3.448575455964792,0.9088311350906787,0.0215334003799502,0.19167682325246752,10.98227300284143,0.15304885704510163,-0.03226303747771997
33.82,-3.4509774053227074,0.9305233704545062,-3.448575455964792,0.9088311350906787,0.02182481238860203,0.1998851783574527,11.452577107101744,0.15311331521536964,-0.03239373458197026
33.84,-3.454035809335319,0.9306942272535126,-3.448575455964792,0.9088311350906787,0.022534645722788554,0.20873538896024724,11.959656822443804,0.15317806347479035,-0.03248560311863713
33.86,-3.4570955913240606,0.9308671562837271,-3.448575455964792,0.9088311350906787,0.02362581081276863,0.2183084533349862,12.50815300812339,0.15324297956027522,-0.03254355203874404
33.88,-3.4601565588935594,0.9310421515647316,-3.448575455964792,0.9088311350906787,0.025048975984206464,0.22869664777986667,13.103352706576288,0.1533080492792216,-0.03256846805799185
33.9,-3.4632187120717677,0.931219215700576,-3.448575455964792,0.9088311350906787,0.026751656076021466,0.24000965625280227,13.75154034567124,0.15337317874122292,-0.032564151796199425
33.92,-3.466282049691839,0.9313983494853064,-3.448575455964792,0.9088311350906787,0.02868453637324117,0.2523775278194605,14.460167188000609,0.15343830833960403,-0.032533140679746886
33.94,-3.469346569583332,0.9315795520601556,-3.448575455964792,0.9088311350906787,0.030804701517324836,0.2659554385033751,15.238124164794504,0.15350338392385865,-0.03247776141135361
33.96,-3.472412268664741,0.9317628210528026,-3.448575455964792,0.9088311350906787,0.03307651524507856,0.28092981410828366,16.096092687799423,0.15356835606064045,-0.03240015958472231
33.98,-3.4754791430276897,0.9319481527058995,-3.448575455964792,0.9088311350906787,0.03547118381166254,0.29752626124281645,17.046999063520143,0.15363317966055057,-0.0323023137011047
34.0,-3.4785472525481778,0.9321355456084026,-3.448575455964792,0.9088311350906787,0.03796582858327275,0.3160201977930941,18.106623574433783,0.15369781364187318,-0.032186047934645856
34.02,-3.481616462646744,0.9323249859979885,-3.448575455964792,0.9088311350906787,0.04054218979053405,0.33674943291757864,19.29432125960109,0.1537622089909263,-0.032053603451487334
34.04,-3.48468676801753,0.9325164670356981,-3.448575455964792,0.9088311350906787,0.043185898248339925,0.36013338400576994,20.634122965294804,0.15382635593104155,-0.03190537495978418
34.06,-3.487758290517048,0.9327099881877792,-3.5274550471386923,0.9194023697061139,0.04186794950713028,0.08208573995428228,4.70316645758877,0.15389022597247504,-0.03174268570327321
34.08,-3.490893783662055,0.932907998357233,-3.5274550471386923,0.9194023697061139,0.03897599251167337,0.08385036916259227,4.804272263630444,0.15779214152176202,0.030001009835856074
34.1,-3.4940427263687774,0.9331050476463264,-3.5274550471386923,0.9194023697061139,0.036112969442637505,0.08564297457656903,4.906980988183614,0.1577458417118649,0.027093911123543535
34.12,-3.4971905911274392,0.9333003984418122,-3.5274550471386923,0.9194023697061139,0.03330304040767701,0.08762637087456529,5.020621225160672,0.1576904910495447,0.02377177721946122
34.14,-3.5003375671087644,0.9334942689458884,-3.5274550471386923,0.9194023697061139,0.03056042125621788,0.08980314429453908,5.145341155081428,0.15764228306789363,0.020730339949093235
34.16,-3.5034838517294085,0.933686843114813,-3.5274550471386923,0.9194023697061139,0.027904558586616304,0.09217663202166218,5.28133198457168,0.15760021409998437,0.017930042382485745
34.18,-3.506629406359014,0.933878296194841,-3.5274550471386923,0.9194023697061139,0.025362566147596757,0.09476679111771727,5.429737169043057,0.1575632338961075,0.015328746105214286
34.2,-3.509774340393841,0.9340688027930911,-3.5274550471386923,0.9194023697061139,0.02297197532847831,0.0975863009012097,5.591283179933018,0.15753179601425416,0.012948491268094386
34.22,-3.5129187570395204,0.9342585220164047,-3.5274550471386923,0.9194023697061139,0.020784825987095534,0.10065026070943374,5.766835145541968,0.1575054229804973,0.010771422655486695
34.24,-3.5160628382195087,0.9344475812562486,-3.5274550471386923,0.9194023697061139,0.018871693475855128,0.10396860411761223,5.956962217805653,0.1574836624282483,0.008780498843563578
34.26,-3.519206533145322,0.934636108096604,-3.5274550471386923,0.9194023697061139,0.017323532216286484,0.10757371838547794,6.163520050016754,0.1574653050607111,0.006925797517709498
34.28,-3.5223499594254446,0.9348242243281257,-3.5274550471386923,0.9194023697061139,0.016244861358054755,0.11148710083937831,6.387740348245795,0.15745108252436246,0.005240477606860416
34.3,-3.525493191366657,0.935012033002044,-3.5274550471386923,0.9194023697061139,0.015732465359331857,0.11573732877373845,6.6312604708532366,0.15744026450552617,0.003694996916769888
34.32,-3.528636253484546,0.9351996378406439,-3.5274550471386923,0.9194023697061139,0.015841367647577684,0.12036465302915668,6.896386621127218,0.1574324108670755,0.002271964591460396
34.34,-3.5317792350183694,0.9353871238415888,-3.5274550471386923,0.9194023697061139,0.016559316579808792,0.12540513239540044,7.18518481553576,0.1574277246343847,0.0009815156609693787
34.36,-3.5349221622145817,0.9355745742296054,-3.5274550471386923,0.9194023697061139,0.017812860710908145,0.13091271955099895,7.500746314852018,0.1574253744681453,-0.0002107573265908158
34.38,-3.5380650855933347,0.9357620650164634,-3.5274550471386923,0.9194023697061139,0.019499039634209226,0.13694528253078467,7.846386713240602,0.15742555752784604,-0.0012952760403139862
34.4,-3.541208043437574,0.9359496617970767,-3.5274550471386923,0.9194023697061139,0.021516453767772666,0.14357263163191303,8.226105846095077,0.1574279311762794,-0.002285669032930926
34.42,-3.5443510711537027,0.9361374269241146,-3.5274550471386923,0.9194023697061139,0.02378103798419169,0.15088122165823695,8.644857208794845,0.15743220539636837,-0.003193455138106316
34.44,-3.547494202348172,0.936325417900954,-3.5274550471386923,0.9194023697061139,0.02622894015614235,0.1589745095987614,9.108568450171022,0.15743831997032665,-0.004020375841684576
34.46,-3.550637467977538,0.9365136871237654,-3.5274550471386923,0.9194023697061139,0.028813570061985993,0.16797896974459928,9.624486013321286,0.15744611264603137,-0.004772605589620227
34.48,-3.5537808962063857,0.9367022822518392,-3.5274550471386923,0.9194023697061139,0.03150138573499136,0.17805065910033083,10.20155130597154,0.15745543218819158,-0.005455919556696109
34.5,-3.556924523201635,0.9368912489222775,-3.5274550471386923,0.9194023697061139,0.0342682201997989,0.18938481783252062,10.850950765657362,0.15746613903298012,-0.0060756595365862864
34.52,-3.560068351929416,0.9370806236545757,-3.5274550471386923,0.9194023697061139,0.03709647304042463,0.20222539474520598,11.58666162926736,0.1574781664040792,-0.0066340938431608265
34.54,-3.5632124131537135,0.937270442236207,-3.5274550471386923,0.9194023697061139,0.03997320652978522,0.21688644695495565,12.426678044106964,0.15749126706108285,-0.007141300643054294
34.56,-3.5663567396649793,0.9374607388978671,-3.60626663855906,0.9304762556552351,0.04051645389101014,0.036680740389140265,2.1016516137127943,0.15750539750012393,-0.0075986858572019145
34.58,-3.569487493206243,0.9376486643144747,-3.60626663855906,0.9304762556552351,0.037471975913458,0.03624720213879851,2.0768117017107253,0.15662258360631398,0.08710676418055563
34.6,-3.5726170228479495,0.9378312414004848,-3.60626663855906,0.9304762556552351,0.03444404814794926,0.03556996103123522,2.0380086445345835,0.1567637357267948,0.08241739378855861
34.62,-3.575750251344439,0.938008998021992,-3.60626663855906,0.9304762556552351,0.03143234156401069,0.03502358457021781,2.0067035792929917,0.15692997732603686,0.07657597891008727
34.64,-3.578886846504668,0.9381822623759714,-3.60626663855906,0.9304762556552351,0.028443550279840007,0.03460182662003097,1.9825386287711972,0.15708429756831066,0.07118662465943615
34.66,-3.582026422557015,0.9383513197116355,-3.60626663855906,0.9304762556552351,0.025487344030287015,0.03429579745313838,1.9650044491003467,0.1572277486888929,0.06620765948039953
34.68,-3.585168917496417,0.9385164630498595,-3.60626663855906,0.9304762556552351,0.022577838005124983,0.03410853359411581,1.9542750203230208,0.15736165769824062,0.061585161719723835
34.7,-3.5883141245577637,0.9386779585597955,-3.60626663855906,0.9304762556552351,0.01973729184821003,0.03403831645366484,1.950251874525703,0.15748621477178482,0.05731430776145796
34.72,-3.591461966747517,0.9388360696624675,-3.60626663855906,0.9304762556552351,0.0170019057073911,0.03408851128635115,1.953127826591994,0.1576021246442405,0.053367864904507734
34.74,-3.5946121360864582,0.9389910186178679,-3.60626663855906,0.9304762556552351,0.014433593322305642,0.034254912629287926,1.96266192124758,0.15770964966308476,0.049737633002755466
34.76,-3.597764370638589,0.9391430014913499,-3.60626663855906,0.9304762556552351,0.012140883130122224,0.03453562570881852,1.9787455959588032,0.15780985097615385,0.046380644846966135
34.78,-3.6009186341319803,0.939292218464075,-3.60626663855906,0.9304762556552351,0.01031127303483486,0.034937497289389,2.0017711414317434,0.15790361936307562,0.04326098967943892
34.8,-3.6040748757874383,0.9394388639144122,-3.60626663855906,0.9304762556552351,0.009226709643992137,0.03546797634772947,2.0321653525947263,0.1579910772392168,0.04037581857407879
34.82,-3.6072328689087563,0.9395831023804049,-3.60626663855906,0.9304762556552351,0.00915796147428074,0.03612975659659412,2.0700825678197883,0.15807240591128036,0.03771970377375311
34.84,-3.6103923445581083,0.9397250691122279,-3.60626663855906,0.9304762556552351,0.01012728988193949,0.036925667429565046,2.115684899417764,0.15814837654177794,0.035261585871193546
34.86,-3.6135535065285436,0.9398649336888395,-3.60626663855906,0.9304762556552351,0.011884684262670649,0.037876510164079225,2.170164175086105,0.1582198829615855,0.03296482180226157
34.88,-3.6167160283858513,0.9400028168317434,-3.60626663855906,0.9304762556552351,0.014140195034086448,0.038987749328942556,2.233833489262416,0.15828627195806355,0.03085948384107251
34.9,-3.6198798908518452,0.9401388454207544,-3.60626663855906,0.9304762556552351,0.016693899453505204,0.04027807521391935,2.3077637166680693,0.15834862252743775,0.028900866102521405
34.92,-3.623045008331516,0.9402731352959177,-3.60626663855906,0.9304762556552351,0.0194291673242909,0.04176783959167496,2.393120927982399,0.15840701184539618,0.027087248364865424
34.94,-3.6262113009620927,0.9404057938601881,-3.60626663855906,0.9304762556552351,0.022279705728185998,0.043482435009725394,2.4913600090091577,0.15846173042759482,0.025407651132458575
34.96,-3.6293787459659868,0.9405369271675424,-3.60626663855906,0.9304762556552351,0.025206876444094965,0.045455372894801976,2.604401023065513,0.1585130496092102,0.023851819726528056
34.98,-3.6325471699660308,0.9406666193919804,-3.60626663855906,0.9304762556552351,0.02818705100076893,0.047723437467582806,2.7343515507489964,0.1585610644156965,0.02241703056071742
35.0,-3.635716563392482,0.9407949576048357,-3.60626663855906,0.9304762556552351,0.031205347019683846,0.050339371581696456,2.8842335349720023,0.15860632891353532,0.021080664970307694
35.02,-3.6388868682123885,0.9409220213820338,-3.60626663855906,0.9304762556552351,0.03425191095771231,0.053368832879441074,3.057808881530994,0.15864889115322356,0.019841778885476558
35.04,-3.64205810997534,0.9410478943064573,-3.60626663855906,0.9304762556552351,0.03732008802125738,0.05689986501320757,3.260122120120888,0.15868894637702802,0.01869304667445615
35.06,-3.6452300746789295,0.9411726323268411,-3.685241776582519,0.9402957467362689,0.04002130954330053,-0.010322131072160623,-0.5914145460156511,0.158726447343982,0.017637556684602096
35.08,-3.648300264932131,0.9412900711542402,-3.685241776582519,0.9402957467362689,0.036954890935624776,-0.012623113484462767,-0.723251126974395,0.1528475539521068,0.11200763479046749
35.1,-3.651358835606097,0.9414003794843747,-3.685241776582519,0.9402957467362689,0.03390094250489071,-0.015130051091074126,-0.8668880713358538,0.15304803611360107,0.10627681072572503
35.12,-3.6544216606916233,0.9415044630884071,-3.685241776582519,0.9402957467362689,0.030843808758779716,-0.01759552934244457,-1.0081495696206746,0.15326173590057834,0.09987260488508731
35.14,-3.6574887508900136,0.9416026864468393,-3.685241776582519,0.9402957467362689,0.027783781716964693,-0.02002277148752363,-1.1472203003899852,0.1534634023728998,0.0939125924814821
35.16,-3.660560032414623,0.9416954031028875,-3.685241776582519,0.9402957467362689,0.024721398283958418,-0.0224191403355114,-1.2845221215363116,0.15365301556280464,0.08840157877221255
35.18,-3.663634872197141,0.9417828971153934,-3.685241776582519,0.9402957467362689,0.0216580223789942,-0.02480924627328518,-1.421465104359907,0.15383092092404738,0.08332838378533047
35.2,-3.6667130745851413,0.9418654423238395,-3.685241776582519,0.9402957467362689,0.01859507305565842,-0.027205383519354864,-1.5587536556938,0.1539990996508589,0.07860987885022208
35.22,-3.669794777118599,0.9419433251575232,-3.685241776582519,0.9402957467362689,0.015534616412790461,-0.029611335838781283,-1.696604569306645,0.15415820681123904,0.07422066979456687
35.24,-3.6728796121775087,0.942016792412991,-3.685241776582519,0.9402957467362689,0.012481390427266975,-0.03204626239286412,-1.8361155842799246,0.15430796491404664,0.07017612235205029
35.26,-3.6759675419997317,0.942086088140944,-3.685241776582519,0.9402957467362689,0.009445461843756714,-0.03452139800493769,-1.97793040857427,0.15444953052390353,0.06642884846030928
35.28,-3.679058113461992,0.9421514111684406,-3.685241776582519,0.9402957467362689,0.006456096349419864,-0.03706050530372096,-2.123410540525414,0.15458313767613419,0.06297157035595191
35.3,-3.682150815132771,0.9422129221211485,-3.685241776582519,0.9402957467362689,0.0036372522788798737,-0.03969001109524539,-2.274070124584971,0.15471011800065604,0.05974886230830645
35.32,-3.6852465452300165,0.942270848724618,-3.685241776582519,0.9402957467362689,0.0019751077450051472,-0.04240239946156522,-2.4294785303754813,0.1548318716213526,0.05670193383655597
35.34,-3.6883446462984386,0.9423253651443191,-3.685241776582519,0.9402957467362689,0.003707715112608582,-0.045232222303125624,-2.5916154359666104,0.15494618956828354,0.05392935097880969
35.36,-3.6914449938512712,0.9423766318912321,-3.685241776582519,0.9402957467362689,0.006542934166831416,-0.04820354474600741,-2.7618596715162385,0.15505488004534662,0.05135488381269315
35.38,-3.6945474766492112,0.9424247984328038,-3.685241776582519,0.9402957467362689,0.009546146597331868,-0.05134362327312702,-2.941772918459848,0.15515836215347356,0.048962375032712835
35.4,-3.6976519915942085,0.942470003997656,-3.685241776582519,0.9402957467362689,0.012599239313349627,-0.05468396045676638,-3.133160141232999,0.15525700465657266,0.04673773064567399
35.42,-3.7007585370737788,0.9425123852725381,-3.685241776582519,0.9402957467362689,0.01567428921972504,-0.05825934619915296,-3.3380146544029987,0.15535114751172863,0.04466799395752563
35.44,-3.703866832538284,0.942552055519432,-3.685241776582519,0.9402957467362689,0.018761227003593263,-0.06211764605097336,-3.559078952008259,0.15544089744738976,0.04275028863631736
35.46,-3.706976892745108,0.942589127778046,-3.685241776582519,0.9402957467362689,0.021855774321767184,-0.06630912253575882,-3.7992328645147957,0.1555269733364284,0.040954959507066846
35.48,-3.710088641627641,0.9426237073764682,-3.685241776582519,0.9402957467362689,0.024955682785947123,-0.0708973646318305,-4.062119772003961,0.15560942185448567,0.039281448004357955
35.5,-3.7132020867536792,0.9426558977551588,-3.685241776582519,0.9402957467362689,0.02805974443396526,-0.07595916060026342,-4.352139317751503,0.15568848680391767,0.03772057625917036
35.52,-3.716317000845828,0.9426857852939389,-3.685241776582519,0.9402957467362689,0.031166999331377468,-0.0815953698300813,-4.675070319072748,0.1557642401313064,0.03627058422328577
35.54,-3.719433403338292,0.9427134558834107,-3.685241776582519,0.9402957467362689,0.03427699896032702,-0.08792840047382322,-5.037926246486179,0.15583721629761627,0.034909494506241145
35.56,-3.7225513773051815,0.9427389982215599,-3.685241776582519,0.9402957467362689,0.03738951435770276,-0.09511559679569626,-5.449722262261452,0.15590744361380082,0.03363721597648972
35.58,-3.7256705835760435,0.9427624785351169,-3.7645292130123136,0.947076839498281,0.039097401348246005,-0.047155972234725674,-2.701838187885874,0.1559748452739207,0.03245824478415038
35.6,-3.7287068527926333,0.9427816740761357,-3.7645292130123136,0.947076839498281,0.03607894036293373,-0.05041860517446307,-2.8887732854331873,0.150923899060329,0.11395123445334665
35.62,-3.7317287061605677,0.9427940569555574,-3.7645292130123136,0.947076839498281,0.033078927975974136,-0.05399695186289576,-3.0937974483149953,0.15112397903771502,0.10902856740158118
35.64,-3.734754691966789,0.9427999686276132,-3.7645292130123136,0.947076839498281,0.030080121807179575,-0.057603911411213016,-3.300461007307988,0.15134351297287907,0.10315122798587595
35.66,-3.73778510884111,0.9427997502975748,-3.7645292130123136,0.947076839498281,0.027083954658634782,-0.06124035959763343,-3.5088141408078797,0.15155216636624225,0.09766646495601439
35.68,-3.740819691361681,0.942793724787051,-3.7645292130123136,0.947076839498281,0.024093287208917222,-0.06492537012991507,-3.7199496917688752,0.15174914472533274,0.09261291605389133
35.7,-3.743858004177208,0.9427821772557171,-3.7645292130123136,0.947076839498281,0.02111262651785084,-0.06868357626648372,-3.9352790419344252,0.15193538126836437,0.08795327717858736
35.72,-3.7468996712085136,0.9427653598349575,-3.7645292130123136,0.947076839498281,0.018149093671563393,-0.07253913966057216,-4.156186552060827,0.15211221975119926,0.08363190091675854
35.74,-3.749944702455907,0.9427435160948696,-3.7645292130123136,0.947076839498281,0.015214652144840175,-0.07650837819803981,-4.383607168138403,0.15228077996649603,0.07960266334761101
35.76,-3.7529929283904715,0.9427168758322322,-3.7645292130123136,0.947076839498281,0.012332686083956582,-0.0806141186540901,-4.618848768046203,0.15244119406507828,0.07586269468118356
35.78,-3.7560441906667092,0.9426856531138019,-3.7645292130123136,0.947076839498281,0.009553958450225724,-0.08488133851459193,-4.863342456307362,0.1525940414456084,0.07238941037102098
35.8,-3.759098196755956,0.9426500408990666,-3.7645292130123136,0.947076839498281,0.007006602844091395,-0.08934074669818973,-5.118847724353616,0.15273986225232683,0.06916180165184027
35.82,-3.7621551079836064,0.9426102284848019,-3.7645292130123136,0.947076839498281,0.005058358294255714,-0.09401654025776043,-5.38675096119147,0.15287947689945902,0.06614636834323395
35.84,-3.765214647664065,0.9425663931972839,-3.7645292130123136,0.947076839498281,0.004562230429954247,-0.09894648589261504,-5.669216039297582,0.15301267426708343,0.0633547451728278
35.86,-3.768276697806394,0.9425186967728946,-3.7645292130123136,0.947076839498281,0.005900873442708193,-0.10416980310338378,-5.968490070532676,0.15314022124459648,0.06075565107066527
35.88,-3.771341272242023,0.9424672946573558,-3.7645292130123136,0.947076839498281,0.008225086904682074,-0.10972906714939715,-6.287012437568063,0.15326251227540943,0.05833392602461185
35.9,-3.774407786856399,0.9424123192005044,-3.7645292130123136,0.947076839498281,0.0109244666140468,-0.11568524017415731,-6.628276013936491,0.1533796644730412,0.056086482572159646
35.92,-3.777476750054115,0.9423538990938356,-3.7645292130123136,0.947076839498281,0.01378204924939538,-0.12208790735701516,-6.995121821141162,0.15349296115987343,0.05395893132087437
35.94,-3.780547834180331,0.942292165304252,-3.7645292130123136,0.947076839498281,0.01671793441988156,-0.1290129268264553,-7.391896209786006,0.1536015172884042,0.05199169416547633
35.96,-3.7836209562460645,0.9422272331375764,-3.7645292130123136,0.947076839498281,0.019698054258156118,-0.13654546304559137,-7.823478744171934,0.15370609084839337,0.05015337597724656
35.98,-3.786696040274781,0.942159210515165,-3.7645292130123136,0.947076839498281,0.022705754902659525,-0.14478780067993235,-8.295729903941515,0.15380694909601367,0.04843384761643588
36.0,-3.789773015348907,0.942088198567605,-3.7645292130123136,0.947076839498281,0.025732005260846066,-0.15386416568819095,-8.815767312234955,0.1539043326498568,0.04682405225719943
36.02,-3.7928518151914936,0.9420142921350555,-3.7645292130123136,0.947076839498281,0.02877149943963636,-0.16392711163260845,-9.392331644318366,0.15399846369286152,0.045315654766397984
36.04,-3.795932286656409,0.9419375788754605,-3.7645292130123136,0.947076839498281,0.03182082704842457,-0.1751673789468369,-10.036351522022505,0.1540895475224069,0.043900979053157485
36.06,-3.79901437942621,0.9418581387526337,-3.7645292130123136,0.947076839498281,0.034877808705059986,-0.18782332319656384,-10.761483713284722,0.15417791535097258,0.04256673990121751
36.08,-3.8020981322033056,0.9417760480279097,-3.7645292130123136,0.947076839498281,0.03794103424251441,-0.20219836260289206,-11.585112801601573,0.15426371595035349,0.04130753369913087
36.1,-3.8051836602411218,0.9416913830950256,-3.8440736336048897,0.9492050562018168,0.039609156918448796,-0.06949197353317452,-3.9815967934857195,0.15434696062111009,0.0401239316788482
36.12,-3.8081994925790523,0.9416047880604589,-3.8440736336048897,0.9492050562018168,0.03667039773662418,-0.0732654472308403,-4.197800910465594,0.15014214444533103,0.10806465450874381
36.14,-3.811204588549041,0.941512163071939,-3.8440736336048897,0.9492050562018168,0.03375729147297114,-0.07732824145937148,-4.4305818727905395,0.15033586839523494,0.10374041080840612
36.16,-3.8142132157345823,0.9414132896262799,-3.8440736336048897,0.9492050562018168,0.03086026865983237,-0.08146811825407976,-4.667779340831471,0.1505437816417654,0.09869882135471464
36.18,-3.817225648179383,0.9413084374938884,-3.8440736336048897,0.9492050562018168,0.027985190877080332,-0.08569150761231484,-4.9097617262988065,0.15074269176253985,0.09397090858953572
36.2,-3.820241505322031,0.9411978723667509,-3.8440736336048897,0.9492050562018168,0.02514130727426821,-0.09002257267681937,-5.157913475291472,0.1509320519541113,0.08958397289093867
36.22,-3.823261174304368,0.941081844775036,-3.8440736336048897,0.9492050562018168,0.022341553796011215,-0.09446964661523641,-5.412712043145389,0.15111297467504947,0.08549211822861391
36.24,-3.8262840956773965,0.9409606066076983,-3.8440736336048897,0.9492050562018168,0.01960710607875835,-0.09906452873879193,-5.675979396185229,0.15128477728336698,0.0817285385185107
36.26,-3.8293101149111344,0.9408343744747667,-3.8440736336048897,0.9492050562018168,0.016971440622305316,-0.10383185603452041,-5.949127129787988,0.15144898707664112,0.07822903068666065
36.28,-3.8323390906876416,0.9407033503758322,-3.8440736336048897,0.9492050562018168,0.01449063488699928,-0.10879846267142426,-6.233692728584242,0.15160614504035053,0.07497249356003266
36.3,-3.835370741119902,0.9405677214704053,-3.8440736336048897,0.9492050562018168,0.012261479880817898,-0.11399687971183627,-6.531540085148738,0.15175674133520722,0.07193991783449594
36.32,-3.838405106182138,0.940427656586534,-3.8440736336048897,0.9492050562018168,0.010448681598596757,-0.11945676837880571,-6.844368662377397,0.15190153094408743,0.06910045278640808
36.34,-3.8414422118059646,0.9402833220930547,-3.8440736336048897,0.9492050562018168,0.00930170523029563,-0.12521256945248485,-7.174151771616079,0.1520405836897165,0.06645324845455658
36.36,-3.844481669010687,0.9401348800743468,-3.8440736336048897,0.9492050562018168,0.009079349529328195,-0.13131130410957706,-7.523583527837628,0.15217401962761556,0.06399524154265812
36.38,-3.84752365051994,0.939982467162442,-3.8440736336048897,0.9492050562018168,0.009846764204718646,-0.137795953761245,-7.895126584499181,0.15230274751316664,0.061688542096205445
36.4,-3.85056780366929,0.9398262265574188,-3.8440736336048897,0.9492050562018168,0.011407746943371136,-0.14472576744181812,-8.29217566120804,0.15242658593774827,0.05954302620569951
36.42,-3.8536140546394377,0.9396662787627414,-3.8440736336048897,0.9492050562018168,0.013491030670362418,-0.1521639453557173,-8.718351862941885,0.1525463156450524,0.05752621344445874
36.44,-3.8566626826678703,0.9395027333700363,-3.8440736336048897,0.9492050562018168,0.01589399964270229,-0.1601792999542353,-9.177597852737744,0.15266217479776856,0.055629259746448056
36.46,-3.8597132553279043,0.9393357179530157,-3.8440736336048897,0.9492050562018168,0.018493285406012583,-0.1688646718743041,-9.675233007259122,0.15277381270815127,0.053869201098732944
36.48,-3.862765928670652,0.9391653285567382,-3.8440736336048897,0.9492050562018168,0.02121787044010012,-0.17832082110531133,-10.217030448641715,0.15288207912833585,0.052210302614597026
36.5,-3.865820418451592,0.9389916719082303,-3.8440736336048897,0.9492050562018168,0.0240257334934281,-0.1886751173276278,-10.8102879220087,0.15298683151341308,0.05066024398425739
36.52,-3.868876773727393,0.9388148336697641,-3.8440736336048897,0.9492050562018168,0.026891494644257087,-0.2000766596193542,-11.46354817526454,0.15308861701939236,0.04919635508748854
36.54,-3.871934937335644,0.9386349010750215,-3.8440736336048897,0.9492050562018168,0.029799000402393888,-0.21270931721081812,-12.187346139289321,0.15318744889625258,0.04781928806985025
36.56,-3.874994855058602,0.9384519563391875,-3.8440736336048897,0.9492050562018168,0.032737609760720245,-0.22680006040745962,-12.994686254659559,0.1532835005928046,0.04652263192073125
36.58,-3.8780565693800537,0.9382660746312175,-3.8440736336048897,0.9492050562018168,0.03570015744644318,-0.2426314047643159,-13.901755470325677,0.15337693485348858,0.045300380539514684
36.6,-3.8811198435401177,0.938077337591313,-3.8440736336048897,0.9492050562018168,0.03868136233432763,-0.260563036165171,-14.929162269378933,0.1534677800649309,0.04415239183874764
36.62,-3.8841846387617145,0.9378858106994138,-3.9236077946088375,0.9466275529632773,0.04038072900226497,-0.08052912628716438,-4.6139790641305325,0.15355642924590462,0.04306242913532099
36.64,-3.887193277906823,0.9376940334242961,-3.9236077946088375,0.9466275529632773,0.037494330211308796,-0.0844203409651583,-4.836929242358941,0.15020946075829933,0.0971754729600649
36.66,-3.8901940228316603,0.9374970139136403,-3.9236077946088375,0.9466275529632773,0.03463880609539292,-0.08857626191180604,-5.07504597259187,0.15038693350231114,0.09353874994455502
36.68,-3.8931975575166557,0.9372942265590578,-3.9236077946088375,0.9466275529632773,0.03181027352555153,-0.09283993681399519,-5.319336549703163,0.1505751020200119,0.08934906807367415
36.7,-3.896204566912913,0.9370858620153981,-3.9236077946088375,0.9466275529632773,0.029016904629879412,-0.09720988203992079,-5.5697159678520425,0.15075631396572753,0.08538955389159053
36.72,-3.899215054563218,0.936872162630258,-3.9236077946088375,0.9466275529632773,0.026271151620793916,-0.10170303650989278,-5.827154755681778,0.15092907283098533,0.08172882272450277
36.74,-3.9022285010766202,0.9366533733967485,-3.9236077946088375,0.9466275529632773,0.023591491049996527,-0.10634914768331274,-6.0933573170673165,0.15109362869667464,0.07835890720175875
36.76,-3.9052447722917685,0.9364296930443895,-3.9236077946088375,0.9466275529632773,0.021004688418123023,-0.11117157801799694,-6.369662222240582,0.15125135748612628,0.07522203993859389
36.78,-3.9082634433256462,0.9362013154837459,-3.9236077946088375,0.9466275529632773,0.018551429709905323,-0.11620132283750652,-6.657845372426271,0.1514027426268605,0.07229943327136112
36.8,-3.911284869407074,0.9359683830990057,-3.9236077946088375,0.9466275529632773,0.016293323409410712,-0.1214574218605551,-6.958997663149789,0.15154880279730776,0.06954850043761063
36.82,-3.914309071506502,0.9357310644141723,-3.9236077946088375,0.9466275529632773,0.014324793682098368,-0.12696886616753858,-7.274780160961348,0.15168900017186182,0.06699504555951474
36.84,-3.9173356503259806,0.9354895359851063,-3.9236077946088375,0.9466275529632773,0.012782613821554581,-0.13277584931747047,-7.60749578715603,0.1518235009540181,0.06463404065348843
36.86,-3.9203642549864046,0.9352439477767552,-3.9236077946088375,0.9466275529632773,0.011836680967437759,-0.13892152223221668,-7.959616907438851,0.15195324123684628,0.06242640919085218
36.88,-3.923395201731774,0.9349944035134631,-3.9236077946088375,0.9466275529632773,0.011635091828305025,-0.14544360779524748,-8.333304883823722,0.15207897710807217,0.06034065908600006
36.9,-3.926428522194954,0.9347410302544764,-3.9236077946088375,0.9466275529632773,0.012216624993095157,-0.15239126710593198,-8.731376439820714,0.15220028415154907,0.0583971431794561
36.92,-3.929463767569805,0.9344839706081135,-3.9236077946088375,0.9466275529632773,0.013481802985366245,-0.1598284400698733,-9.157495062163353,0.15231727279019225,0.056592805878219465
36.94,-3.9325008795492757,0.9342233273444126,-3.9236077946088375,0.9466275529632773,0.015262757711552286,-0.16782234656521336,-9.615512166168553,0.15243081926943347,0.05489071856601413
36.96,-3.935539913816559,0.9339591923074883,-3.9236077946088375,0.9466275529632773,0.01740295464834709,-0.17645021799218188,-10.109852785115365,0.15254111133304882,0.05328400965509683
36.98,-3.9385808101560853,0.9336916623684351,-3.9236077946088375,0.9466275529632773,0.019787078108196025,-0.18580498895529665,-10.645841679613373,0.15264816136522086,0.05177348056162323
37.0,-3.941623407555474,0.9334208344125376,-3.9236077946088375,0.9466275529632773,0.02233785407601798,-0.19599811770995704,-11.229864937288854,0.1527521614855587,0.050351999678621695
37.02,-3.944667862220737,0.9331467788102892,-3.9236077946088375,0.9466275529632773,0.025005153860387458,-0.20715921642738191,-11.869348788526176,0.1528534340773824,0.049006608436874544
37.04,-3.947713919728731,0.9328695927874152,-3.9236077946088375,0.9466275529632773,0.02775584148420974,-0.2194496944968274,-12.573541310103499,0.1529518509116201,0.047744115042602786
37.06,-3.950761730501878,0.9325893376413588,-3.9236077946088375,0.9466275529632773,0.030568083418950336,-0.23306165573514928,-13.353449239955012,0.15304784413943118,0.046546643542311195
37.08,-3.953811149917892,0.9323060957269694,-3.9236077946088375,0.9466275529632773,0.033426737939804683,-0.24823473998065393,-14.222802929418869,0.15314129666799126,0.045420392595363346
37.1,-3.95686168029149,0.9320199662917411,-3.9236077946088375,0.9466275529632773,0.03632082737715894,-0.2652686813826118,-15.19877588022421,0.153232475328835,0.044354660434509086
37.12,-3.959914199274253,0.931730936249304,-3.9236077946088375,0.9466275529632773,0.039243651833792643,-0.28453013893929785,-16.302376105492687,0.15332203723565918,0.04332140155549613
37.14,-3.9629682076018575,0.9314391157481614,-4.002908402558427,0.9399858623979442,0.04084441273251906,-0.08318525111525554,-4.766163806640067,0.15340899001614616,0.042365100353380925
37.16,-3.965980009533102,0.9311478704693468,-4.002908402558427,0.9399858623979442,0.03797125640221619,-0.08690703838243063,-4.979406509294728,0.15091908378628283,0.08273514519652192
37.18,-3.9689863411419024,0.9308522102545378,-4.002908402558427,0.9399858623979442,0.03513018434655917,-0.09086045779954866,-5.205920756540661,0.15107244305672118,0.07986807839255317
37.2,-3.971995696226288,0.9305514755222435,-4.002908402558427,0.9399858623979442,0.032320319746213494,-0.09491805611240434,-5.438404014826695,0.15123332604032313,0.0766011603658967
37.22,-3.975007515942009,0.9302458989259604,-4.002908402558427,0.9399858623979442,0.029552095736475437,-0.09910494106613665,-5.6782948519823835,0.151387181745255,0.07357757871362391
37.24,-3.978021851851764,0.9299356452383405,-4.002908402558427,0.9399858623979442,0.02683928596349984,-0.10343669410734281,-5.926486019136456,0.1515352439775075,0.07074540039064825
37.26,-3.981038600097947,0.9296208852700991,-4.002908402558427,0.9399858623979442,0.024201673713220098,-0.10793372557177275,-6.184146942385826,0.1516775844324858,0.06810369144016892
37.28,-3.9840576630812876,0.9293017788330686,-4.002908402558427,0.9399858623979442,0.021667949152059423,-0.1126183554593594,-6.452556463525387,0.15181458432853567,0.0656378407742908
37.3,-3.987079081882094,0.9289784675415497,-4.002908402558427,0.9399858623979442,0.019280304318105807,-0.11751291807358857,-6.732994243883238,0.1519465997653402,0.06333422542581513
37.32,-3.990102504859795,0.9286511143120929,-4.002908402558427,0.9399858623979442,0.017101682082109354,-0.12264911061343955,-7.027276399183278,0.15207372893955018,0.06119049855757286
37.34,-3.9931279877375077,0.928319834673373,-4.002908402558427,0.9399858623979442,0.015223426583385468,-0.12805496884893608,-7.337009260723267,0.15219675305528924,0.059174125978112
37.36,-3.9961555764163723,0.9279847434901372,-4.002908402558427,0.9399858623979442,0.01377053070669915,-0.13376276292127745,-7.6640417713982165,0.15231570621931922,0.05728526389026101
37.38,-3.9991849618938136,0.9276459781330266,-4.002908402558427,0.9399858623979442,0.01288940472071769,-0.13981463427965427,-8.010788458389312,0.1524306545197085,0.05552265966657366
37.4,-4.002216200748247,0.927303632620542,-4.002908402558427,0.9399858623979442,0.012701106072812843,-0.1462526351671596,-8.379658737744847,0.15254222862077782,0.053860114980208706
37.42,-4.005248909461263,0.9269578344664741,-4.002908402558427,0.9399858623979442,0.013236596403357915,-0.15313122982902908,-8.773773180851185,0.152650447614322,0.05229818135499276
37.44,-4.008283685473917,0.9266086135456773,-4.002908402558427,0.9399858623979442,0.014416811480942577,-0.16049991225677318,-9.195967584533134,0.15275598113739797,0.05080869773965713
37.46,-4.011320248275281,0.9262560935599,-4.002908402558427,0.9399858623979442,0.016101729742803363,-0.1684293122561276,-9.65028873856718,0.15285804537814585,0.04942735745805393
37.48,-4.014358340927504,0.9259003802134466,-4.002908402558427,0.9399858623979442,0.01815218711410422,-0.17700092176079021,-10.141405786818572,0.15295717636116812,0.04813198010988895
37.5,-4.01739801993784,0.9255415410235794,-4.002908402558427,0.9399858623979442,0.02045940936996251,-0.18630663288067975,-10.674583759356201,0.15305382893529007,0.04690372085336403
37.52,-4.020439335519506,0.9251796437438328,-4.002908402558427,0.9399858623979442,0.02294684556358892,-0.19645616944200683,-11.256109368333965,0.1531480048548417,0.045743550645127584
37.54,-4.023482056721812,0.9248147797467118,-4.002908402558427,0.9399858623979442,0.0255624137053815,-0.20758395929224818,-11.893684762061309,0.1532397239900174,0.044651647405635764
37.56,-4.026526239445317,0.9244470049793568,-4.002908402558427,0.9399858623979442,0.028271156840337142,-0.21984919906881142,-12.596431235974363,0.15332935485621313,0.04361277977371625
37.58,-4.029571934148428,0.9240763758252413,-4.002908402558427,0.9399858623979442,0.031049246043309556,-0.23344649569875592,-13.37549894565764,0.15341689207630793,0.042628076498685274
37.6,-4.032618929922585,0.9237029723042853,-4.002908402558427,0.9399858623979442,0.033879904752796626,-0.24861764735880268,-14.244741906131212,0.15350234517015338,0.041698016515212544
37.62,-4.03566719844667,0.9233268491553867,-4.002908402558427,0.9399858623979442,0.03675134596532835,-0.26566162741425736,-15.221290029413916,0.15358602022117473,0.04080996791777647
37.64,-4.038716957890086,0.9229480349192939,-4.002908402558427,0.9399858623979442,0.03965526699106625,-0.2849536055237574,-16.326638953547043,0.15366799537654963,0.039961239015062766
37.66,-4.041768009253603,0.9225666037023701,-4.081853969207341,0.9299526536983916,0.04076073993386814,-0.079685862186893,-4.565663590170085,0.15374808760046932,0.03916065163367399
37.68,-4.044792808208869,0.9221855236577038,-4.081853969207341,0.9299526536983916,0.037866317006326485,-0.08301008411664636,-4.7561274769097865,0.15210734591355468,0.0659842689937351
37.7,-4.047812523983639,0.9218011027061915,-4.081853969207341,0.9299526536983916,0.03500382516949712,-0.08655580475580882,-4.959282304866225,0.15222858500032466,0.06403816373345972
37.72,-4.05083440483571,0.9214125219226724,-4.081853969207341,0.9299526536983916,0.032173703929644186,-0.0902160566310033,-5.168999289269713,0.15235743977002336,0.06170350964229687
37.74,-4.0538581616645395,0.9210199473200485,-4.081853969207341,0.9299526536983916,0.02938636560065332,-0.0940089366923682,-5.386315308985243,0.15248154718570106,0.05952374702911101
37.76,-4.056884087732076,0.9206234759902968,-4.081853969207341,0.9299526536983916,0.02665574117517623,-0.09794517824991054,-5.611845337376421,0.15260146658562235,0.05747604445938137
37.78,-4.059911743462329,0.9202232789598196,-4.081853969207341,0.9299526536983916,0.02400254160393515,-0.10204970530431412,-5.84701741449101,0.15271682821502708,0.055578390477650785
37.8,-4.062941183264508,0.9198194578317521,-4.081853969207341,0.9299526536983916,0.02145635408430557,-0.10634100154716464,-6.092890577846691,0.1528285542922614,0.05379198374122485
37.82,-4.065972453254765,0.9194121138385081,-4.081853969207341,0.9299526536983916,0.01906109990241175,-0.11084017097090859,-6.350673997141526,0.1529366741823246,0.052117017430575174
37.84,-4.069005277457099,0.9190013765747655,-4.081853969207341,0.9299526536983916,0.016882516113754836,-0.11557583130369675,-6.622007347417807,0.15304124321082746,0.05055254101493656
37.86,-4.0720396096987805,0.9185873386187865,-4.081853969207341,0.9299526536983916,0.015016392357086536,-0.12057616160862537,-6.908505170061581,0.15314281763592064,0.049075503667506126
37.88,-4.075075603558361,0.9181700675867067,-4.081853969207341,0.9299526536983916,0.013593218027771959,-0.1258704510127675,-7.211845608439757,0.15324155945868334,0.04768001010957423
37.9,-4.07811320362189,0.9177496558772494,-4.081853969207341,0.9299526536983916,0.012763482400508626,-0.13149547066585443,-7.53413549423978,0.15333733812683548,0.04637299547027851
37.92,-4.081152079329687,0.9173262186641962,-4.081853969207341,0.9299526536983916,0.012645928636249353,-0.13749659179479323,-7.877974407274757,0.15343034552115498,0.04514725492232863
37.94,-4.084192471660351,0.9168997958263323,-4.081853969207341,0.9299526536983916,0.013260682197794896,-0.1439184267678704,-8.245918447961587,0.15352113032749415,0.04397976716807861
37.96,-4.087234247243754,0.916470474268044,-4.081853969207341,0.9299526536983916,0.014516079151795782,-0.15081785821687735,-8.641226751029516,0.15360944010791577,0.0428825994430726
37.98,-4.0902773679985165,0.9160383230995213,-4.081853969207341,0.9299526536983916,0.016265369445845387,-0.15825995030858953,-9.06762721863231,0.15369553445760964,0.04184536016971219
38.0,-4.093321714857732,0.9156034170623821,-4.081853969207341,0.9299526536983916,0.018368717493016665,-0.16632193521368976,-9.529544928192731,0.15377953634949648,0.04086357173416211
38.02,-4.096367422491908,0.9151657961623919,-4.081853969207341,0.9299526536983916,0.02071935042498357,-0.17509259190448326,-10.032066540133375,0.15386165620894232,0.039928847193060335
38.04,-4.099414454228375,0.9147255228070843,-4.081853969207341,0.9299526536983916,0.023242980646960537,-0.1846799663724588,-10.581382633759857,0.15394179432042243,0.039046387973473706
38.06,-4.102462541444202,0.9142826829398563,-4.081853969207341,0.9299526536983916,0.0258894038791027,-0.19521583186545247,-11.185043260025914,0.15402006358846698,0.038212070186394165
38.08,-4.105511969009302,0.9138372876021046,-4.081853969207341,0.9299526536983916,0.02862526819170359,-0.20685509970185859,-11.85192418367435,0.15409682145621773,0.037410925195491274
38.1,-4.108562403470125,0.9133894286451906,-4.081853969207341,0.9299526536983916,0.031427390679667454,-0.2197928869604893,-12.593204789832022,0.15417180353591853,0.036655269150531744
38.12,-4.111613972648294,0.912939131075935,-4.081853969207341,0.9299526536983916,0.03427999061887807,-0.23426673343623985,-13.422495106212828,0.1542454163364404,0.03592792744200324
38.14,-4.114666437694851,0.9124864681469077,-4.081853969207341,0.9299526536983916,0.037171571475560466,-0.2505763564797141,-14.356967672053216,0.1543175631285365,0.035233756824348816
38.16,-4.117720277385164,0.9120314144118729,-4.081853969207341,0.9299526536983916,0.04009442454844879,-0.26909770920619747,-15.418163014153834,0.15438851656131014,0.034561359390505864
38.18,-4.120775248673236,0.9115740487769625,-4.160410622287607,0.9172149407830779,0.04003476619359029,-0.07174660375873287,-4.110777589772842,0.15445784099976656,0.03393045930055738
38.2,-4.123818169140891,0.9111161429472099,-4.160410622287607,0.9172149407830779,0.0370972096300708,-0.07455295486812608,-4.271569664172929,0.15365945800231984,0.04730307314515514
38.22,-4.126858280711309,0.9106557712722575,-4.160410622287607,0.9172149407830779,0.03418745866431522,-0.07753509620382593,-4.442433776620036,0.15374737783933057,0.046169283537400574
38.24,-4.129899699925969,0.9101923589090922,-4.160410622287607,0.9172149407830779,0.0313086735511862,-0.0806342521634229,-4.6200023331577595,0.15383994316504612,0.044793887375993435
38.26,-4.132942493842244,0.9097259757884311,-4.160410622287607,0.9172149407830779,0.028470733692372314,-0.08386157311098463,-4.8049142025872085,0.1539299435584951,0.0434917986336103
38.28,-4.1359867066824325,0.9092566946918781,-4.160410622287607,0.9172149407830779,0.02568776623875224,-0.08723052913689378,-4.997941164236969,0.15401731778235117,0.04226676063812107
38.3,-4.139032038275447,0.9087846277765728,-4.160410622287607,0.9172149407830779,0.022980731749720814,-0.09076087623934326,-5.200215153423564,0.15410209631219196,0.04111853898203233
38.32,-4.142078708302384,0.9083098105972341,-4.160410622287607,0.9172149407830779,0.02038039288111133,-0.09446717599150435,-5.412570486832777,0.15418479267843566,0.04002564211291748
38.34,-4.145126595762042,0.9078323266299166,-4.160410622287607,0.9172149407830779,0.01793418286907102,-0.09837073248546968,-5.636227799027876,0.15426517183207977,0.038999285477681056
38.36,-4.1481756663312925,0.9073522415898991,-4.160410622287607,0.9172149407830779,0.015715183187862677,-0.10249425569780835,-5.872488275819109,0.15434347831000395,0.03802970001354211
38.38,-4.151225888002848,0.9068696175619337,-4.160410622287607,0.9172149407830779,0.013834198799770244,-0.10686341229875973,-6.122822509085347,0.15441982858606096,0.037112645865367
38.4,-4.154277304507873,0.9063845039651627,-4.160410622287607,0.9172149407830779,0.012446523556963886,-0.11150659965344678,-6.3888575479974286,0.15449432899408144,0.03624428053405904
38.42,-4.157329738335841,0.9058969780258558,-4.160410622287607,0.9172149407830779,0.011729796541207087,-0.11645885579017623,-6.672600923699788,0.1545669912280001,0.03542488354268958
38.44,-4.160383378354211,0.9054070620590147,-4.160410622287607,0.9172149407830779,0.011807910153540765,-0.12175639969815677,-6.976127831412313,0.1546380868146624,0.03464329497659957
38.46,-4.163437983970342,0.9049148386238689,-4.160410622287607,0.9172149407830779,0.012667179318422376,-0.12744596030025956,-7.302115641196715,0.15470745156385135,0.033907417748002544
38.48,-4.166493602420915,0.9044203434252153,-4.160410622287607,0.9172149407830779,0.014167016935545892,-0.13357869387743504,-7.653495392047038,0.15477541357511448,0.033203553675975606
38.5,-4.169550145017974,0.9039236304945365,-4.160410622287607,0.9172149407830779,0.016130400023718457,-0.14021603439057803,-8.033786990641326,0.15484196145507667,0.032532808510454814
38.52,-4.172607658114247,0.9034247318144532,-4.160410622287607,0.9172149407830779,0.018410256553200836,-0.14742929381477943,-8.447076312181034,0.15490722829594183,0.03188993032032794
38.54,-4.175665740910653,0.9029237429254432,-4.160410622287607,0.9172149407830779,0.02090351598198914,-0.15530700455443558,-8.898435889788214,0.15497120101990447,0.03127604586317112
38.56,-4.1787251379864525,0.9024205832815524,-4.160410622287607,0.9172149407830779,0.02354345979600712,-0.1639461067527732,-9.393419984535152,0.1550343056079928,0.03067297456749163
38.58,-4.1817855075269454,0.9019153491817159,-4.160410622287607,0.9172149407830779,0.026286179299459946,-0.1734737396075359,-9.939313135863232,0.15509583247812486,0.030112284127303823
38.6,-4.184846707491125,0.9014080959198343,-4.160410622287607,0.9172149407830779,0.029102896842139726,-0.18404303096874688,-10.544888923304704,0.15515616918486685,0.02957762371580408
38.62,-4.187908840694932,0.9008988394612752,-4.160410622287607,0.9172149407830779,0.031974476976492666,-0.195841284259233,-11.220879042475893,0.15521548483028447,0.029062061657758598
38.64,-4.19097171490205,0.9003876398324991,-4.160410622287607,0.9172149407830779,0.034887511219201355,-0.2091042981102709,-11.980793759763918,0.15527371206589535,0.02856900588765754
38.66,-4.194035489214898,0.8998745007438471,-4.160410622287607,0.9172149407830779,0.03783282353502327,-0.224128183096463,-12.841598961362688,0.15533104729996694,0.028090272453651366
38.68,-4.197099978836353,0.8993594795171991,-4.160410622287607,0.9172149407830779,0.04080350941988094,-0.24129426817519775,-13.825143187136687,0.15538737146565396,0.027631489286639166
38.7,-4.200165294207288,0.8988425846879883,-4.2386148664263565,0.902458601732826,0.03861923333130687,-0.06048656152975784,-3.465624692913493,0.1554370010527606,0.027278250785967018
38.72,-4.20323122952683,0.8983238713120933,-4.2386148664263565,0.902458601732826,0.035624398323194986,-0.0626829873561987,-3.591470622782088,0.15549166352561983,0.026847294538612232
38.74,-4.206298114898175,0.8978033116069645,-4.2386148664263565,0.902458601732826,0.03265033162909954,-0.06497809177341551,-3.722970419430444,0.1555456166888014,0.026424154334625527
38.76,-4.2093657735705685,0.8972809614787366,-4.2386148664263565,0.902458601732826,0.02970382789283693,-0.0673825994063817,-3.860738558606397,0.15559859193912118,0.026020949743799093
38.78,-4.212434140594569,0.8967568550443739,-4.2386148664263565,0.902458601732826,0.026794408378960494,-0.06990741941068634,-4.005400088883256,0.15565075480044044,0.025630815364552362
38.8,-4.215503357969422,0.8962309932286568,-4.2386148664263565,0.902458601732826,0.0239358503261562,-0.07256322246100533,-4.157566394884504,0.15570217248481732,0.025251139333382078
38.82,-4.218573209499414,0.8957034340068253,-4.2386148664263565,0.902458601732826,0.021149475250786955,-0.07536467114218803,-4.3180775808387635,0.15575275069839023,0.024886396209344852
38.84,-4.221643884379252,0.8951741683687262,-4.2386148664263565,0.902458601732826,0.018468275530735385,-0.07832529532055421,-4.487708850983533,0.15580266938837184,0.024529017668140085
38.86,-4.224715319071212,0.8946432298062604,-4.2386148664263565,0.902458601732826,0.015946079613135565,-0.08146236894719827,-4.667449929812037,0.15585179889958667,0.02418499893908077
38.88,-4.22778726138022,0.8941106789373668,-4.2386148664263565,0.902458601732826,0.01367204615388899,-0.08479662884395767,-4.858488949696075,0.15590020329958598,0.02385185866204953
38.9,-4.230859990674486,0.8935764885650348,-4.2386148664263565,0.902458601732826,0.011791099704963788,-0.08834814295302662,-5.061975719026891,0.15594807358674245,0.02352148775308649
38.92,-4.233933400509884,0.8930406972985738,-4.2386148664263565,0.902458601732826,0.010517273746546572,-0.09214271236260752,-5.279388531265325,0.15599521567359886,0.02320266265343207
38.94,-4.237007434624052,0.8925033332805049,-4.2386148664263565,0.902458601732826,0.010084205816862367,-0.09620968960090348,-5.512409162395455,0.15604171664640454,0.022891859371987344
38.96,-4.2400822208039886,0.8919643943523651,-4.2386148664263565,0.902458601732826,0.010596297344529184,-0.1005820217717388,-5.762925342413593,0.1560876246866627,0.02258722889947329
38.98,-4.243157612165608,0.8914239239096887,-4.2386148664263565,0.902458601732826,0.011933174494321503,-0.10529990833192882,-6.033240330533974,0.15613286007063465,0.02229253566854439
39.0,-4.246233644925329,0.8908819332489174,-4.2386148664263565,0.902458601732826,0.013858753154693674,-0.11040937150678953,-6.325991006031007,0.15617753354986164,0.02200318838574411
39.02,-4.249310266536541,0.8903384483156507,-4.2386148664263565,0.902458601732826,0.016164457998114105,-0.11596537121676319,-6.644326340388407,0.15622162673127882,0.021720235846012237
39.04,-4.252387512525333,0.88979347978643,-4.2386148664263565,0.902458601732826,0.018710721377988956,-0.12203289502750891,-6.991969846839271,0.15626518038378556,0.02144212844112925
39.06,-4.2554653742856505,0.8892470459668976,-4.2386148664263565,0.902458601732826,0.02141225865882353,-0.1286902826404601,-7.373410059644047,0.15630817588361268,0.021169914299346004
39.08,-4.25854388519366,0.8886991580569885,-4.2386148664263565,0.902458601732826,0.02421751596047956,-0.13603226797754253,-7.794074832705806,0.15635062459788962,0.020903329415733474
39.1,-4.261622994150005,0.8881498413462963,-4.2386148664263565,0.902458601732826,0.027094548624157656,-0.14417514059256265,-8.260627066659115,0.15639251123200637,0.02064327922934872
39.12,-4.264702652111848,0.8875991196398425,-4.2386148664263565,0.902458601732826,0.030022937398659414,-0.15326250298579058,-8.78129457869698,0.15643387580541734,0.02038824139127815
39.14,-4.267782892743378,0.8870470022544997,-4.2386148664263565,0.902458601732826,0.03298925821704423,-0.163473498140855,-9.3663415057107,0.15647475430373703,0.020136852962870933
39.16,-4.2708637481832765,0.886493499291791,-4.2386148664263565,0.902458601732826,0.035984369808634245,-0.17503504086163038,-10.028769108271328,0.15651512856540428,0.019890117895493553
39.18,-4.2739450521511415,0.8859386539127903,-4.2386148664263565,0.902458601732826,0.03900167559637026,-0.18823904086255563,-10.785302581015081,0.15655498282138858,0.019648943166417077
39.2,-4.277027033873774,0.885382440822974,-4.316554914545687,0.8863597887515651,0.03953996155013938,-0.04491434441926234,-2.5734023748206947,0.15659442541275936,0.01940878394224299
39.22,-4.28012414405274,0.8848225847552562,-4.316554914545687,0.8863597887515651,0.03646318739271216,-0.04628914454710564,-2.6521726198201616,0.157501292134965,0.005167790784743609
39.24,-4.28322412853075,0.8842618569675804,-4.316554914545687,0.8863597887515651,0.03339674556216178,-0.047702254907819874,-2.7331378794752967,0.15751590001653604,0.005598768235137719
39.26,-4.2863242731588125,0.8837007268855251,-4.316554914545687,0.8863597887515651,0.03034736048932838,-0.04920529237140192,-2.819255582588596,0.15752701135753888,0.0061756119990041825
39.28,-4.289424572909457,0.8831391613128186,-4.316554914545687,0.8863597887515651,0.02732083231524556,-0.050804411014393924,-2.910878331772725,0.15753924721293444,0.006699422681055722
39.3,-4.292525053142521,0.8825771233579776,-4.316554914545687,0.8863597887515651,0.024325764048334055,-0.052507444080184484,-3.00845493881375,0.15755248891466955,0.007174814865007484
39.32,-4.295625741507646,0.8820145773364733,-4.316554914545687,0.8863597887515651,0.021375480024975448,-0.054323140877502674,-3.1124867021755027,0.157566695926592,0.007603096549568811
39.34,-4.298726638319508,0.8814514966351548,-4.316554914545687,0.8863597887515651,0.018491586321810537,-0.056260537192291515,-3.223491334257102,0.15758181646350344,0.007986080964861308
39.36,-4.301827723921691,0.8808878630775835,-4.316554914545687,0.8863597887515651,0.015710891580591576,-0.058329904233282985,-3.342057331969389,0.15759771202841222,0.008329339301615946
39.38,-4.304929069387232,0.8803236409687755,-4.316554914545687,0.8863597887515651,0.013099441045481372,-0.06054540747503978,-3.4689963172196054,0.15761423340396874,0.008638960532492135
39.4,-4.308030619858679,0.8797588224292312,-4.316554914545687,0.8863597887515651,0.010781296596400087,-0.06292037006990235,-3.605071650406669,0.157631449400375,0.008911719668325269
39.42,-4.311132432684361,0.879193379609616,-4.316554914545687,0.8863597887515651,0.008986697364784432,-0.06547270568519448,-3.7513097090638343,0.15764916373570692,0.009155762435431036
39.44,-4.314234498366373,0.8786272989835014,-4.316554914545687,0.8863597887515651,0.008073148658264123,-0.06822187823157533,-3.9088256931246907,0.15766740204790075,0.009369779513934695
39.46,-4.317336823309076,0.8780605661148693,-4.316554914545687,0.8863597887515651,0.008335974909253769,-0.07119096567695182,-4.078941872750043,0.15768607740196394,0.009557287311001694
39.48,-4.320439394368163,0.8774931722161285,-4.316554914545687,0.8863597887515651,0.009680189681907118,-0.07440687397284806,-4.263199845406007,0.15770513572417322,0.009720427701087608
39.5,-4.323542215516437,0.8769251068267798,-4.316554914545687,0.8863597887515651,0.01174034062017435,-0.07790162409008738,-4.4634342775766696,0.15772451132329834,0.009861861556270668
39.52,-4.326645348030309,0.8763563493159683,-4.316554914545687,0.8863597887515651,0.014208646960538605,-0.08171367461437384,-4.681848683908916,0.15774416432954297,0.009983169502181255
39.54,-4.329748757758126,0.8757868982638195,-4.316554914545687,0.8863597887515651,0.016907498690825837,-0.08588809426159338,-4.921025311611086,0.15776409427621374,0.010084267751953035
39.56,-4.332852467527252,0.8752167429823546,-4.316554914545687,0.8863597887515651,0.019742788612595832,-0.09047970737928912,-5.184105364411957,0.15778423248202778,0.010167986053688516
39.58,-4.335956460303913,0.8746458814332788,-4.316554914545687,0.8863597887515651,0.022663530229642473,-0.09555487026503995,-5.474890778106915,0.15780455171046093,0.010235413357428946
39.6,-4.339060717932658,0.8740743129822471,-4.316554914545687,0.8863597887515651,0.02564067278702903,-0.1011950513044968,-5.7980493473575025,0.15782500905179297,0.010288315090423161
39.62,-4.342165261825014,0.8735020304458874,-4.316554914545687,0.8863597887515651,0.02865679389629852,-0.10750145882387496,-6.159379882107438,0.15784556981190967,0.010328120572666855
39.64,-4.3452701134011535,0.8729290273425986,-4.316554914545687,0.8863597887515651,0.03170091477124217,-0.11460099290792326,-6.566153221632682,0.1578662141109355,0.010355646438142685
39.66,-4.348375232909678,0.8723553093847579,-4.316554914545687,0.8863597887515651,0.03476576049967934,-0.12265469428067277,-7.0275963197499465,0.15788691989877535,0.010371811638432149
39.68,-4.351480641077685,0.8717808717746409,-4.316554914545687,0.8863597887515651,0.03784641586739654,-0.13187056213449289,-7.555626652324127,0.15790765867267353,0.010377805433892107
39.7,-4.354586317648991,0.8712057179040136,-4.394353066907843,0.8695862307118915,0.039799712126872125,-0.027992203235533974,-1.6038351046685442,0.1579284124851199,0.010374391412604211
39.72,-4.357722821115524,0.8706249267255884,-4.394353066907843,0.8695862307118915,0.036644969589489554,-0.02845739853686524,-1.6304888320841424,0.15970811951886432,-0.017945524704021665
39.74,-4.360863286707454,0.870044524531241,-4.394353066907843,0.8695862307118915,0.03349291583447499,-0.028924701058536506,-1.6572632943317265,0.15967789245707742,-0.016528631012202588
39.76,-4.364003322351236,0.8694652435868929,-4.394353066907843,0.8695862307118915,0.030349985708987604,-0.029458660007600113,-1.687856888546312,0.1596444101266581,-0.01495785977578823
39.78,-4.367142883045301,0.8688869892100453,-4.394353066907843,0.8695862307118915,0.027219166859242024,-0.030065277822494796,-1.7226135291172255,0.1596138660983737,-0.013498270176603988
39.8,-4.370282045523715,0.8683096540042756,-4.394353066907843,0.8695862307118915,0.024104848445190338,-0.03074537386421916,-1.761580161971585,0.15958643168083597,-0.012158595400491023
39.82,-4.373420849070687,0.8677331458829499,-4.394353066907843,0.8695862307118915,0.021014082586813667,-0.031502090472800504,-1.8049368299307489,0.15956171258704188,-0.010923324021971936
39.84,-4.376559307054927,0.8671573809620012,-4.394353066907843,0.8695862307118915,0.017958763899857195,-0.0323405427586958,-1.8529766072356457,0.15953949535774115,-0.009784527786882435
39.86,-4.379697478638478,0.8665822762622811,-4.394353066907843,0.8695862307118915,0.01496028107545059,-0.0332642644301937,-1.9059019604572454,0.159519698542665,-0.008739853327166536
39.88,-4.382835394144614,0.8660077604384355,-4.394353066907843,0.8695862307118915,0.012060772586316682,-0.03427911184100818,-1.9640484339466941,0.1595020099010913,-0.007776973103834628
39.9,-4.38597309722774,0.8654337674131904,-4.394353066907843,0.8695862307118915,0.009352370998121529,-0.035391208417823616,-2.027766874209165,0.15948626337856098,-0.006889702637291606
39.92,-4.389110580505131,0.8648602404636175,-4.394353066907843,0.8695862307118915,0.0070582326052212345,-0.03661079735227224,-2.0976441728939283,0.15947221779195608,-0.006068543975668028
39.94,-4.392247884470429,0.8642871202925612,-4.394353066907843,0.8695862307118915,0.005701961445945978,-0.03794692517039122,-2.1741986577621693,0.1594599164723487,-0.005316133771526843
39.96,-4.3953850420023155,0.8637143555696253,-4.394353066907843,0.8695862307118915,0.005961869696829508,-0.03941075914957182,-2.2580701666770584,0.15944913372241132,-0.004623544117565714
39.98,-4.398522050359797,0.8631419015226602,-4.394353066907843,0.8695862307118915,0.007675272094319548,-0.04101791766023055,-2.3501535663463353,0.15943967885720944,-0.003983249698413793
40.0,-4.401658939692883,0.8625697122366784,-4.394353066907843,0.8695862307118915,0.010129526576508195,-0.04278460750127122,-2.451377437946604,0.15943158429903015,-0.0033972439567042656
40.02,-4.404795769298885,0.8619977479687227,-4.394353066907843,0.8695862307118915,0.0129087219960473,-0.04472783897411148,-2.5627163999573415,0.15942467260963156,-0.002858496744861938
40.04,-4.407932485332785,0.8614259832103894,-4.394353066907843,0.8695862307118915,0.01584267161956654,-0.04687730702083659,-2.685871847232919,0.1594185246187152,-0.0023495039347398716
40.06,-4.411069113424106,0.8608543770204236,-4.394353066907843,0.8695862307118915,0.01885925449276974,-0.04926213818782532,-2.8225126079526324,0.15941357111399768,-0.0018891282327349046
40.08,-4.414205681323477,0.8602828947908981,-4.394353066907843,0.8695862307118915,0.021924378175780794,-0.05191772179240184,-2.974666340639005,0.15940965474507962,-0.001471136880093482
40.1,-4.417342204841496,0.8597115083518915,-4.394353066907843,0.8695862307118915,0.025020203928417546,-0.05488872503458797,-3.144892287335954,0.15940658707327415,-0.0010878792688906458
40.12,-4.420478685928837,0.8591401913834203,-4.394353066907843,0.8695862307118915,0.028136590178663923,-0.05823258847973767,-3.3364815500111074,0.1594042580115751,-0.0007349922220845073
40.14,-4.423615143764959,0.8585689189066197,-4.394353066907843,0.8695862307118915,0.03126739997835306,-0.06201924650526935,-3.553441073333414,0.1594027174501189,-0.00041495102631738945
40.16,-4.426751585135653,0.8579976696639869,-4.394353066907843,0.8695862307118915,0.034408701377976,-0.06634006142429572,-3.801005532250785,0.1594017915357515,-0.0001206182315138804
40.18,-4.429888018567192,0.8574264235979543,-4.394353066907843,0.8695862307118915,0.037557871325201796,-0.07131336767761809,-4.085954990792177,0.15940146199922012,0.00014852066465564917
40.2,-4.433024451869775,0.8568551630272153,-4.472150239136209,0.8528081108314411,0.03933453775873747,-0.009716658420343194,-0.5567235184559184,0.15940167829917584,0.00039437858645463564
40.22,-4.43613820515881,0.8562889689424055,-4.472150239136209,0.8528081108314411,0.03617986960145116,-0.009278869151033486,-0.531640041008356,0.15803571117767312,-0.04099221197539915
40.24,-4.4392495391375935,0.855725770672788,-4.472150239136209,0.8528081108314411,0.033029816822814625,-0.008745606826591423,-0.5010863604444897,0.1581052796179705,-0.038828132755686084
40.26,-4.4423628148761685,0.8551646592485485,-4.472150239136209,0.8528081108314411,0.029880494716282787,-0.008255211580263655,-0.4729887825366303,0.15818358510779618,-0.036255065317680746
40.28,-4.445477944763471,0.8546054918658036,-4.472150239136209,0.8528081108314411,0.026732786343526577,-0.007806588878450427,-0.4472845951289763,0.15825686715866816,-0.03386663828652825
40.3,-4.448594872279625,0.8540481248850794,-4.472150239136209,0.8528081108314411,0.02358798301257326,-0.007399236998883563,-0.42394505165307356,0.15832531696378105,-0.03165654934134121
40.32,-4.451713407600922,0.8534924553932188,-4.472150239136209,0.8528081108314411,0.020448286252909672,-0.0070280797863642155,-0.4026793098398748,0.15838907208043373,-0.029620760279569502
40.34,-4.454833445904834,0.8529383764444896,-4.472150239136209,0.8528081108314411,0.017317283186115973,-0.006690859470754429,-0.38335800898936445,0.15844872075936323,-0.02773567138847355
40.36,-4.457954782386875,0.8523858174848375,-4.472150239136209,0.8528081108314411,0.01420173665411317,-0.006381985733765028,-0.36566084745743793,0.15850456912001043,-0.02598968257105927
40.38,-4.461077552522482,0.8518346382835926,-4.472150239136209,0.8528081108314411,0.011115396423304391,-0.006107056750825458,-0.3499085770691764,0.15855724688154105,-0.02435707796510922
40.4,-4.464201509766562,0.8512847843172495,-4.472150239136209,0.8528081108314411,0.008093381386090543,-0.005859263054675878,-0.33571104408985836,0.1586062875584382,-0.022859331757496548
40.42,-4.4673265858320335,0.8507361786516615,-4.472150239136209,0.8528081108314411,0.005249812773469825,-0.005637548857626573,-0.32300775634080126,0.1586524555460489,-0.021464863423914515
40.44,-4.470452844620554,0.8501887166056207,-4.472150239136209,0.8528081108314411,0.003121277663399534,-0.005445124444948045,-0.311982649619038,0.15869594305990553,-0.02016654338132806
40.46,-4.473580084791069,0.8496423552754293,-4.472150239136209,0.8528081108314411,0.003473682028790758,-0.005276927223327732,-0.30234565869436747,0.15873653581115477,-0.018974741989863375
40.48,-4.476708326572032,0.8490970141256,-4.472150239136209,0.8528081108314411,0.005877788685612577,-0.005134866675445604,-0.2942061888654054,0.1587748428357294,-0.01786432811901051
40.5,-4.479837436628042,0.8485526499905641,-4.472150239136209,0.8528081108314411,0.008786464149285902,-0.0050162864381562144,-0.2874120417350635,0.15881079357549233,-0.01683930488438623
40.52,-4.482967401726063,0.8480092015549839,-4.472150239136209,0.8528081108314411,0.011833872432090914,-0.004922324206104722,-0.28202840240488414,0.15884477969181354,-0.015883727208509946
40.54,-4.486098173325816,0.8474666176131176,-4.472150239136209,0.8528081108314411,0.014935742966421691,-0.004853288614002249,-0.27807295434122575,0.1588768338199653,-0.014997008780937016
40.56,-4.489229706061398,0.846924850658802,-4.472150239136209,0.8528081108314411,0.018064355529815845,-0.0048098572769319494,-0.27558452202848754,0.15890709385324442,-0.01417400346759301
40.58,-4.492361957842947,0.846383856557144,-4.472150239136209,0.8528081108314411,0.021208126179866556,-0.004793166233173718,-0.2746281956654727,0.15893568876177433,-0.01340989560671968
40.6,-4.495494889611413,0.8458435942937905,-4.472150239136209,0.8528081108314411,0.024361387407384243,-0.004804911796864708,-0.2753011668929685,0.15896273778523984,-0.012700237954077487
40.62,-4.498628490037875,0.8453040195870452,-4.472150239136209,0.8528081108314411,0.02752106749775209,-0.0048481892396528,-0.2777807817128451,0.15898835115879528,-0.012040923997314046
40.64,-4.501762674140699,0.8447651074875456,-4.472150239136209,0.8528081108314411,0.03068527675751162,-0.004924900279490885,-0.28217600053762726,0.1590125648698315,-0.011431009376283718
40.66,-4.504897414473987,0.8442268262440574,-4.472150239136209,0.8528081108314411,0.03385285715819101,-0.005039625658285196,-0.28874928054558097,0.15903560986290088,-0.010861115636862095
40.68,-4.508032728351856,0.8436891359448201,-4.472150239136209,0.8528081108314411,0.03702308381663912,-0.0051996756936154576,-0.2979194720809247,0.15905756005158977,-0.010328550338334352
40.7,-4.5111685650978215,0.8431520116634132,-4.550089598447696,0.8367059816590317,0.03945121214664267,0.00930534376705694,0.5331569247707293,0.159078376921995,-0.009835441892591668
40.72,-4.514271892845497,0.842621809486894,-4.550089598447696,0.8367059816590317,0.03630296204849797,0.010299211480940151,0.590101350170553,0.1571211367095593,-0.041336162155403144
40.74,-4.517371156860333,0.8420948675129366,-4.550089598447696,0.8367059816590317,0.0331592598025356,0.011389346980127614,0.6525615133713818,0.15719435881256238,-0.03939889370363492
40.76,-4.520472375516068,0.8415700502289661,-4.550089598447696,0.8367059816590317,0.030013981029426366,0.01247486196733183,0.7147569407363809,0.15727354405443705,-0.037169956713656305
40.78,-4.523575385627592,0.8410472552876417,-4.550089598447696,0.8367059816590317,0.026867268900805753,0.013562365428072543,0.7770662992426948,0.15734832975549118,-0.03509861988104657
40.8,-4.526680163535176,0.8405263605273783,-4.550089598447696,0.8367059816590317,0.02371912598771694,0.014655108357034319,0.8396758571649685,0.1574191483966203,-0.03316784220386282
40.82,-4.529786741680958,0.8400072319965735,-4.550089598447696,0.8367059816590317,0.02056949796863751,0.015755234742432567,0.9027084559792707,0.1574860633141384,-0.03137646155559892
40.84,-4.532894760189993,0.8394898295610294,-4.550089598447696,0.8367059816590317,0.01741873335951841,0.016876325999616526,0.9669422534649271,0.15754899537587796,-0.029729491504704164
40.86,-4.536004330394567,0.8389740299732699,-4.550089598447696,0.8367059816590317,0.014266703168013518,0.01801948236660067,1.0324402886166268,0.15760894845033846,-0.028184960959576344
40.88,-4.5391152545813265,0.8384597750286548,-4.550089598447696,0.8367059816590317,0.011113595929340296,0.019194789773891774,1.0997804426848703,0.15766562727890232,-0.0267569025691472
40.9,-4.542227521341243,0.8379469792235053,-4.550089598447696,0.8367059816590317,0.007959417779137012,0.020408127773841492,1.1692995892048337,0.15771956950128008,-0.025423329472196166
40.92,-4.545341013332358,0.8374355830846606,-4.550089598447696,0.8367059816590317,0.004804308362073219,0.021668978395773753,1.2415410084379972,0.15777081623262745,-0.02418358447942026
40.94,-4.54845572260658,0.8369255118949893,-4.550089598447696,0.8367059816590317,0.0016485580938148288,0.0229851024097032,1.3169493597519717,0.15781967929955343,-0.023025259440201395
40.96,-4.551571636014388,0.8364166933481635,-4.550089598447696,0.8367059816590317,0.0015100076410044577,0.024365681301325104,1.396050703526756,0.1578661931489922,-0.021947846850500774
40.98,-4.554688691811797,0.8359090677944506,-4.550089598447696,0.8367059816590317,0.004667625893243864,0.025822615957638018,1.479526910359829,0.15791041206649759,-0.020949969425365644
41.0,-4.557806750426759,0.8354025988867264,-4.550089598447696,0.8367059816590317,0.007826444998791357,0.027371430472279634,1.5682674452973966,0.15795251158094992,-0.02002498022790622
41.02,-4.560925849415048,0.8348972212613006,-4.550089598447696,0.8367059816590317,0.01098617081625072,0.029025815536521282,1.6630567271679226,0.157992839038279,-0.01915871242985645
41.04,-4.56404590215988,0.8343928953615648,-4.550089598447696,0.8367059816590317,0.014146688005546257,0.030805078576721545,1.7650009900150134,0.1580313297171454,-0.018354716624924272
41.06,-4.56716679585477,0.8338895939457619,-4.550089598447696,0.8367059816590317,0.01730788002707554,0.03273254762945088,1.875436831878483,0.15806819994939048,-0.017604393051096068
41.08,-4.5702885013941055,0.8333872791092244,-4.550089598447696,0.8367059816590317,0.020469720732158997,0.034834195656791245,1.9958523938670811,0.15810370886493175,-0.016897199779375427
41.1,-4.573411125624514,0.8328858873487678,-4.550089598447696,0.8367059816590317,0.023632324269914,0.03713901353078253,2.127908730593097,0.1581379275807926,-0.016230637516212454
41.12,-4.576534594869574,0.8323853864856752,-4.550089598447696,0.8367059816590317,0.026795622373909755,0.039687112514185774,2.2739040481236783,0.1581706554803386,-0.01561393028259861
41.14,-4.5796588732944254,0.8318857421539786,-4.550089598447696,0.8367059816590317,0.02995958484104078,0.042527693159046365,2.43665733044074,0.15820206835313044,-0.015040104276442534
41.16,-4.582783898497498,0.8313869287107799,-4.550089598447696,0.8367059816590317,0.033124154027126436,0.04572358492301509,2.619768440296768,0.1582322633273403,-0.014505515052998241
41.18,-4.5859096149829055,0.8308889233630289,-4.550089598447696,0.8367059816590317,0.03628927874457965,0.049355410624321916,2.827856724908789,0.1582613812753042,-0.014004581284088324
41.2,-4.5890360282325915,0.8303916943044339,-4.550089598447696,0.8367059816590317,0.03945496949417466,0.05352776015186844,3.0669147434906083,0.15828954071817058,-0.013532630063761708
41.22,-4.592155747396513,0.8298965667938486,-4.628299006988576,0.8219774012582116,0.03700065400395115,0.020829580177432302,1.1934470331962312,0.15791978362273973,-0.019455725122630163
41.24,-4.59527593439865,0.829402591570498,-4.628299006988576,0.8219774012582116,0.033847551971349414,0.021791230346021703,1.248545529224448,0.15795810276282296,-0.018690173003710342
41.26,-4.598397085159948,0.8289096407130024,-4.628299006988576,0.8219774012582116,0.030694964943846322,0.022781317360715203,1.3052733365170928,0.1579957127742837,-0.017938829650621102
41.28,-4.601519089447408,0.8284176871152257,-4.628299006988576,0.8219774012582116,0.02754344323848787,0.02380577445270804,1.3639704041805278,0.158031740702258,-0.017239884997910515
41.3,-4.60464195025993,0.8279266873059512,-4.628299006988576,0.8219774012582116,0.024393653632455214,0.02486869251099799,1.4248711228887825,0.15806643015601196,-0.016583451487584
41.32,-4.607765634791575,0.8274366058460447,-4.628299006988576,0.8219774012582116,0.021246700650039266,0.025975397839755665,1.4882806673912354,0.15809979398917484,-0.015969540546056926
41.34,-4.610890112138885,0.8269474095960184,-4.628299006988576,0.8219774012582116,0.01810443599688935,0.027131771410400237,1.5545359925296425,0.15813191724358688,-0.015395031407461346
41.36,-4.61401535339266,0.8264590675145763,-4.628299006988576,0.8219774012582116,0.014970240227917474,0.028344342733335637,1.624011211692436,0.15816287965901843,-0.014856998103440766
41.38,-4.617141331491974,0.8259715505046537,-4.628299006988576,0.8219774012582116,0.011851031629792305,0.029620415041201383,1.6971247692866618,0.15819275506543384,-0.01435273771999146
41.4,-4.620267992763038,0.8254848369326249,-4.628299006988576,0.8219774012582116,0.008763520668141322,0.030968693392131375,1.7743754284038087,0.15822161181913152,-0.013879753795742467
41.42,-4.623395398528647,0.8249988856466558,-4.628299006988576,0.8219774012582116,0.005759752063926124,0.03239709311567518,1.8562167040205224,0.1582495605201295,-0.01343369199324762
41.44,-4.626523414923459,0.8245136917871312,-4.628299006988576,0.8219774012582116,0.003096045353155282,0.03391810928423977,1.9433645110504325,0.15827651711664004,-0.013018581409562913
41.46,-4.629652103008919,0.8240292193352963,-4.628299006988576,0.8219774012582116,0.0024578092403029763,0.035542721951477674,2.036447960226656,0.15830272032379966,-0.012624508730629813
41.48,-4.632781415939813,0.8235454509000598,-4.628299006988576,0.8219774012582116,0.004748765069513084,0.03728559867096104,2.136307440464659,0.15832808756326422,-0.012255373291192306
41.5,-4.635911359243167,0.8230623617284102,-4.628299006988576,0.8219774012582116,0.007689281245335409,0.03916304371296109,2.2438771176390233,0.15835270905042442,-0.011907627844309765
41.52,-4.639041889827685,0.8225799368267996,-4.628299006988576,0.8219774012582116,0.010759766763561163,0.04119504256905282,2.360302076068491,0.15837659385518066,-0.011581201020405274
41.54,-4.642172968504672,0.8220981628599253,-4.628299006988576,0.8219774012582116,0.013874487072125232,0.043405181288760815,2.486933696846206,0.1583998215427318,-0.011272964030584198
41.56,-4.645304604003087,0.8216170194062371,-4.628299006988576,0.8219774012582116,0.01700941518392604,0.04582101562191632,2.625350808138818,0.15842245994206472,-0.010980261879178776
41.58,-4.648436760091815,0.8211364945513467,-4.628299006988576,0.8219774012582116,0.020155302630738208,0.048476546927747055,2.7775015443277837,0.1584445082760677,-0.010703382359866787
41.6,-4.651569488027698,0.8206565618544935,-4.628299006988576,0.8219774012582116,0.023307936513611193,0.05141219043523426,2.9457015274617824,0.15846602579312474,-0.010440014188706215
41.62,-4.654702709565445,0.8201772174455602,-4.628299006988576,0.8219774012582116,0.02646499898974273,0.0546796739635651,3.132914543263654,0.15848695849478567,-0.010192724718138813
41.64,-4.657836393598949,0.8196984519545403,-4.628299006988576,0.8219774012582116,0.029625172028181008,0.05834290348751603,3.34280213437376,0.15850741813165925,-0.009956926712018088
41.66,-4.660970609971976,0.8192202390566992,-4.628299006988576,0.8219774012582116,0.032787735281814535,0.06248177071417693,3.579941758426446,0.1585274498839606,-0.00973086845712512
41.68,-4.664105325484674,0.8187425688848328,-4.628299006988576,0.8219774012582116,0.03595214297824075,0.06720057825143178,3.8503095146456703,0.1585469794383787,-0.009517951137794078
41.7,-4.667240415285274,0.8182654496497148,-4.628299006988576,0.8219774012582116,0.03911792255314655,0.07263676816078357,4.161780253083133,0.15856605792441414,-0.009316179032659022
41.72,-4.6703969825418215,0.8177851609342427,-4.706859217745415,0.8092572312716874,0.037446230522866775,0.018126334677270428,1.0385624750492246,0.1597764280076408,0.009921209606633674
41.74,-4.673555790383867,0.8173039146111934,-4.706859217745415,0.8092572312716874,0.03426174815726993,0.018447744630390783,1.0569779088565188,0.15976043306906718,0.009141433264803212
41.76,-4.676714190518913,0.8168221552535189,-4.706859217745415,0.8092572312716874,0.031079748089993236,0.01880900968369348,1.0776768716963319,0.15974191626888512,0.008245838110099157
41.78,-4.679872121216919,0.8163399546453957,-4.706859217745415,0.8092572312716874,0.027901045669057933,0.019216589153166375,1.10102945511331,0.15972497679554998,0.007409809064662376
41.8,-4.683029697687752,0.8158573467283102,-4.706859217745415,0.8092572312716874,0.02472665667289669,0.019668509530029965,1.1269225853835554,0.15970998997136832,0.006650200757851721
41.82,-4.686186940535225,0.8153743759300349,-4.706859217745415,0.8092572312716874,0.021558351138853304,0.020167711657975037,1.1555247604387577,0.15969646168731977,0.005946641273291142
41.84,-4.689343908014204,0.8148910742673131,-4.706859217745415,0.8092572312716874,0.01839908318040904,0.020715449156574195,1.1869078073895423,0.15968435733668684,0.00529829966122719
41.86,-4.692500582836438,0.81440748782316,-4.706859217745415,0.8092572312716874,0.015254361310631574,0.02131753648058643,1.221404869953769,0.15967343656626554,0.004695476901739326
41.88,-4.695657020861612,0.8139236466657589,-4.706859217745415,0.8092572312716874,0.012135264630551852,0.021976343233703677,1.2591517164221044,0.1596638647654025,0.004145815349909654
41.9,-4.6988132418398445,0.8134395837631371,-4.706859217745415,0.8092572312716874,0.009068064878228387,0.022696822911238534,1.3004321611697982,0.15965540823668078,0.0036398648362023778
41.92,-4.701969288427016,0.8129553231012184,-4.706859217745415,0.8092572312716874,0.006130847569348575,0.02348320652050262,1.3454886230588952,0.15964802731662786,0.00317641724145723
41.94,-4.70512517472253,0.8124708914873243,-4.706859217745415,0.8092572312716874,0.0036516458189131684,0.024342299734723127,1.3947110384420587,0.15964153544754112,0.0027479219100179364
41.96,-4.708280916573529,0.8119863145221276,-4.706859217745415,0.8092572312716874,0.0030771940052090256,0.02528195662242938,1.4485494122980251,0.1596359110553891,0.0023538466342731823
41.98,-4.7114365453063805,0.8115016111522779,-4.706859217745415,0.8092572312716874,0.0050979573015838605,0.026310194325045888,1.507463092994179,0.15963112454677741,0.001993303880842845
42.0,-4.714592072843781,0.8110168020661999,-4.706859217745415,0.8092572312716874,0.007930519362136965,0.02743796670033927,1.5720796903499337,0.15962702977625476,0.0016603740488063679
42.02,-4.717747522222044,0.8105319030432544,-4.706859217745415,0.8092572312716874,0.010962662199530479,0.028677263311509993,1.6430861557348815,0.15962360914918428,0.0013546070026793089
42.04,-4.720902891657675,0.810046935594243,-4.706859217745415,0.8092572312716874,0.014065859727402449,0.03004483752864351,1.7214423865475397,0.15962074705173634,0.001071325852475269
42.06,-4.724058211044572,0.8095619118343436,-4.706859217745415,0.8092572312716874,0.01720169179905612,0.03155757831998507,1.8081160493886914,0.15961854774375617,0.0008152637337444091
42.08,-4.7272134871084015,0.8090768466387857,-4.706859217745415,0.8092572312716874,0.02035506865419008,0.033238511489647404,1.9044264256538912,0.15961681479126355,0.0005782584466818008
42.1,-4.730368730400322,0.8085917538874672,-4.706859217745415,0.8092572312716874,0.023518929512631504,0.035115510924076165,2.0119705713951017,0.1596155634723928,0.0003611736898445628
42.12,-4.733523953221072,0.8081066459678196,-4.706859217745415,0.8092572312716874,0.02668954785170062,0.03722291738715411,2.1327160674480603,0.15961477599919505,0.0001634561563879089
42.14,-4.736679168246736,0.8076215314726829,-4.706859217745415,0.8092572312716874,0.029864777945494577,0.03960301706876112,2.2690857340245727,0.1596144095433516,-1.653291281655811e-05
42.16,-4.739834380561883,0.8071364202267579,-4.706859217745415,0.8092572312716874,0.03304329284833591,0.04231162516614484,2.42427754635962,0.15961433461568753,-0.00018418100211636812
42.18,-4.742989599115552,0.8066513232766784,-4.706859217745415,0.8092572312716874,0.03622423518074622,0.04542118326213051,2.6024421014103347,0.1596145856241904,-0.0003378788482333306
42.2,-4.746144832752943,0.8061662489730391,-4.706859217745415,0.8092572312716874,0.039407026252817765,0.04902474837692906,2.808911173688868,0.15961523064245142,-0.00047455610663327263
42.22,-4.7492655732789295,0.8056853885838409,-4.785657537671598,0.7980923453188759,0.03717565572227222,0.005412165298110505,0.31009422960889493,0.1576855336003824,0.04282711523417859
42.24,-4.752383390409913,0.805202310675804,-4.785657537671598,0.7980923453188759,0.034025291819013447,0.004734331610408038,0.2712572200917549,0.15776252748960218,0.04048846752313651
42.26,-4.755502506154796,0.8047165098231891,-4.785657537671598,0.7980923453188759,0.03087402599531746,0.004095320583784368,0.2346445852038967,0.15784420601914206,0.03791307240597064
42.28,-4.758622628107917,0.804228176508419,-4.785657537671598,0.7980923453188759,0.02772245947788579,0.00348500602700641,0.1996761369251223,0.1579205472437728,0.035534748339394184
42.3,-4.761743848748105,0.8037374408879514,-4.785657537671598,0.7980923453188759,0.024570950773497142,0.002905328900649984,0.16646308410462732,0.15799256807045303,0.033311483422227006
42.32,-4.764866166876554,0.8032444456569405,-4.785657537671598,0.7980923453188759,0.02142020628823433,0.0023551297649588854,0.1349389957377817,0.15806008034369157,0.03125314744223395
42.34,-4.767989379589769,0.8027493454835318,-4.785657537671598,0.7980923453188759,0.01827160257169864,0.0018268867685726775,0.10467290148750759,0.1581232041394376,0.029356330698004918
42.36,-4.771113554859987,0.8022522506127755,-4.785657537671598,0.7980923453188759,0.015127202255495301,0.0013214816638069669,0.07571532204006515,0.15818267552774046,0.02759090308224188
42.38,-4.774238628180428,0.8017532855670441,-4.785657537671598,0.7980923453188759,0.011991412655237796,0.0008356160858302708,0.04787727501131607,0.15823838696253922,0.02596299434720617
42.4,-4.777364330061509,0.8012525821347399,-4.785657537671598,0.7980923453188759,0.008874930376988013,0.0003598460645535262,0.020617660773309225,0.1582906385333871,0.02446113868237454
42.42,-4.780490882973162,0.8007502031642203,-4.785657537671598,0.7980923453188759,0.005810209040898451,-0.00010069523009459404,-0.005769411701518952,0.1583403117387583,0.02304858382706776
42.44,-4.783618136440972,0.8002462617812315,-4.785657537671598,0.7980923453188759,0.0029662288357925263,-0.0005520552260862566,-0.03163043451288297,0.15838683267324072,0.021751220001808846
42.46,-4.786746092878204,0.7997408413091739,-4.785657537671598,0.7980923453188759,0.0019754724669952483,-0.0009959873900635685,-0.05706587389889254,0.1584307243226668,0.02054771783943643
42.48,-4.789874666980444,0.7992340302049682,-4.785657537671598,0.7980923453188759,0.004368938542330339,-0.0014369329409165132,-0.08233019295783749,0.15847206045842555,0.019435974513148935
42.5,-4.79300378518701,0.7987259062084606,-4.785657537671598,0.7980923453188759,0.007373516932814723,-0.0018791887003399843,-0.10766958143815547,0.1585111547564022,0.01840347971959755
42.52,-4.796133495200434,0.7982165280525212,-4.785657537671598,0.7980923453188759,0.010476693538387842,-0.0023240374381647833,-0.13315753663723812,0.15854827146464245,0.01743973643164587
42.54,-4.799263727324483,0.7977059670173582,-4.785657537671598,0.7980923453188759,0.013611674586991541,-0.0027763758284562456,-0.15907461731268033,0.15858334368634708,0.01654846731036219
42.56,-4.802394454023136,0.7971942828050328,-4.785657537671598,0.7980923453188759,0.016760992966919876,-0.003240463619861078,-0.18566488908372494,0.15861661887464074,0.01571982832626606
42.58,-4.805525649949617,0.7966815309235493,-4.785657537671598,0.7980923453188759,0.019918139540379173,-0.0037211552101878986,-0.21320648845688334,0.15864822425948333,0.014949074423897812
42.6,-4.808657291561028,0.7961677630362486,-4.785657537671598,0.7980923453188759,0.02308013639337801,-0.0042241086133665276,-0.24202359575076046,0.15867827655928757,0.014231863876834616
42.62,-4.811789356977575,0.7956530272471647,-4.785657537671598,0.7980923453188759,0.026245423465723932,-0.0047560526220964405,-0.2725017423882547,0.15870688372916497,0.013564186683301394
42.64,-4.814921798674129,0.7951373710858107,-4.785657537671598,0.7980923453188759,0.02941307268447636,-0.005325806139810041,-0.3051462143159762,0.1587341456381175,0.012942338584176483
42.66,-4.818054652880933,0.7946208288045318,-4.785657537671598,0.7980923453188759,0.03258257971364893,-0.005942170017052106,-0.3404612631262661,0.1587602168696467,0.012360208969108832
42.68,-4.821187849319927,0.7941034468373886,-4.785657537671598,0.7980923453188759,0.03575352230092852,-0.006619167867440101,-0.3792503826929274,0.15878505371409446,0.011820194684153407
42.7,-4.824321445362888,0.7935852521759286,-4.785657537671598,0.7980923453188759,0.03892571960233723,-0.007371673036138837,-0.422365752921145,0.15880885610748408,0.0113141807900341
42.72,-4.82738846888638,0.7930759399334772,-4.864500012695732,0.7872402847334642,0.03756755988252188,-0.014269961418504007,-0.817608563094797,0.15478055708433303,0.0756130800516619
42.74,-4.8304436943914695,0.7925639630673887,-4.864500012695732,0.7872402847334642,0.03446990524275268,-0.016131139676773376,-0.9242462222151414,0.1549108328765758,0.0721707662404425
42.76,-4.833500579978591,0.7920472321808144,-4.864500012695732,0.7872402847334642,0.03136991508668975,-0.01798657629803868,-1.0305549097676567,0.15505620710380974,0.0680073171061002
42.78,-4.836559953885865,0.7915258772252527,-4.864500012695732,0.7872402847334642,0.028266821351268272,-0.01981632732580474,-1.1353919212183765,0.1551947198078718,0.0640841331095432
42.8,-4.839621246915287,0.7910002355480339,-4.864500012695732,0.7872402847334642,0.02516128408659318,-0.021642978909976573,-1.2400513476323085,0.15532406503000473,0.06050451625494446
42.82,-4.842684463169988,0.7904705290643197,-4.864500012695732,0.7872402847334642,0.022053405168980602,-0.02347297998502329,-1.3449026857368889,0.15544614794800182,0.057188550991460474
42.84,-4.845749250434677,0.7899370086727192,-4.864500012695732,0.7872402847334642,0.018943690384271884,-0.025323157721848233,-1.4509100614060244,0.1555611882439134,0.054129345398723494
42.86,-4.848815746021611,0.7893998407792562,-4.864500012695732,0.7872402847334642,0.01583224252656166,-0.027197470037389593,-1.558300246575937,0.15567036469676943,0.05127804703353167
42.88,-4.851883538075451,0.7888592547824909,-4.864500012695732,0.7872402847334642,0.012719925151660545,-0.029115397003655286,-1.668189367157291,0.15577349105080351,0.04864503285573196
42.9,-4.854952864248328,0.788315372206065,-4.864500012695732,0.7872402847334642,0.009607489607098932,-0.031080185873500366,-1.7807634770336929,0.155871834322463,0.04617732036693578
42.92,-4.858023544071045,0.7877683747695202,-4.864500012695732,0.7872402847334642,0.0064979631372249005,-0.033107221463895,-1.8969040612861143,0.1559649292773635,0.04389706729668319
42.94,-4.861095506124313,0.7872184128072625,-4.864500012695732,0.7872402847334642,0.0034045768277412127,-0.03521044167663234,-2.0174097028625715,0.1560534074883435,0.041778784377610734
42.96,-4.864168685093293,0.786665626042435,-4.864500012695732,0.7872402847334642,0.0006633329415261485,-0.0374052815299426,-2.143164763164362,0.156137600542694,0.03980983760587531
42.98,-4.86724302047243,0.786110144534816,-4.864500012695732,0.7872402847334642,0.0029666999396007255,-0.03970908635162518,-2.2751630562686627,0.1562178109023371,0.037978748337330615
43.0,-4.870318380097065,0.7855520987227584,-4.864500012695732,0.7872402847334642,0.00605833072913961,-0.04214329781790349,-2.414633099728762,0.15629431772548052,0.03627494770397366
43.02,-4.87339486597318,0.7849915772192336,-4.864500012695732,0.7872402847334642,0.00917469892213779,-0.044727103799347745,-2.5626742775461753,0.15636754914152284,0.03468127791228515
43.04,-4.876472352152485,0.7844287005129996,-4.864500012695732,0.7872402847334642,0.012298045287625185,-0.047488644440304206,-2.7208989012268323,0.1564373897983362,0.033204090000293895
43.06,-4.8795507267686675,0.7838635753457568,-4.864500012695732,0.7872402847334642,0.015424855279524948,-0.05046035807704463,-2.891165550533532,0.15650424113511363,0.03182728705253268
43.08,-4.882630146206134,0.783296263434724,-4.864500012695732,0.7872402847334642,0.018554165168767883,-0.05367508301594137,-3.0753557218277665,0.15656844643094914,0.030537149088294413
43.1,-4.885710496819984,0.7827268684959766,-4.864500012695732,0.7872402847334642,0.021685376706849065,-0.057178907558540715,-3.276110080273065,0.15662977875656736,0.029344645970930117
43.12,-4.888791560576753,0.7821554969037837,-4.864500012695732,0.7872402847334642,0.024818025016685275,-0.061029519239863994,-3.496733878156663,0.1566885872992252,0.028235773226192862
43.14,-4.891873428209715,0.7815821991395822,-4.864500012695732,0.7872402847334642,0.027952062705440282,-0.06529135297944455,-3.7409189644210854,0.15674539150740685,0.02718896188858011
43.16,-4.894956123346795,0.7810070375163546,-4.864500012695732,0.7872402847334642,0.03108742586415562,-0.07004710331195296,-4.013403386891755,0.15680008347493946,0.026209748911765196
43.18,-4.898039507029578,0.780430095416823,-4.864500012695732,0.7872402847334642,0.03422391501126934,-0.0754050145402374,-4.320389087278209,0.15685269881573483,0.025297470515606157
43.2,-4.901123606961362,0.7798514232719297,-4.864500012695732,0.7872402847334642,0.03736151670678326,-0.08150145811221376,-4.669689573992114,0.15690356744055833,0.02443864208334645
43.22,-4.9042084465174485,0.7792710715655013,-4.9432062649806445,0.7754497297463449,0.03918459516426359,-0.03624143283691561,-2.0764811450620986,0.15695270237339187,0.023633433622327615
43.24,-4.907208844869802,0.7787033606506175,-4.9432062649806445,0.7754497297463449,0.0361441609212014,-0.03908224543231453,-2.2392477171660623,0.151758036419114,0.1075226746516389
43.26,-4.9101930111643535,0.7781322383756875,-4.9432062649806445,0.7754497297463449,0.03312205881410987,-0.042235992466187255,-2.419944111858871,0.1519443016408495,0.10286942838000357
43.28,-4.913180231245379,0.7775542971905031,-4.9432062649806445,0.7754497297463449,0.030099699433687326,-0.04539132402478829,-2.6007312931311466,0.15215143647209217,0.09720654636558024
43.3,-4.916170012985603,0.7769699435751788,-4.9432062649806445,0.7754497297463449,0.027078958104490777,-0.04857089040401741,-2.7829070273426675,0.15234698214228182,0.09197133494287524
43.32,-4.919162404515694,0.7763794690922255,-4.9432062649806445,0.7754497297463449,0.02406182955033337,-0.05178474134175737,-2.967047122059329,0.15253249537638958,0.08709889808666826
43.34,-4.922157256284485,0.7757831853513198,-4.9432062649806445,0.7754497297463449,0.021051649810204992,-0.055049427835681446,-3.1540998795945407,0.1527081549042908,0.08258478032485694
43.36,-4.925154594356381,0.7751813605871992,-4.9432062649806445,0.7754497297463449,0.018053665398817996,-0.05837819868299343,-3.3448244001117047,0.15287467870099825,0.07840076467646728
43.38,-4.9281539547824655,0.7745743213094921,-4.9432062649806445,0.7754497297463449,0.015077744600354393,-0.061798160660798906,-3.540773787535172,0.15303231703405196,0.07453906747334482
43.4,-4.931155537380179,0.7739622614831378,-4.9432062649806445,0.7754497297463449,0.012142182568824694,-0.06532126202924626,-3.7426326267439705,0.15318255367882117,0.07093757323106686
43.42,-4.934158932100879,0.7733454666879667,-4.9432062649806445,0.7754497297463449,0.009288818829977149,-0.0689764064243703,-3.952056974095476,0.1533251491246279,0.06760953335571696
43.44,-4.937164325310827,0.7727241016546773,-4.9432062649806445,0.7754497297463449,0.0066282790728664,-0.07278053257899364,-4.170017347490725,0.15346136660427945,0.06450223256959653
43.46,-4.940171608466835,0.7720983799427993,-4.9432062649806445,0.7754497297463449,0.004521137651358798,-0.07676056045161106,-4.398056146936134,0.15359099252973962,0.06162746257087903
43.48,-4.94318031269728,0.7714685526980064,-4.9432062649806445,0.7754497297463449,0.0039812616356161065,-0.08095453269343046,-4.638353055787406,0.15371453493240317,0.05896542227212809
43.5,-4.946190620938486,0.7708347380901772,-4.9432062649806445,0.7754497297463449,0.005495864669876894,-0.0853901020357668,-4.892492458840897,0.15383326438933587,0.05646263460501455
43.52,-4.949202573487564,0.7701970821062044,-4.9432062649806445,0.7754497297463449,0.00797157593839668,-0.09010335252430847,-5.162541819622308,0.15394694049524205,0.05413153494115974
43.54,-4.95221598164156,0.7695557629840659,-4.9432062649806445,0.7754497297463449,0.010766328924235223,-0.09514128803807198,-5.451194262020029,0.15405566978565766,0.05196943380914032
43.56,-4.9552306785575055,0.768910938722411,-4.9432062649806445,0.7754497297463449,0.013687304698956522,-0.1005577795127981,-5.761536363290427,0.15416004107366987,0.04995245555861061
43.58,-4.95824671497645,0.7682627179617635,-4.9432062649806445,0.7754497297463449,0.016669381346290237,-0.10641191406380024,-6.096953565764562,0.15426055107856662,0.048060548384909474
43.6,-4.961264036390697,0.7676112251245492,-4.9432062649806445,0.7754497297463449,0.01968566135550456,-0.11277667365761124,-6.4616274281053325,0.15435723974790427,0.04629351451679309
43.62,-4.9642826833282045,0.7669565613900754,-4.9432062649806445,0.7754497297463449,0.022723321040052695,-0.11973844295297509,-6.860507426673447,0.15445035688737008,0.04464194771958141
43.64,-4.967302422263053,0.7662988719246991,-4.9432062649806445,0.7754497297463449,0.025775239953306835,-0.1274073829055009,-7.299905319292434,0.15453997109617923,0.043104300138652185
43.66,-4.970322789730532,0.7656383303959551,-4.9432062649806445,0.7754497297463449,0.028836946296792385,-0.13592145819726387,-7.787725899967066,0.1546266409911734,0.041657517280691
43.68,-4.973344527378218,0.7649748631514712,-4.9432062649806445,0.7754497297463449,0.03190670290903489,-0.1454331641087605,-8.33270650466546,0.1547112581304244,0.04026378073118675
43.7,-4.976367661932075,0.7643085660928237,-4.9432062649806445,0.7754497297463449,0.034982906902155685,-0.156149867838562,-8.946728398675193,0.1547926219340745,0.03897646017936296
43.72,-4.979391738883357,0.7636396157435721,-4.9432062649806445,0.7754497297463449,0.038063989732059926,-0.16834457054718577,-9.645433396296088,0.1548708323187764,0.037792563230554244
43.74,-4.982416729191392,0.7629680864737496,-5.021563034304263,0.7615404552687598,0.03917232868808572,-0.06184412070091838,-3.54340710386027,0.1549467726146947,0.03667471926871446
43.76,-4.9853398520324035,0.7623146663689426,-5.021563034304263,0.7615404552687598,0.03623145507329236,-0.06590341738729011,-3.77598767178081,0.1489607339034027,0.13351927994842416
43.78,-4.988249863103935,0.7616561937483668,-5.021563034304263,0.7615404552687598,0.03331337225226596,-0.07024839526678273,-4.024936566353439,0.14920330623482414,0.12750840149511333
43.8,-4.991162936305303,0.7609893614678136,-5.021563034304263,0.7615404552687598,0.030405092710331094,-0.07463530703931509,-4.276288096015798,0.14945952521445705,0.12077973867152814
43.82,-4.994079443949166,0.7603144763108471,-5.021563034304263,0.7615404552687598,0.027510920799058095,-0.07906852622818894,-4.53029284519468,0.1497031032919427,0.1145105274097391
43.84,-4.9969987126261985,0.7596320311809456,-5.021563034304263,0.7615404552687598,0.024638343734966765,-0.08358238019537721,-4.788917626852951,0.14993337818958175,0.10873410136336137
43.86,-4.999921031981458,0.7589422976812762,-5.021563034304263,0.7615404552687598,0.021797400931984887,-0.08818769866857412,-5.0527829386807666,0.15015257932149417,0.10335572157293971
43.88,-5.002845806660714,0.7582457079206808,-5.021563034304263,0.7615404552687598,0.019004998572694193,-0.09291921534632631,-5.323878875011728,0.15036036644131556,0.09839413739110014
43.9,-5.005773306872861,0.7575424911439061,-5.021563034304263,0.7615404552687598,0.016288008150218594,-0.0977923990765146,-5.603091735543336,0.15055864319220014,0.09376879504141566
43.92,-5.008703003979407,0.7568330269172175,-5.021563034304263,0.7615404552687598,0.013694534005986725,-0.10284406177524907,-5.892530687704489,0.15074710585127882,0.08949643886924097
43.94,-5.011635150681489,0.7561175084909139,-5.021563034304263,0.7615404552687598,0.011312436739389965,-0.10809569630286253,-6.19342718168192,0.15092738043676057,0.08550852265643005
43.96,-5.014569105834733,0.7553963022050476,-5.021563034304263,0.7615404552687598,0.009309438882512122,-0.11359192191588809,-6.508337712559988,0.15109919506550717,0.08182002295631374
43.98,-5.0175054483974835,0.7546694946967433,-5.021563034304263,0.7615404552687598,0.007979605414624297,-0.1193550039190967,-6.838537988331641,0.15126431051224465,0.07835614384277267
44.0,-5.020443581915521,0.7539374262902648,-5.021563034304263,0.7615404552687598,0.007684999889296915,-0.12543686406781562,-7.187002906442043,0.15142171557664952,0.07516407179775086
44.02,-5.0233835796772945,0.7532002628365545,-5.021563034304263,0.7615404552687598,0.008536579833954644,-0.13188112967820276,-7.5562321279785225,0.1515730013418093,0.07217639372725237
44.04,-5.026325216451492,0.7524582271012019,-5.021563034304263,0.7615404552687598,0.01025501083816934,-0.13874414313934613,-7.949453834043509,0.15171825043314158,0.06939179552079011
44.06,-5.029268290843552,0.7517115192819881,-5.021563034304263,0.7615404552687598,0.012489153733072215,-0.14608987415439412,-8.37033321864411,0.151858147864381,0.06678235313528624
44.08,-5.03221341615281,0.7509601513429638,-5.021563034304263,0.7615404552687598,0.015012443661245344,-0.15397851460541778,-8.822319022583944,0.15199327823607334,0.0643243541897931
44.1,-5.035160234465884,0.750204368236321,-5.021563034304263,0.7615404552687598,0.017702845009834538,-0.16250035138442964,-9.310584303720683,0.15212266434465604,0.062062766834625194
44.12,-5.038108425124309,0.7494443787809809,-5.021563034304263,0.7615404552687598,0.020495487888466363,-0.17176014826071206,-9.841131583880088,0.1522472421958465,0.05995860825669386
44.14,-5.04105805850926,0.74868028761586,-5.021563034304263,0.7615404552687598,0.023354654371540474,-0.18187600359618195,-10.420727400767408,0.15236779066101214,0.0579794388172461
44.16,-5.044009081329773,0.7479122246366045,-5.021563034304263,0.7615404552687598,0.026259354471019066,-0.19299299776931678,-11.057684247759562,0.1524843432890055,0.05612541119026648
44.18,-5.0469614431511935,0.747140311883185,-5.021563034304263,0.7615404552687598,0.029196631680400313,-0.20528811726560736,-11.762142703506028,0.15259715032058807,0.05438711427885323
44.2,-5.049915203675117,0.746364640431995,-5.021563034304263,0.7615404552687598,0.032158216119576206,-0.21897831947707314,-12.546533510903682,0.15270644603795347,0.052755750682420555
44.22,-5.052870207100766,0.7455853473231565,-5.021563034304263,0.7615404552687598,0.03513836276871718,-0.23433718055562514,-13.42653142883246,0.15281228381223144,0.051230422967174505
44.24,-5.05582641226448,0.7448025330957682,-5.021563034304263,0.7615404552687598,0.038133149724535124,-0.25170830797656807,-14.421823715436465,0.15291504972410053,0.04979553665074299
44.26,-5.05878387844614,0.7440162704189256,-5.099289019359666,0.7444699457753533,0.04050768151540653,-0.08584033686105341,-4.91828901411963,0.15301492777495262,0.04844425777916772
44.28,-5.061632719687197,0.7432535559760582,-5.099289019359666,0.7444699457753533,0.03767594072039298,-0.09082435417696733,-5.203852171341618,0.14655222606050344,0.1523521988711085
44.3,-5.064466593353169,0.7424857844601603,-5.099289019359666,0.7444699457753533,0.03487890837028387,-0.0961437426501277,-5.508630680444246,0.1468296418956072,0.14576038433689043
44.32,-5.067303594210183,0.7417084421048401,-5.099289019359666,0.7444699457753533,0.032104412851123774,-0.10153163761983741,-5.817334322668379,0.14712248102850545,0.13835087300073656
44.34,-5.07014416127867,0.740921832502861,-5.099289019359666,0.7444699457753533,0.029360038493772233,-0.10699452137917298,-6.130334506048868,0.14740140562876647,0.13144698481237782
44.36,-5.072987809400317,0.7401264706983419,-5.099289019359666,0.7444699457753533,0.026657445884224588,-0.11256548035663405,-6.449526943297904,0.14766568037711814,0.1250856246631793
44.38,-5.07583411491481,0.7393228113165452,-5.099289019359666,0.7444699457753533,0.024013028456535315,-0.11827697395659388,-6.776771421291583,0.1479171238995658,0.11919012747385604
44.4,-5.078683179526279,0.7385111531538062,-5.099289019359666,0.7444699457753533,0.02145012458578704,-0.12415070876110422,-7.113311635569125,0.14815727280454993,0.11369604732247574
44.42,-5.081534855042245,0.737691845800404,-5.099289019359666,0.7444699457753533,0.019004025623019827,-0.13021683471764597,-7.460875050873727,0.148386313124238,0.10859878831537273
44.44,-5.084389216793096,0.736865166392969,-5.099289019359666,0.7444699457753533,0.016728322868042895,-0.13650346011416084,-7.821072153473787,0.1486050398791683,0.10386667991579834
44.46,-5.087245706460647,0.7360315315996421,-5.099289019359666,0.7444699457753533,0.014705380626985494,-0.14305549076550064,-8.196475857035908,0.14881371966133372,0.09949141727916277
44.48,-5.090104423118774,0.7351911591945416,-5.099289019359666,0.7444699457753533,0.013055753081322128,-0.1499073823748751,-8.589060327934167,0.14901401507576573,0.0954025959781779
44.5,-5.092965260066499,0.7343443125225874,-5.099289019359666,0.7444699457753533,0.011938106230362722,-0.15710255454452415,-9.001313326125045,0.1492060469142409,0.09159786195644948
44.52,-5.095827938102771,0.7334912818621744,-5.099289019359666,0.7444699457753533,0.011511305086103915,-0.1646929799532466,-9.436212666753704,0.1493903840593891,0.08805496330366314
44.54,-5.098692553475705,0.7326322400980262,-5.099289019359666,0.7444699457753533,0.011852723199912815,-0.17272995686082737,-9.896697523602187,0.14956791114579815,0.08473747517445673
44.56,-5.101559352699799,0.7317673197806207,-5.099289019359666,0.7444699457753533,0.0129039188093144,-0.1812704456962897,-10.386031488852776,0.14973871309211795,0.08164419429801395
44.58,-5.104427746714656,0.7308968693521214,-5.099289019359666,0.7444699457753533,0.014513267117359122,-0.19039509823612377,-10.908835568908597,0.14990262013725442,0.07878524395987796
44.6,-5.107297828344486,0.7300210244235309,-5.099289019359666,0.7444699457753533,0.016520059006749774,-0.20018399668501852,-11.469698136112424,0.15006104831081224,0.07610046670325499
44.62,-5.110169234013163,0.7291400382866894,-5.099289019359666,0.7444699457753533,0.01879854075499384,-0.21073792455961107,-12.074393660612053,0.15021405467754434,0.07358948916791341
44.64,-5.113042639869503,0.7282538650077164,-5.099289019359666,0.7444699457753533,0.021263192436488706,-0.2221596289329866,-12.728809116052584,0.15036248914541694,0.07121675622057122
44.66,-5.115917398565498,0.727362837509464,-5.099289019359666,0.7444699457753533,0.02385699369647888,-0.23459167343451173,-13.441112796708795,0.15050539720489198,0.06902644219430876
44.68,-5.118793464115566,0.7264670912440843,-5.099289019359666,0.7444699457753533,0.026542911228989035,-0.24819368858447713,-14.220450857674818,0.15064410718377275,0.06696186991450581
44.7,-5.121671185315848,0.7255666471593858,-5.099289019359666,0.7444699457753533,0.02929669011090729,-0.26315354929521906,-15.077587738503912,0.1507788567528756,0.0650142104796636
44.72,-5.124550242966142,0.7246617189443386,-5.099289019359666,0.7444699457753533,0.03210132813896194,-0.2797082029524738,-16.02609952436542,0.1509092747056684,0.06320156905492702
44.74,-5.127430469267742,0.7237524598520308,-5.099289019359666,0.7444699457753533,0.034945034352706794,-0.2981448561849227,-17.08244194293097,0.15103604037247642,0.06149560895118977
44.76,-5.130311949291586,0.7228389420926291,-5.099289019359666,0.7444699457753533,0.037819604729331144,-0.31881602817312626,-18.266812855444083,0.15115954337892035,0.05988055865713271
44.78,-5.133194759709588,0.7219212397019658,-5.099289019359666,0.7444699457753533,0.040719078750143536,-0.34216291637602253,-19.604491014233812,0.15127978901117167,0.05835755148175803
44.8,-5.135970870300527,0.7210315991064468,-5.176010346720235,0.723351230710629,0.04010661245659495,-0.111500440885691,-6.388504676598021,0.14487651365224785,0.1599645601241262
44.82,-5.138732132273908,0.7201371426350989,-5.176010346720235,0.723351230710629,0.037416515530760114,-0.11743892825630908,-6.728754939626179,0.1451700710640491,0.15332126958866876
44.84,-5.141497108439763,0.719232307554027,-5.176010346720235,0.723351230710629,0.03475815220311126,-0.12344736916016119,-7.073013244870674,0.14547870659122886,0.1458668696735499
44.86,-5.14426449219413,0.7183178887991897,-5.176010346720235,0.723351230710629,0.03214239895200922,-0.12957730997458805,-7.424232982202319,0.1457711857718369,0.1390141012119761
44.88,-5.147034713624593,0.7173941196311102,-5.176010346720235,0.723351230710629,0.029581657926948945,-0.13584055182155153,-7.783090306103049,0.1460512698056693,0.13259907057860953
44.9,-5.1498076147874325,0.7164614065048382,-5.176010346720235,0.723351230710629,0.027093409499895495,-0.14226524587100942,-8.151198159799801,0.14631839245704548,0.12665094812958078
44.92,-5.152583292594109,0.7155200609120395,-5.176010346720235,0.723351230710629,0.024701297242104604,-0.14887613941079847,-8.529974458440014,0.14657347879096783,0.12113247820633166
44.94,-5.1553613483510805,0.7145705248153535,-5.176010346720235,0.723351230710629,0.022438403010657578,-0.15571132091262374,-8.921601510700494,0.14681684744251022,0.11603338051446865
44.96,-5.158141656514877,0.7136131250226071,-5.176010346720235,0.723351230710629,0.02034995803548903,-0.1628053862254313,-9.328061512714521,0.147049934024146,0.1112935092384415
44.98,-5.160923887732097,0.7126482281559393,-5.176010346720235,0.723351230710629,0.018497445999014938,-0.17020006513149122,-9.751745404886172,0.1472734690173727,0.1068838309487008
45.0,-5.163708163251113,0.711676039670825,-5.176010346720235,0.723351230710629,0.016960359781675392,-0.17793200240221022,-10.194752777958271,0.14748855958344187,0.10275833385142707
45.02,-5.166494385941036,0.7106968264399041,-5.176010346720235,0.723351230710629,0.01583311267559884,-0.18604690880678998,-10.659702666084373,0.14769531390106394,0.09891525341587659
45.04,-5.169282464619277,0.7097108381889686,-5.176010346720235,0.723351230710629,0.015209362435991927,-0.1945958339535414,-11.149519996366488,0.14789429733261805,0.09533246424553443
45.06,-5.172072314917199,0.7087183082710653,-5.176010346720235,0.723351230710629,0.015153564386111061,-0.20363612601757808,-11.6674905772014,0.14808603709837165,0.09198939327992317
45.08,-5.174863858689214,0.707719454893702,-5.176010346720235,0.723351230710629,0.015673763108964556,-0.21323266987761746,-12.217332038293842,0.14827101880676707,0.08886717243639097
45.1,-5.1776570234602035,0.7067144822596346,-5.176010346720235,0.723351230710629,0.016718042448433255,-0.223459389939634,-12.803279936109154,0.14844968981835294,0.08594849329468524
45.12,-5.18045174192655,0.7057035816204,-5.176010346720235,0.723351230710629,0.01819795345060908,-0.2344010860932837,-13.430192946427809,0.14862246240952004,0.08321747149486747
45.14,-5.1832479515053915,0.7046869322491538,-5.176010346720235,0.723351230710629,0.020018465477781775,-0.24615569267204185,-14.103682293227363,0.14878971665925889,0.08065952378011332
45.16,-5.1860455939269965,0.7036647023389572,-5.176010346720235,0.723351230710629,0.022096732469517894,-0.2588370775070836,-14.830272122656464,0.14895180309140166,0.07826125641041681
45.18,-5.188844614865802,0.702637049832223,-5.176010346720235,0.723351230710629,0.024367924168784565,-0.27257853445795815,-15.617599610302284,0.1491090450844723,0.07601036388749094
45.2,-5.191644963606112,0.7016041231865867,-5.176010346720235,0.723351230710629,0.026783911791043637,-0.2875371713317043,-16.474666370436704,0.14926174108058632,0.07389553681513839
45.22,-5.1944465927389585,0.7005660620820723,-5.176010346720235,0.723351230710629,0.02930970959758298,-0.30389946002930435,-17.412156455983798,0.14941016660308115,0.07190637809684208
45.24,-5.197249320909921,0.6995230440473147,-5.176010346720235,0.723351230710629,0.031919844991664434,-0.3218894148585747,-18.44290494133198,0.149554576106814,0.07003332660071582
45.26,-5.2000535151181015,0.6984750500961951,-5.176010346720235,0.723351230710629,0.034596218125252994,-0.3417721369856208,-19.5821010044431,0.14969539198146364,0.0682592321621378
45.28,-5.202858730590028,0.6974223454295831,-5.176010346720235,0.723351230710629,0.037324828309549564,-0.36387634297647803,-20.84857871720701,0.14983226526443794,0.06660117718826353
45.3,-5.205665190764594,0.6963649465808951,-5.176010346720235,0.723351230710629,0.04009575172541307,-0.38859816772499506,-22.2650349371591,0.1499659650359142,0.06502653604467667
45.32,-5.208472607605503,0.6953030496161182,-5.251308490003726,0.6976260945388874,0.04289882700666306,-0.12366753613970084,-7.085627883586439,0.15009633303613157,0.06354372911632211
45.34,-5.2111704292322605,0.6942762095449901,-5.251308490003726,0.6976260945388874,0.040277607326729636,-0.12989082762411064,-7.442196220322826,0.14336672217760693,0.1714262949614742
45.36,-5.213851747172824,0.6932453015264666,-5.251308490003726,0.6976260945388874,0.03771205286003434,-0.13650762345639533,-7.821310695412492,0.14368069913501813,0.1644693974367506
45.38,-5.216535525781255,0.6922034519169442,-5.251308490003726,0.6976260945388874,0.03519323931982623,-0.143237944091672,-8.206929662583653,0.144011725000448,0.15660048803767257
45.4,-5.219222321075194,0.6911508912780007,-5.251308490003726,0.6976260945388874,0.03273301840313687,-0.1500900355942858,-8.599525586520876,0.14432807354127775,0.14926032103068643
45.42,-5.22191164969389,0.690088213996243,-5.251308490003726,0.6976260945388874,0.03034788070487268,-0.1571016909559475,-9.001263846144367,0.14462879623491354,0.14249547261313555
45.44,-5.2246022697721175,0.6890162281710138,-5.251308490003726,0.6976260945388874,0.028059793262457108,-0.16432823172548527,-9.415314132718104,0.14491581663569342,0.13622433876314677
45.46,-5.227296754988033,0.6879343317956369,-5.251308490003726,0.6976260945388874,0.025893892784502975,-0.17174288519033046,-9.840142482805785,0.14519265510779533,0.13029348749249436
45.48,-5.2299928262180195,0.6868437518478695,-5.251308490003726,0.6976260945388874,0.023887579126647372,-0.17942912163923674,-10.280531391667736,0.14545383516857413,0.12495127892919733
45.5,-5.2326911252735,0.6857445406687915,-5.251308490003726,0.6976260945388874,0.022085687489101734,-0.187409408334553,-10.737768138613761,0.14570534038989003,0.11993520146524883
45.52,-5.235391070393339,0.6846372044579797,-5.251308490003726,0.6976260945388874,0.020544476449572587,-0.19573499979674125,-11.2147893913473,0.1459462140093848,0.11529141720423297
45.54,-5.238093020791965,0.6835218689703497,-5.251308490003726,0.6976260945388874,0.019328160941362492,-0.20444306992405137,-11.71372505734612,0.14617818997977317,0.1109461126141964
45.56,-5.240796238048654,0.6823990638287762,-5.251308490003726,0.6976260945388874,0.018503240403064176,-0.2135960685556202,-12.23815324882403,0.1464009512665232,0.10691668391016318
45.58,-5.243501279018905,0.6812687951656451,-5.251308490003726,0.6976260945388874,0.01812494927296035,-0.2232391743914932,-12.790662514617528,0.14661639640669577,0.10312165753867397
45.6,-5.246207857163325,0.6801314002539084,-5.251308490003726,0.6976260945388874,0.0182230838086602,-0.23343963832085324,-13.375106046845291,0.14682377823027615,0.09959715952800874
45.62,-5.2489158995373755,0.6789871112567459,-5.251308490003726,0.6976260945388874,0.018791918128057614,-0.2442693202112851,-13.995601112636296,0.14702402989925645,0.09630458561282751
45.64,-5.2516255210829685,0.6778360767197817,-5.251308490003726,0.6976260945388874,0.0197925570350504,-0.25580732395405725,-14.656680031103287,0.14721762684319906,0.09322546926815445
45.66,-5.254336296177161,0.676678646433727,-5.251308490003726,0.6976260945388874,0.021165140971471878,-0.26815222854227283,-15.363990962499724,0.14740469360496888,0.09035688222525096
45.68,-5.257048180061335,0.6755149974248149,-5.251308490003726,0.6976260945388874,0.022843919487368036,-0.28141094927529764,-16.123659702244648,0.1475862679465756,0.08765506157915048
45.7,-5.259761460651945,0.6743451682673189,-5.251308490003726,0.6976260945388874,0.024768008414926164,-0.29570369368502636,-16.942573634581304,0.14776265879796746,0.08510841292552751
45.72,-5.262476077786408,0.6731693395732092,-5.251308490003726,0.6976260945388874,0.026885830475087056,-0.3111760622045674,-17.829075049822084,0.1479336396189801,0.0827291671801067
45.74,-5.265191510236919,0.6719878630895616,-5.251308490003726,0.6976260945388874,0.029155739789009573,-0.32800299055585924,-18.793187026520133,0.14809957380301775,0.08050333376752317
45.76,-5.267908184198588,0.6708006873925793,-5.251308490003726,0.6976260945388874,0.03154603486855563,-0.3463803411406703,-19.846131653662084,0.1482614708041563,0.07838787316749585
45.78,-5.270626051542725,0.6696079627027126,-5.251308490003726,0.6976260945388874,0.034032100954867014,-0.3665465418452567,-21.00156984284863,0.14841888118883872,0.07640456761048853
45.8,-5.273344780419396,0.6684099449955415,-5.251308490003726,0.6976260945388874,0.03659482872514726,-0.3887878256770989,-22.275901537365744,0.1485720869851992,0.07454271064577522
45.82,-5.276064620564071,0.6672066374733473,-5.251308490003726,0.6976260945388874,0.03922001234679906,-0.41344328620165527,-23.68855536737423,0.1487217309643185,0.07277532525273855
45.84,-5.278785396184208,0.6659982211157709,-5.251308490003726,0.6976260945388874,0.041896333377989974,-0.44092516562447615,-25.26315107138929,0.14886763509220913,0.07111190554298652
45.86,-5.281395006179026,0.6648323696898715,-5.324757545712246,0.667020831923071,0.043417729117449344,-0.14065877901467427,-8.059154389004147,0.14143374645740892,0.18762036923747338
45.88,-5.283978540446673,0.6636667647783023,-5.324757545712246,0.667020831923071,0.040916708529172806,-0.14774623295662478,-8.465235587371271,0.14176501080074289,0.18066355049195515
45.9,-5.2865644440082935,0.6624890154683821,-5.324757545712246,0.667020831923071,0.03846102414324727,-0.15493449231725487,-8.877092510780782,0.14212842494805145,0.1720910420810462
45.92,-5.289152368720918,0.661299727332986,-5.324757545712246,0.667020831923071,0.036061886616127886,-0.16225336832573012,-9.296433216845967,0.14247517878631655,0.16412727396053484
45.94,-5.29174342458267,0.6600988851985109,-5.324757545712246,0.667020831923071,0.03373196615105591,-0.16970333499789714,-9.72328486467426,0.14280661884260581,0.15671581550025238
45.96,-5.29433531906494,0.6588878894478817,-5.324757545712246,0.667020831923071,0.03149057998012729,-0.17736588089789332,-10.162316405069316,0.14312079162097646,0.14994893371977902
45.98,-5.296929988954532,0.6576662557378119,-5.324757545712246,0.667020831923071,0.029357810046214457,-0.18522738355324098,-10.612747327851626,0.14342407293037596,0.14354522498094546
46.0,-5.299526169568353,0.656434925050715,-5.324757545712246,0.667020831923071,0.027362086295178462,-0.19334868713038889,-11.078063746966698,0.1437124441230342,0.1376885649745363
46.02,-5.30212377308257,0.6551942530180401,-5.324757545712246,0.667020831923071,0.0255373379984833,-0.2017666010186221,-11.560374685067023,0.1439895782516576,0.13221895022119678
46.04,-5.304723460242989,0.6539442584477876,-5.324757545712246,0.667020831923071,0.023924074787627522,-0.21050692542654037,-12.06115838521592,0.14425620399913797,0.12710746843280774
46.06,-5.307324624215204,0.652685523386251,-5.324757545712246,0.667020831923071,0.022570064748862473,-0.2196247580796666,-12.583571714546624,0.14451144123306392,0.12239721683182658
46.08,-5.309926727887168,0.6514185513303047,-5.324757545712246,0.667020831923071,0.021526363303076966,-0.22917671119486419,-13.130858314154283,0.1447571777178691,0.11800764782188278
46.1,-5.312530601069256,0.6501432093901226,-5.324757545712246,0.667020831923071,0.020841120835200372,-0.23920065134100277,-13.705187778619774,0.1449949488416813,0.11387339386881301
46.12,-5.315135300992989,0.6488601765668406,-5.324757545712246,0.667020831923071,0.020552299053999887,-0.24977119223749433,-14.310835159159174,0.1452235224808529,0.1100526343073005
46.14,-5.317741600708671,0.6475693096823208,-5.324757545712246,0.667020831923071,0.020678133420973657,-0.2609420794016417,-14.950879847081683,0.14544515605403596,0.1064477093432048
46.16,-5.320348824695491,0.6462711425662793,-5.324757545712246,0.667020831923071,0.021212883571238933,-0.2727984495518392,-15.630199817032889,0.1456587724583347,0.10310957152481759
46.18,-5.32295711806556,0.644965795395498,-5.324757545712246,0.667020831923071,0.022128402019656372,-0.28542285971153625,-16.353525238025608,0.14586599304329262,0.09996872530837475
46.2,-5.3255662468366465,0.6436535595800799,-5.324757545712246,0.667020831923071,0.023381262033092383,-0.2989150575989119,-17.12657123332756,0.14606687274816288,0.09702525807286921
46.22,-5.328176528518019,0.6423344531979858,-5.324757545712246,0.667020831923071,0.024922013120623147,-0.31338225340328485,-17.9554804943075,0.1462621006517395,0.09425083408620694
46.24,-5.330788079206048,0.641008594762303,-5.324757545712246,0.667020831923071,0.026702131306843478,-0.3289520145580358,-18.847562096501466,0.14645143464782073,0.09165861159898814
46.26,-5.333400333221912,0.6396764146325291,-5.324757545712246,0.667020831923071,0.02867777768406287,-0.34577930479708696,-19.811694807840784,0.14663501109355437,0.08924495806250654
46.28,-5.336013261741332,0.6383380619481105,-5.324757545712246,0.667020831923071,0.03081221246135894,-0.3640370687587944,-20.85778762619267,0.14681398374034593,0.08696052007983734
46.3,-5.338627153862271,0.636993528175273,-5.324757545712246,0.667020831923071,0.033075746410289375,-0.38392543117184097,-21.99730685388686,0.14698859011290644,0.08479655998649971
46.32,-5.341241659850303,0.6356431143384126,-5.324757545712246,0.667020831923071,0.03544414168433323,-0.4056852782408993,-23.24405425379402,0.14715861602483393,0.0827645448425729
46.34,-5.343857055111749,0.6342868027673321,-5.324757545712246,0.667020831923071,0.03789865332792795,-0.4295962380245517,-24.614051333504346,0.14732475471959106,0.08083528809099683
46.36,-5.346473156060908,0.6329248021042174,-5.324757545712246,0.667020831923071,0.040424089132880425,-0.4559930669957972,-26.126478226085375,0.14748681114733486,0.07901922618347434
46.38,-5.3490897917749525,0.6315573032551688,-5.324757545712246,0.667020831923071,0.04300837202260996,-0.4852728029710749,-27.80408352272615,0.14764521281254162,0.07729890884156099
46.4,-5.351578491235678,0.6302489610917444,-5.3960570825994685,0.631694556360311,0.04450207675364793,-0.1568403191550538,-8.986288345069426,0.13868802501724176,0.21764075969099572
46.42,-5.354034173194975,0.6289446244508,-5.3960570825994685,0.631694556360311,0.042112789510138075,-0.16481433122472788,-9.443165582448128,0.13906742720375398,0.209601821316574
46.44,-5.356491816076018,0.6276262643093752,-5.3960570825994685,0.631694556360311,0.03977387729758497,-0.1728824227771173,-9.905433177125193,0.13948823863527693,0.1994866319787736
46.46,-5.358951366517343,0.6262944555999349,-5.3960570825994685,0.631694556360311,0.037496603235353525,-0.18107112334765585,-10.374611159513423,0.1398892349388614,0.1901072309545837
46.48,-5.361411977186561,0.624950122594219,-5.3960570825994685,0.631694556360311,0.03529547727254368,-0.18943025296831273,-10.853554007179854,0.14027132528209307,0.18142692455147547
46.5,-5.363874561796467,0.6235932631454534,-5.3960570825994685,0.631694556360311,0.03318652734150881,-0.19796818973560892,-11.342741749695495,0.14063765125520433,0.17330866911247078
46.52,-5.366338648135471,0.6222245896400102,-5.3960570825994685,0.631694556360311,0.031190793780769648,-0.20672964220939738,-11.844735998848028,0.14098670407136638,0.16582476799253953
46.54,-5.368804715829381,0.6208442923080248,-5.3960570825994685,0.631694556360311,0.029332911968908325,-0.215740115717185,-12.360998102258698,0.14132059877929315,0.15888486361415044
46.56,-5.371271455119231,0.6194534548897006,-5.3960570825994685,0.631694556360311,0.027643659215141326,-0.2250665386140107,-12.895362772200986,0.14163906249797797,0.15250587627579915
46.58,-5.373739641875696,0.6180520167759204,-5.3960570825994685,0.631694556360311,0.026156969372822143,-0.23473362662166775,-13.449246115221266,0.14194598794752267,0.14651745060323407
46.6,-5.37620838026308,0.6166407965156626,-5.3960570825994685,0.631694556360311,0.02491157702552993,-0.24480419594550895,-14.026247234771283,0.1422402205352835,0.1409753365294586
46.62,-5.378678387792958,0.6152197128101261,-5.3960570825994685,0.631694556360311,0.023946596901875596,-0.2553136970004517,-14.628397290007788,0.1425243880540883,0.13576566340933738
46.64,-5.3811498168605825,0.6137890058981142,-5.3960570825994685,0.631694556360311,0.023298826347351486,-0.2663150346744172,-15.25872750772428,0.14279748228420708,0.13093725891477614
46.66,-5.383621626854156,0.6123495286505602,-5.3960570825994685,0.631694556360311,0.02299718801690008,-0.27788731658211896,-15.921770420371193,0.1430598396429783,0.12647905198559517
46.68,-5.386094239627451,0.6109012932450699,-5.3960570825994685,0.631694556360311,0.023056843475738848,-0.29009071072614384,-16.620973400558483,0.1433141352097156,0.12227477865611736
46.7,-5.388567818287648,0.609444459295528,-5.3960570825994685,0.631694556360311,0.02347670972101001,-0.3029988985675178,-17.360558085031297,0.14355994604979827,0.11834648900088673
46.72,-5.391041876671893,0.607979531358161,-5.3960570825994685,0.631694556360311,0.02423952766347959,-0.3167047728493646,-18.145846835918015,0.14379742468615397,0.11469060892610461
46.74,-5.393516582775525,0.6065066233458227,-5.3960570825994685,0.631694556360311,0.025315728488388554,-0.3313027220110243,-18.982247712427654,0.14402790266849763,0.11125056013527868
46.76,-5.395991893392443,0.6050259627338274,-5.3960570825994685,0.631694556360311,0.026668673301220622,-0.34690358152907086,-19.87611111958822,0.1442514358042324,0.1080266213127068
46.78,-5.398467767498288,0.6035377636931798,-5.3960570825994685,0.631694556360311,0.028259801396705038,-0.36363384950990346,-20.834684865012786,0.1444684562294185,0.1050021692217129
46.8,-5.400944351421355,0.6020421247102327,-5.3960570825994685,0.631694556360311,0.030052489069958145,-0.38163674344730714,-21.866174706647676,0.1446793679037217,0.10216170671595304
46.82,-5.403421062655596,0.6005395505487168,-5.3960570825994685,0.631694556360311,0.03201347512200942,-0.40108416890105486,-22.98043010754271,0.14488425941006078,0.09950380228274103
46.84,-5.405898234984575,0.5990299956324623,-5.3960570825994685,0.631694556360311,0.03411483266572177,-0.4221650659435072,-24.18827653642505,0.145084330177081,0.09697696947585932
46.86,-5.408376008985676,0.597513531223913,-5.3960570825994685,0.631694556360311,0.03633315877657579,-0.44510169277034173,-25.502448449869206,0.14527929484926538,0.09459607877182474
46.88,-5.410854182054556,0.5959904237109038,-5.3960570825994685,0.631694556360311,0.03864892288965133,-0.4701551261987272,-26.937904447627666,0.14546920127447294,0.09236115227073682
46.9,-5.413332726819043,0.5944608231874579,-5.3960570825994685,0.631694556360311,0.041046300310607006,-0.49762791483221974,-28.51197928778177,0.14565459405710968,0.09024983077865478
46.92,-5.4158114618040125,0.5929249623878631,-5.3960570825994685,0.631694556360311,0.04351226165743852,-0.5278731392773555,-30.244902998913954,0.14583572711566184,0.08825261603895296
46.94,-5.41813585285144,0.5914756020000951,-5.3960570825994685,0.631694556360311,0.04588067551451764,-0.5621513032179737,-32.208897122168906,0.13418227818542405,0.26936908391506087
46.96,-5.420411761494932,0.5900397696981453,-5.464766534931422,0.5915672164687208,0.044381066010623464,-0.18685849648456276,-10.706203214725576,0.13464088445807043,0.2595156015755551
46.98,-5.422688902913174,0.5885868368728565,-5.464766534931422,0.5915672164687208,0.042183050847449215,-0.19624066946583474,-11.243762129214133,0.13516385705591993,0.24645348344620732
47.0,-5.424967417505371,0.5871174086459954,-5.464766534931422,0.5915672164687208,0.04004710398457985,-0.20571517370857828,-11.78661123530213,0.13566198887202674,0.23433173131914842
47.02,-5.427247137074603,0.5856322467584884,-5.464766534931422,0.5915672164687208,0.03798590634695532,-0.21531998635735672,-12.336926463091004,0.13613550103741545,0.22314340060947124
47.04,-5.429527906440833,0.5841320617564302,-5.464766534931422,0.5915672164687208,0.03601447574925184,-0.22509405543474736,-12.896939369894815,0.13658626317272216,0.21280837478487857
47.06,-5.431809957859016,0.5826172938191351,-5.464766534931422,0.5915672164687208,0.03415021358297726,-0.23506855478289831,-13.468436085299855,0.13701601393427687,0.20325277405863762
47.08,-5.4340931330318964,0.5810886027717218,-5.464766534931422,0.5915672164687208,0.03241386939414581,-0.2452869569048679,-14.053907400256238,0.1374253861639918,0.19445293007958053
47.1,-5.436376283012776,0.5795472037254636,-5.464766534931422,0.5915672164687208,0.030829970975533517,-0.25581647916822225,-14.65720458623548,0.13781605199461033,0.1863385586692301
47.12,-5.4386600078434535,0.577993147160212,-5.464766534931422,0.5915672164687208,0.02942458350065512,-0.266686069956946,-15.279986263463625,0.13819197486157897,0.178735815140052
47.14,-5.440944532919541,0.576426730386551,-5.464766534931422,0.5915672164687208,0.02822626611258409,-0.27793798046120033,-15.924673246816317,0.13855248759027106,0.17167910693061117
47.16,-5.443229460411003,0.5748486303503122,-5.464766534931422,0.5915672164687208,0.02726456859546306,-0.2896316430736836,-16.594670761561535,0.13889796281771893,0.1651563584970095
47.18,-5.445514718279782,0.5732592712003497,-5.464766534931422,0.5915672164687208,0.026567147086920026,-0.30182365756237184,-17.29322173552572,0.13923023236026566,0.15908987623158843
47.2,-5.4478002435124875,0.5716590470343988,-5.464766534931422,0.5915672164687208,0.02615703069421061,-0.3145755384100144,-18.023850688949345,0.1395502320587827,0.15344194094712993
47.22,-5.4500857197612875,0.5700484932085685,-5.464766534931422,0.5915672164687208,0.026049602392486975,-0.3279589118054065,-18.790661500152982,0.1398588103219467,0.14817860753080225
47.24,-5.452371363079869,0.5684277643530209,-5.464766534931422,0.5915672164687208,0.026250229131272434,-0.3420431883120853,-19.597631101480935,0.14015727287093327,0.14324513902930214
47.26,-5.454657610672791,0.5667968664098889,-5.464766534931422,0.5915672164687208,0.02675370239245056,-0.3569037246609703,-20.4490771155728,0.14044573653704262,0.13864000066532434
47.28,-5.456943688274389,0.56515661099973,-5.464766534931422,0.5915672164687208,0.027544818225178565,-0.3726434520157902,-21.35089706369059,0.1407239375671665,0.13437892238177263
47.3,-5.459230019948487,0.5635069572081838,-5.464766534931422,0.5915672164687208,0.028601243817792502,-0.38935849997137456,-22.308598765904346,0.14099397373628086,0.13037134730498057
47.32,-5.461515688978773,0.5618487732252512,-5.464766534931422,0.5915672164687208,0.029895716553098004,-0.40717431163210316,-23.329369582664054,0.14125551794639257,0.1266353005885401
47.34,-5.4638019625761896,0.5601813898764377,-5.464766534931422,0.5915672164687208,0.0314006450683635,-0.4262054712604262,-24.419774708606724,0.14151065657155293,0.12308002521443928
47.36,-5.466087960224288,0.5585056540357879,-5.464766534931422,0.5915672164687208,0.03308795967283787,-0.44660801466187466,-25.588754336842207,0.14175752767782157,0.1197922067930346
47.38,-5.4683738619830455,0.5568216306648752,-5.464766534931422,0.5915672164687208,0.034932342339295985,-0.4685457049004276,-26.845691399776634,0.14199809843700173,0.11668647129592369
47.4,-5.470659643495401,0.5551295244673724,-5.464766534931422,0.5915672164687208,0.036911165342372716,-0.49220691343357226,-28.201378786904755,0.1422324031009392,0.11376393044770783
47.42,-5.472945281374402,0.5534295289781093,-5.464766534931422,0.5915672164687208,0.03900480868444441,-0.5178057843632189,-29.66808605147364,0.14246080772482017,0.11101069719243739
47.44,-5.475230936460595,0.5517216986966471,-5.464766534931422,0.5915672164687208,0.04119671086249973,-0.545585131708545,-31.25972541198877,0.14268365508929293,0.10841380032933223
47.46,-5.477515869881421,0.5500067222817833,-5.464766534931422,0.5915672164687208,0.04347206250834813,-0.5758234056795777,-32.99225089028924,0.14290100206979517,0.10597310313387176
47.48,-5.4796076624955425,0.5484254289802374,-5.464766534931422,0.5915672164687208,0.04562316182681738,-0.609942160107702,-34.94711152126405,0.1264984569666172,0.3560277576969417
47.5,-5.481623108961409,0.5468798028755698,-5.464766534931422,0.5915672164687208,0.04776095708498483,-0.646929385361438,-37.066323424202814,0.12708167530557368,0.34350627411916523
47.52,-5.483638737746706,0.5453123369645765,-5.530235862716614,0.5463581702811858,0.04660885991726584,-0.23005351868433044,-13.181095682746161,0.12777244430077772,0.325603144187836
47.54,-5.4856557756406525,0.5437230698215865,-5.530235862716614,0.5463581702811858,0.0446578987205229,-0.2413575428082022,-13.828768556558082,0.12842902153118452,0.3090354345597346
47.56,-5.487671873814849,0.542114602474766,-5.530235862716614,0.5463581702811858,0.04277500460499426,-0.25276963644962036,-14.482633357619425,0.12904874917434306,0.29392454130638956
47.58,-5.489687924047574,0.5404870151379885,-5.530235862716614,0.5463581702811858,0.04097079195016471,-0.26430102710712516,-15.143333374211037,0.12964113152684753,0.2798404283749223
47.6,-5.4917037850743915,0.5388411655262467,-5.530235862716614,0.5463581702811858,0.0392584560051976,-0.2759952438937976,-15.813362640798408,0.13020503762000146,0.2668377596315441
47.62,-5.493719759477238,0.5371775359837493,-5.530235862716614,0.5463581702811858,0.03765248785793615,-0.2878859751387446,-16.49465135645821,0.1307426139417256,0.25482324662207123
47.64,-5.495734463244631,0.5354978573187086,-5.530235862716614,0.5463581702811858,0.03617033263834204,-0.30005088713295036,-17.191649471874275,0.1312546633394973,0.24376516607693688
47.66,-5.497748647147228,0.5338021118507678,-5.530235862716614,0.5463581702811858,0.03482920870131609,-0.312514256941006,-17.905747960386638,0.1317466169055148,0.2334229591299808
47.68,-5.499762978912659,0.5320903664183402,-5.530235862716614,0.5463581702811858,0.03364768750446268,-0.3253079653648161,-18.638773457391924,0.13221759970831748,0.22384073800896243
47.7,-5.501775898012961,0.5303644348917934,-5.530235862716614,0.5463581702811858,0.03264612017742788,-0.33851728922917523,-19.39561196504114,0.13266719763000978,0.2150424790614558
47.72,-5.503788409264642,0.5286239769530392,-5.530235862716614,0.5463581702811858,0.03184288628711773,-0.35217216660368234,-20.177978808369076,0.13310080189343765,0.20679077835872306
47.74,-5.505800109839946,0.5268698140557447,-5.530235862716614,0.5463581702811858,0.03125543228015383,-0.3663375798778836,-20.989597204039402,0.1335168589614355,0.1991604257467472
47.76,-5.507810947687017,0.5251024314424613,-5.530235862716614,0.5463581702811858,0.03089794892326525,-0.3810749195130909,-21.83398456638765,0.13391746891997514,0.19206222365175663
47.78,-5.509820879127509,0.5233222798766957,-5.530235862716614,0.5463581702811858,0.030780250188572347,-0.39645010000832315,-22.71491751801632,0.1343037228288324,0.18545210093590114
47.8,-5.51182986581594,0.5215297801254712,-5.530235862716614,0.5463581702811858,0.030906790186494455,-0.4125343944965168,-23.63647970863535,0.13467661006885123,0.1792904177466692
47.82,-5.513837873997615,0.5197253253001201,-5.530235862716614,0.5463581702811858,0.03127622844612003,-0.42940521633925366,-24.60310659714129,0.13503703941020184,0.17354100869837463
47.84,-5.51584514137159,0.5179090587108387,-5.530235862716614,0.5463581702811858,0.03188173160247411,-0.44714335919196246,-25.61942731900165,0.13538584625085726,0.16817083909381747
47.86,-5.517851367120713,0.5160815713439534,-5.530235862716614,0.5463581702811858,0.032711590826050026,-0.4658455299737003,-26.690982772528116,0.13572326196449325,0.16317399463172677
47.88,-5.519856278389714,0.514243396005491,-5.530235862716614,0.5463581702811858,0.03375047403486451,-0.4856157331741234,-27.82373197602839,0.13605060932304625,0.15849527707056943
47.9,-5.521860350952127,0.5123943918962452,-5.530235862716614,0.5463581702811858,0.03498124411021446,-0.5065593579907426,-29.023713285726124,0.13636900349349723,0.15408832798324834
47.92,-5.523863087295946,0.510535271026112,-5.530235862716614,0.5463581702811858,0.03638533190176285,-0.5288037985464049,-30.29822584719522,0.13667806153980777,0.1499742041366492
47.94,-5.525864935405794,0.5086658796711584,-5.530235862716614,0.5463581702811858,0.037944878139048406,-0.5524794858728947,-31.654742808074456,0.13697924418574203,0.14609068360038613
47.96,-5.527864992130303,0.5067872657892234,-5.530235862716614,0.5463581702811858,0.03964186561766544,-0.5777406170361545,-33.10209900945564,0.13727220225816517,0.1424569998847991
47.98,-5.529864125976236,0.504898844878388,-5.530235862716614,0.5463581702811858,0.04146099192083114,-0.6047433151842903,-34.64923964880954,0.13755893310012368,0.13898601803008503
48.0,-5.5318621120948235,0.503001044823422,-5.530235862716614,0.5463581702811858,0.04338761361264755,-0.6336669533242092,-36.306442042390515,0.13783829352909116,0.13573236134434286
48.02,-5.533859140540063,0.5010938954173587,-5.530235862716614,0.5463581702811858,0.04540905990145565,-0.6647052019317821,-38.084802691082245,0.1381110597153956,0.13266401762024316
48.04,-5.535645785177059,0.49937402127632863,-5.530235862716614,0.5463581702811858,0.047294582340249636,-0.6993856168621506,-40.07184409835485,0.11493538674769432,0.4849243346322085
48.06,-5.537293546087813,0.49775809520130265,-5.530235862716614,0.5463581702811858,0.04910985840275234,-0.7365171921180322,-42.19932664718927,0.11546641788284795,0.473340145558665
48.08,-5.5389386648818615,0.4961145152867203,-5.530235862716614,0.5463581702811858,0.050991799661615385,-0.7755280000981756,-44.43448129984675,0.11641588087512034,0.44784196453040437
48.1,-5.5405827072425025,0.49444294839041514,-5.591309749179865,0.4953874695338684,0.05073583451472278,-0.30298104259139746,-17.359535012960514,0.11731921426214598,0.42418867499449675
48.12,-5.542224107122322,0.49274602052838,-5.591309749179865,0.4953874695338684,0.04915666291612791,-0.31717258157299977,-18.172650301401713,0.11817232227420149,0.40255653315224293
48.14,-5.543862720708601,0.4910248734761474,-5.591309749179865,0.4953874695338684,0.04764716943445581,-0.33141334416939294,-18.988585895222805,0.11898392498634891,0.3825440696769711
48.16,-5.545500108618713,0.48927895579269826,-5.591309749179865,0.4953874695338684,0.04621511774807024,-0.3456997832470008,-19.807138558640506,0.11975701811408612,0.3640134002202977
48.18,-5.547134447304422,0.4875110886396311,-5.591309749179865,0.4953874695338684,0.044871980921033776,-0.36013482030984045,-20.63420525945614,0.1204887510517949,0.34709243047381655
48.2,-5.548766159195128,0.4857216910284859,-5.591309749179865,0.4953874695338684,0.04362779300978352,-0.37475038073009204,-21.47161518675501,0.12118801220624142,0.3313828362810911
48.22,-5.550395153189862,0.4839116892110088,-5.591309749179865,0.4953874695338684,0.042493501844913927,-0.3895951576576313,-22.32215825251619,0.12185549075938162,0.3168563245042888
48.24,-5.552020906799326,0.48208240610311287,-5.591309749179865,0.4953874695338684,0.04148057194035828,-0.4047296603990178,-23.18930138462681,0.12249356136457834,0.30341026176272656
48.26,-5.553644664240208,0.48023325001621625,-5.591309749179865,0.4953874695338684,0.04059937182643032,-0.420170070467091,-24.073971715478706,0.12310576031517861,0.2908910234861173
48.28,-5.555265101324908,0.47836638383716373,-5.591309749179865,0.4953874695338684,0.03986143496266038,-0.43600055339788923,-24.98099157506734,0.12369004621159974,0.27939479455008076
48.3,-5.55688258942105,0.47648203005553397,-5.591309749179865,0.4953874695338684,0.03927651933315809,-0.4522626246445731,-25.912739623643372,0.12425228467112248,0.2686659139539138
48.32,-5.558497101223952,0.47458083406361845,-5.591309749179865,0.4953874695338684,0.03885339039865801,-0.4690101061057393,-26.872299628841784,0.12479283516468875,0.2586939384613407
48.34,-5.560108965191392,0.47266301590985205,-5.591309749179865,0.4953874695338684,0.03859908954891801,-0.48629221828274316,-27.862491717655754,0.12531321463615797,0.24941722128857258
48.36,-5.561717805253403,0.4707295634719991,-5.591309749179865,0.4953874695338684,0.03851876785026754,-0.5041756381863225,-28.8871362013911,0.12581390442369944,0.2408204981202422
48.38,-5.563323287315438,0.46878136125418857,-5.591309749179865,0.4953874695338684,0.03861511421035907,-0.5227271243650047,-29.95005806312487,0.12629726476580672,0.23280491893595823
48.4,-5.564925732494415,0.4668185022236954,-5.591309749179865,0.4953874695338684,0.03888833024993255,-0.5420044446043719,-31.054567153162736,0.12676527927881764,0.22528786695397152
48.42,-5.566525436369508,0.4648411028202038,-5.591309749179865,0.4953874695338684,0.03933627690678525,-0.5620710320265894,-32.2042979216861,0.12721811012945672,0.21826767506671896
48.44,-5.568121808863994,0.4628502977214497,-5.591309749179865,0.4953874695338684,0.03995432549353362,-0.5830075322021395,-33.403871019520025,0.12765604951945342,0.2117371432580617
48.46,-5.569713498914627,0.4608480844337792,-5.591309749179865,0.4953874695338684,0.04073533047136157,-0.6049041743688046,-34.65845620117813,0.12808148296645783,0.20559536909381393
48.48,-5.571303761579122,0.45883082222641375,-5.591309749179865,0.4953874695338684,0.04167286889863364,-0.6277993584590366,-35.97025362072349,0.12849820130211853,0.19967733213333005
48.5,-5.572891002268303,0.4568009280252018,-5.591309749179865,0.4953874695338684,0.04275712131788354,-0.6517983614021965,-37.3452952018886,0.12889933137851806,0.19429488551325758
48.52,-5.574475467145606,0.4547584439095226,-5.591309749179865,0.4953874695338684,0.04397852629173363,-0.6769878260174234,-38.788545212535226,0.12928953588455805,0.18924565806710536
48.54,-5.576056669882589,0.4527042993002861,-5.591309749179865,0.4953874695338684,0.045326696871026806,-0.7034638554559338,-40.305509957626,0.12966903704665356,0.18452471056251696
48.56,-5.577634859847184,0.450638473015755,-5.591309749179865,0.4953874695338684,0.04679182928289064,-0.7313198937866465,-41.90154338793048,0.1300395027529433,0.1800616449387782
48.58,-5.578995349674703,0.4488384086231608,-5.591309749179865,0.4953874695338684,0.04815038428550164,-0.7624150307337687,-43.683163498381894,0.10326502764139711,0.5676817211114349
48.6,-5.5802303315268,0.44716644209720324,-5.591309749179865,0.4953874695338684,0.04947747954957544,-0.795255511608441,-45.564784449680715,0.10406351898768484,0.5518818564270722
48.62,-5.581459635634568,0.44546385035377245,-5.591309749179865,0.4953874695338684,0.05088607362426862,-0.8290263211526394,-47.499709307303405,0.10517233074520682,0.5237547184183677
48.64,-5.582681719769455,0.4437337829111925,-5.591309749179865,0.4953874695338684,0.052369325308051384,-0.8638315405936532,-49.493901486300174,0.1062282783280466,0.49767913020692944
48.66,-5.583900822427378,0.44197164125970445,-5.591309749179865,0.4953874695338684,0.053927200055618435,-0.8996583828583389,-51.546628341347585,0.10723928194544818,0.4732896649101148
48.68,-5.58511311807341,0.4401839203592922,-5.591309749179865,0.4953874695338684,0.055550248231122513,-0.9366669202727427,-53.66706134114492,0.10819073917218702,0.4512182340610238
48.7,-5.5863207152321905,0.43836869908823556,-5.591309749179865,0.4953874695338684,0.057236619771461175,-0.9748837433950404,-55.856724012450556,0.10910200421592187,0.4306121448055533
48.72,-5.587522425232449,0.43652875801173996,-5.645923367733245,0.4375826007276592,0.058410450002129,-0.43239858302918677,-24.774613875009504,0.10996734972650302,0.4117193477404246
48.74,-5.588717701868121,0.43466583806421644,-5.645923367733245,0.4375826007276592,0.05727997653200575,-0.4481659900337589,-25.6780197502365,0.11079456698510626,0.39420169187454057
48.76,-5.589906990092914,0.4327801761841375,-5.645923367733245,0.4375826007276592,0.0562218626998466,-0.4640613450757951,-26.58875650800717,0.11158822566810223,0.3778634998891084
48.78,-5.5910911249245885,0.430871435516683,-5.645923367733245,0.4375826007276592,0.055241420962141526,-0.480100475045746,-27.507730962347143,0.11234885412823026,0.3626856805910572
48.8,-5.592268812463918,0.42894247013408116,-5.645923367733245,0.4375826007276592,0.05434577405671372,-0.49636379110476936,-28.439550333416516,0.11307574327350522,0.34870418087806776
48.82,-5.593440079738623,0.4269939977927282,-5.645923367733245,0.4375826007276592,0.05354076980059316,-0.5128879696507824,-29.38631602402369,0.11377594793766654,0.3356206068444445
48.84,-5.5946053280740085,0.4250261227156964,-5.645923367733245,0.4375826007276592,0.052831868550449024,-0.5297003453291498,-30.349594193982533,0.114451114225389,0.32336999611692896
48.86,-5.595764576848243,0.42303954524627396,-5.645923367733245,0.4375826007276592,0.052224560943870665,-0.546840298993235,-31.33164119998441,0.1151015294027058,0.31194652648613985
48.88,-5.596918181762431,0.42103439193935327,-5.645923367733245,0.4375826007276592,0.05172379980372126,-0.5643398527735783,-32.334291774960285,0.11572884949879736,0.3012858789397388
48.9,-5.598065516836795,0.41901237147742304,-5.645923367733245,0.4375826007276592,0.05133446509737129,-0.5822549680590767,-33.36075227030965,0.11633355338767082,0.2913749220961881
48.92,-5.599206931675158,0.4169735017563221,-5.645923367733245,0.4375826007276592,0.05106035995152929,-0.600617818832728,-34.41286611946841,0.1169192765205107,0.282064095265544
48.94,-5.6003424620244875,0.4149183205048853,-5.645923367733245,0.4375826007276592,0.050904700797147436,-0.6194691472412233,-35.492967675490256,0.11748619796061455,0.2733526792769725
48.96,-5.6014721437419155,0.41284733488473907,-5.645923367733245,0.4375826007276592,0.05086987999442615,-0.6388504005788662,-36.60343169341104,0.11803551674534063,0.2651959816457605
48.98,-5.602596281476046,0.4107605596647137,-5.645923367733245,0.4375826007276592,0.05095741644080007,-0.6587992406836052,-37.746416037593896,0.11856835571877333,0.2575524352349534
49.0,-5.603714387310297,0.40865938357830106,-5.645923367733245,0.4375826007276592,0.051167866074459126,-0.6793675979280877,-38.92489609922007,0.11908498929984468,0.25041729537822466
49.02,-5.604827002935415,0.40654330780665304,-5.645923367733245,0.4375826007276592,0.05150096023019761,-0.7005905719934287,-40.14088294187972,0.11958796443418684,0.24368652272344082
49.04,-5.60593368143308,0.40441361864342323,-5.645923367733245,0.4375826007276592,0.05195533064941464,-0.7225189483482102,-41.397286358583166,0.12007668363485102,0.23739262904831637
49.06,-5.60703469751133,0.4022702324772239,-5.645923367733245,0.4375826007276592,0.0525289636589495,-0.7451931174889204,-42.69642055431163,0.12055335706206982,0.2314452931356792
49.08,-5.608129868203018,0.4001139062518064,-5.645923367733245,0.4375826007276592,0.05321890333768742,-0.7686592617641854,-44.0409315827294,0.12101803184982884,0.22584821779858544
49.1,-5.609219450368722,0.3979445382661978,-5.645923367733245,0.4375826007276592,0.05402178769348956,-0.7929587971505825,-45.43319240449875,0.12147196711671526,0.2205516314646161
49.12,-5.610149691156766,0.3960650642918526,-5.645923367733245,0.4375826007276592,0.05480384810847736,-0.8199453859167439,-46.979410044254955,0.09717666366051425,0.5539363610079784
49.14,-5.610999549125462,0.39430007159318864,-5.645923367733245,0.4375826007276592,0.05561519967082425,-0.8482290068944116,-48.59994215562299,0.09808367699593035,0.5380588862780034
49.16,-5.61183958234497,0.3925071462219782,-5.645923367733245,0.4375826007276592,0.056511069935789734,-0.8769807294638934,-50.247294512585334,0.09916455801350921,0.5139363373540817
49.18,-5.612670096560016,0.3906868093943374,-5.645923367733245,0.4375826007276592,0.057489088429882214,-0.9062264607685735,-51.92295148511713,0.10019966745673514,0.4914182517223864
49.2,-5.613491058967625,0.38884027494988116,-5.645923367733245,0.4375826007276592,0.058546297697596304,-0.9360119120678843,-53.629532135460096,0.10118925938931156,0.47048770896118697
49.22,-5.6143024494121985,0.3869687081228672,-5.645923367733245,0.4375826007276592,0.05967954926166702,-0.966377726697979,-55.36936515524113,0.1021365139739494,0.45101250397805437
49.24,-5.615104670642997,0.38507234537824264,-5.645923367733245,0.4375826007276592,0.060886115060836576,-0.9973510020352717,-57.14400310976465,0.10304438154622453,0.4328723561025649
49.26,-5.615897005428172,0.38315386316396727,-5.645923367733245,0.4375826007276592,0.062161643366732036,-1.0289792286360226,-58.95616700747108,0.10391375429081862,0.4160348112247636
49.28,-5.616679862958598,0.3812133239148963,-5.645923367733245,0.4375826007276592,0.0635033695161028,-1.0612764341838052,-60.806660575425525,0.10475087517947124,0.4002467805769294
49.3,-5.617453304993204,0.37925158793456365,-5.645923367733245,0.4375826007276592,0.06490802358638073,-1.0942588696044033,-62.6964149230886,0.10555610515252667,0.3854998600671955
49.32,-5.618217704668146,0.3772687525451951,-5.645923367733245,0.4375826007276592,0.06637291652816052,-1.1279312680668057,-64.62570124106705,0.10633152895138664,0.3717151158089127
49.34,-5.618972545730212,0.3752670364844233,-5.645923367733245,0.4375826007276592,0.06789386094185565,-1.1623039109701903,-66.59510861014128,0.10707771613387429,0.3588771804002855
49.36,-5.619718464785577,0.3732457392159979,-5.645923367733245,0.4375826007276592,0.06946890446572057,-1.197361619616596,-68.60376735497962,0.10779932187734431,0.3468015913232758
49.38,-5.620455276263289,0.3712062423475429,-5.690185948669173,0.3715982264589404,0.06973177414722975,-0.5770657350715724,-33.063431121215594,0.10849534017922657,0.3355385226860852
49.4,-5.6211825753618045,0.3691504250427217,-5.690185948669173,0.3715982264589404,0.06904677588105977,-0.5935376449797751,-34.00720203947533,0.1091686698404537,0.324976587798842
49.42,-5.621900930196564,0.3670775320536034,-5.690185948669173,0.3715982264589404,0.06843449733658426,-0.6102714095186597,-34.965976122919095,0.10982284779159635,0.3149768017890464
49.44,-5.622610432340555,0.36498811204630355,-5.690185948669173,0.3715982264589404,0.06789804135339576,-0.627294865759255,-35.941348318230844,0.11045680131100966,0.3055916526217839
49.46,-5.6233113803189045,0.3628821118025454,-5.690185948669173,0.3715982264589404,0.06744018495480389,-0.6446302821469696,-36.93459451334882,0.11107173867777043,0.2967790786495561
49.48,-5.624003653997992,0.3607606385208982,-5.690185948669173,0.3715982264589404,0.06706377144373747,-0.6623123156238544,-37.94770040478335,0.1116679406086174,0.2885359031962187
49.5,-5.624687529389443,0.3586236084452204,-5.690185948669173,0.3715982264589404,0.06677112879639852,-0.6803640638840891,-38.981989392927424,0.112247485368977,0.2807834577905899
49.52,-5.625362900482377,0.356472033846503,-5.690185948669173,0.3715982264589404,0.06656447460302144,-0.6988185970710483,-40.0393562574243,0.11281060277434918,0.2735202136938675
49.54,-5.6260296713830895,0.3543068410785854,-5.690185948669173,0.3715982264589404,0.06644561628565719,-0.7177068463436438,-41.121573223135066,0.11335909585175052,0.26667801770019484
49.56,-5.626688091796577,0.3521278644670676,-5.690185948669173,0.3715982264589404,0.06641590790998222,-0.7370514251302465,-42.2299359440657,0.11389450454739602,0.26019867527593554
49.58,-5.627338238647437,0.34993546524991065,-5.690185948669173,0.3715982264589404,0.06647638586878563,-0.7568792066164804,-43.36598414033454,0.11441684570145938,0.25408813806304664
49.6,-5.627980185546604,0.34772998688642714,-5.690185948669173,0.3715982264589404,0.06662769563741552,-0.777216865475275,-44.531246158120325,0.11492685513996292,0.24832175417599522
49.62,-5.628614151801049,0.3455112781016312,-5.690185948669173,0.3715982264589404,0.06687013566732512,-0.7980886701327945,-45.727112475817684,0.11542522856475834,0.24287622751362203
49.64,-5.629240060500692,0.34328014434070087,-5.690185948669173,0.3715982264589404,0.06720353457594608,-0.8195231378816352,-46.95521701393554,0.11591207012573435,0.2377535403730313
49.66,-5.6298579760880045,0.34103687506162333,-5.690185948669173,0.3715982264589404,0.06762736483838856,-0.8415453403964483,-48.216996273616715,0.11638860174465471,0.2329071798207183
49.68,-5.630467960714618,0.33878174338470507,-5.690185948669173,0.3715982264589404,0.06814073412212336,-0.864179428685615,-49.51383400571245,0.11685538537746787,0.22831841668013997
49.7,-5.6309930962600045,0.3367941135751651,-5.690185948669173,0.3715982264589404,0.06866673175534263,-0.8891289449684712,-50.94333598961303,0.09733194106287257,0.4969700840362634
49.72,-5.631475910597455,0.33489164026319185,-5.690185948669173,0.3715982264589404,0.06924046534020749,-0.9150615433134492,-52.429164426588216,0.09818200006335154,0.48317423384458547
49.74,-5.631944671192515,0.3329678426782327,-5.690185948669173,0.3715982264589404,0.06988814601316787,-0.9413446031617909,-53.93507282858795,0.09914972811815304,0.4639431404651617
49.76,-5.632400331191766,0.3310206526664378,-5.690185948669173,0.3715982264589404,0.0706096104091447,-0.9679658820967192,-55.46035975679986,0.10008338373035386,0.4457908845467706
49.78,-5.632842591592157,0.32905285923427074,-5.690185948669173,0.3715982264589404,0.07140286319990392,-0.9949731484336783,-57.00776213409336,0.10097859595332714,0.4288995412576879
49.8,-5.6332718376093895,0.32706442787483875,-5.690185948669173,0.3715982264589404,0.07226669533093863,-1.022379143037077,-58.57800995822642,0.10184146244163195,0.4130282352349246
49.82,-5.633688048804563,0.32505700478072297,-5.690185948669173,0.3715982264589404,0.0731990300783586,-1.0502103515421002,-60.17262074431285,0.10267228030644837,0.3981724018237154
49.84,-5.6340915856727865,0.32303051545362715,-5.690185948669173,0.3715982264589404,0.0741983834882271,-1.0784740565058353,-61.792011752137824,0.10347456744570493,0.38419727649063873
49.86,-5.634482797080471,0.32098494441233577,-5.690185948669173,0.3715982264589404,0.07526317437128899,-1.1071766263150047,-63.43654786338285,0.10424855205131145,0.37110196826672937
49.88,-5.634861860481786,0.3189210692793544,-5.690185948669173,0.3715982264589404,0.0763913452053868,-1.1363277720854819,-65.10678548400183,0.10499468458236016,0.3588773624380037
49.9,-5.635228361421089,0.316842440049796,-5.690185948669173,0.3715982264589404,0.07757920173225936,-1.1659474281827296,-66.80386676900306,0.10571488423014586,0.34745526117485603
49.92,-5.635583149381304,0.31474604554664903,-5.690185948669173,0.3715982264589404,0.07882662091295806,-1.1960123891309187,-68.52646214255994,0.10641550580512416,0.3365855676240592
49.94,-5.635926274837196,0.31263324444650004,-5.690185948669173,0.3715982264589404,0.08013102587687207,-1.226521654310795,-70.2745142734123,0.10709193784999016,0.3264650051915119
49.96,-5.636257902554561,0.3105046434355382,-5.690185948669173,0.3715982264589404,0.0814902450872313,-1.2574652332859861,-72.04745075172049,0.10774689197430298,0.3169927637675096
49.98,-5.636578078152604,0.3083614289115155,-5.7177325114804445,0.29719352462692,0.08191925374948712,-0.6258387277386948,-35.85791775526421,0.10838182472769908,0.30811882710646277
50.0,-5.636886848016873,0.30620467774181154,-5.7177325114804445,0.29719352462692,0.08134631018875434,-0.6421805523682163,-36.794235336078735,0.10899894977702829,0.29976123373520736
50.02,-5.637184261658875,0.3040353757140697,-5.7177325114804445,0.29719352462692,0.08083830450731033,-0.6588126545984847,-37.74718459830324,0.10960014376464322,0.2918506433763346
50.04,-5.637470731384476,0.30185211299236975,-5.7177325114804445,0.29719352462692,0.08039686430285882,-0.6757412920679917,-38.71712407821302,0.11018700928855374,0.2843279411762767
50.06,-5.637746316888126,0.2996558930758375,-5.7177325114804445,0.29719352462692,0.08002408752206057,-0.6929944770297445,-39.705658759680034,0.11075792198309564,0.27726799450011885
50.08,-5.638011152329761,0.29744709449828016,-5.7177325114804445,0.29719352462692,0.07972176241473805,-0.7105948103304953,-40.71408357583661,0.11131457595703331,0.2706082410758315
50.1,-5.638265441949622,0.2952255339199893,-5.7177325114804445,0.29719352462692,0.07949143430105593,-0.7285613388766503,-41.74348983403261,0.11185779036626542,0.26432186155278536
50.12,-5.638509171958953,0.29299263497375916,-5.7177325114804445,0.29719352462692,0.07933463933752753,-0.746923024252981,-42.79553691084344,0.11238769136578952,0.2584109450987082
50.14,-5.638742522524298,0.29074816520045227,-5.7177325114804445,0.29719352462692,0.07925251424042311,-0.7656980727702176,-43.871267951034454,0.11290628653193302,0.25279769992947454
50.16,-5.63896560751658,0.28849242235565015,-5.7177325114804445,0.29719352462692,0.079246036751296,-0.7849078816237334,-44.97190892359395,0.11341356590683915,0.24748874554503253
50.18,-5.639178535615895,0.28622569043845186,-5.7177325114804445,0.29719352462692,0.07931595369731081,-0.8045735289629767,-46.09866751752527,0.11391013608501588,0.24246447989983988
50.2,-5.639381357811368,0.28394872229876,-5.7177325114804445,0.29719352462692,0.07946274642867074,-0.8247171081252394,-47.25280958781059,0.11439657232497069,0.23770627579300374
50.22,-5.639574269110806,0.2816607970271874,-5.7177325114804445,0.29719352462692,0.07968673965597174,-0.8453552835236879,-48.43528993499242,0.11487388815925037,0.23317603421058042
50.24,-5.639757322087768,0.2793626489673565,-5.7177325114804445,0.29719352462692,0.07998793838830029,-0.8665091045505326,-49.647314600405714,0.11534159930040033,0.22890005764608645
50.26,-5.639930564124958,0.27705496727810225,-5.7177325114804445,0.29719352462692,0.08036606562721306,-0.8881976613998446,-50.88997737160084,0.11580068220946593,0.22484142153833542
50.28,-5.640073920302175,0.27498522384956736,-5.7177325114804445,0.29719352462692,0.08077168691571912,-0.911918428291604,-52.24907720131231,0.10087072360533966,0.42898910774358257
50.3,-5.640197079882178,0.2729574605450471,-5.7177325114804445,0.29719352462692,0.08123502911497063,-0.9363306188729441,-53.64779269029212,0.10165358019804671,0.416548973893871
50.32,-5.640304383252913,0.2709130034716824,-5.7177325114804445,0.29719352462692,0.08176662419966894,-0.9610828541506573,-55.06599130521992,0.10248916617432435,0.401560753225394
50.34,-5.640396188775068,0.268851539047451,-5.7177325114804445,0.29719352462692,0.08236610319893063,-0.9861814428075253,-56.50403450699337,0.10329678414913168,0.38743087698300815
50.36,-5.6404727867634525,0.26677377495399923,-5.7177325114804445,0.29719352462692,0.08303268171935999,-1.0116460603619954,-57.96304961977926,0.10407588486827102,0.3741881883606579
50.38,-5.640534459553406,0.26468038016541706,-5.7177325114804445,0.29719352462692,0.08376540923379014,-1.037493728130142,-59.44401189315039,0.10482823405375541,0.3617698181934692
50.4,-5.640581481237327,0.2625719805728617,-5.7177325114804445,0.29719352462692,0.08456318809187287,-1.0637384415766133,-60.94772320816344,0.10555549920314711,0.35011706353060834
50.42,-5.640614117210522,0.26044916211740615,-5.7177325114804445,0.29719352462692,0.08542479096258718,-1.0903910298400488,-62.4748040287582,0.10625922915834529,0.33917602568489524
50.44,-5.64063262385688,0.2583124737575709,-5.7177325114804445,0.29719352462692,0.08634887832665333,-1.1174590079623559,-64.02568493511885,0.10694086352303067,0.32889713327211023
50.46,-5.64063726955665,0.25616176935777807,-5.7177325114804445,0.29719352462692,0.08733430750716002,-1.1449432146447494,-65.60041398128524,0.10760174145851842,0.3192347120090089
50.48,-5.640628286104691,0.2539982294168719,-5.7177325114804445,0.29719352462692,0.0883792684914186,-1.1728484090064246,-67.1992638447015,0.10824214336841997,0.3101864928806153
50.5,-5.6406058887936865,0.25182292805265794,-5.7177325114804445,0.29719352462692,0.08948188062714132,-1.2011733946422745,-68.82216597640438,0.10886432599934714,0.3016688954887714
50.52,-5.640570286473104,0.24963624020879607,-5.724262423749378,0.21812439225721794,0.0894280179988021,-0.5907926137362968,-33.84992333459247,0.10947021907146137,0.293610599423344
50.54,-5.640521683626508,0.2474373383499942,-5.724262423749378,0.21812439225721794,0.08872294159327732,-0.6060892094611862,-34.72635371054649,0.11006066358971722,0.2859844302227632
50.56,-5.640460294502032,0.24522721800444616,-5.724262423749378,0.21812439225721794,0.08807587654899376,-0.6216466846000432,-35.617731375882705,0.1106349203018997,0.27882892432551376
50.58,-5.640386311706126,0.24300623754351644,-5.724262423749378,0.21812439225721794,0.08748890441846595,-0.6374865541183967,-36.52528904732228,0.11119472480358716,0.272079972342687
50.6,-5.640299911629166,0.2407741859506323,-5.724262423749378,0.21812439225721794,0.08696388098452755,-0.6536264032474057,-37.450034284392395,0.11174090943524284,0.265710299470201
50.62,-5.640201323156108,0.2385335477876614,-5.724262423749378,0.21812439225721794,0.08650319220940732,-0.6701021999106105,-38.394027897309755,0.11227360396954822,0.2597219143973817
50.64,-5.640090616560579,0.23628191661893447,-5.724262423749378,0.21812439225721794,0.08610800669144925,-0.6869169625221077,-39.357442828462915,0.11279604199212478,0.2539849830857088
50.66,-5.639968004492219,0.2340206551171472,-5.724262423749378,0.21812439225721794,0.08578018588703194,-0.7040992164107218,-40.34191345880275,0.11330573303842684,0.24861104948148416
50.68,-5.639833678679844,0.2317510317093912,-5.724262423749378,0.21812439225721794,0.08552133240762734,-0.7216749634978099,-41.34892958868225,0.11380456731879818,0.24352669321991982
50.7,-5.639687682926305,0.2294712894455584,-5.724262423749378,0.21812439225721794,0.08533251936449987,-0.739655350177384,-42.37912985943509,0.11429416288368799,0.23866841282860207
50.72,-5.639530243548115,0.2271831576469643,-5.724262423749378,0.21812439225721794,0.08521504322621597,-0.7580683152159382,-43.43411504446618,0.11477295719410918,0.23410892071695777
50.74,-5.639361434987795,0.2248859037346032,-5.724262423749378,0.21812439225721794,0.08516980644661147,-0.7769310528135105,-44.514870298869816,0.11524299883336475,0.22976570743404867
50.76,-5.639181418001684,0.22258022832922753,-5.724262423749378,0.21812439225721794,0.08519760568314022,-0.7962660987012671,-45.62268682493004,0.11570383321268807,0.22566374149324275
50.78,-5.638990341698652,0.22026679011813152,-5.724262423749378,0.21812439225721794,0.08529899088418452,-0.8160946115542451,-46.758776925426595,0.11615639128623734,0.2217676977850358
50.8,-5.638788252662562,0.21794487541629348,-5.724262423749378,0.21812439225721794,0.08547435960142973,-0.8364342287815882,-47.92415114946493,0.11660148509982093,0.21804652131751645
50.82,-5.638575298990934,0.2156151273610498,-5.724262423749378,0.21812439225721794,0.08572385758753732,-0.8573052368082787,-49.11997182357797,0.11703869449628534,0.21452318666292935
50.84,-5.638351551273562,0.21327729610348933,-5.724262423749378,0.21812439225721794,0.08604750054870532,-0.8787258531058859,-50.347282732000004,0.11746879787035702,0.21116772286722263
50.86,-5.638117148851052,0.2109319923480368,-5.724262423749378,0.21812439225721794,0.08644500566118221,-0.9007142128804715,-51.607122945498986,0.11789180440948677,0.2079840096619323
50.88,-5.637890632471426,0.20877976096028006,-5.724262423749378,0.21812439225721794,0.08687582208323476,-0.9244707375312802,-52.968271543888825,0.10624148639379882,0.3694541005527796
50.9,-5.637651454835011,0.20665669324214492,-5.724262423749378,0.21812439225721794,0.08736685903124664,-0.9488891554755478,-54.36734383448188,0.10692810931360874,0.35918096701836877
50.92,-5.63739550689713,0.20452115404908067,-5.724262423749378,0.21812439225721794,0.08792558975157741,-0.9737188312108807,-55.78997946079484,0.10764955318962599,0.3471554304840252
50.94,-5.637123141763596,0.20237350424748324,-5.724262423749378,0.21812439225721794,0.08855136892274913,-0.9989723850202925,-57.23690151178066,0.10834747171344361,0.3358575920131557
50.96,-5.636834651496436,0.20021358777929912,-5.724262423749378,0.21812439225721794,0.08924355594752263,-1.0246615643160377,-58.708783064581716,0.10902257625109435,0.3252645324053338
50.98,-5.636530470036329,0.19804259838466248,-5.724262423749378,0.21812439225721794,0.09000096748062485,-1.050805937258544,-60.20674529220336,0.10967522392921758,0.3153703260455609
51.0,-5.636210922981795,0.195860986705084,-5.724262423749378,0.21812439225721794,0.09082249729115836,-1.077415903056841,-61.73138402543324,0.11030794342445915,0.3060787279784982
51.02,-5.635876247119931,0.1936685620088426,-5.724262423749378,0.21812439225721794,0.09170716358229132,-1.1044955407630728,-63.282932976743645,0.1109219592016597,0.2973471159534169
51.04,-5.635527059659634,0.19146813096191068,-5.71122030912326,0.13979379904641068,0.09164990230914585,-0.5198524797742241,-29.78535306047303,0.11151752659590564,0.2891733460624879
51.06,-5.635163277543172,0.1892576297462885,-5.71122030912326,0.13979379904641068,0.09072674688470174,-0.533938079775407,-30.59239849245028,0.11209914279719513,0.28137643638403986
51.08,-5.63478534925055,0.18703856057625068,-5.71122030912326,0.13979379904641068,0.08985750153857079,-0.5482575835673444,-31.412845624449872,0.11266423474407539,0.2740715765076063
51.1,-5.634393435651703,0.18481067014615374,-5.71122030912326,0.13979379904641068,0.08904429892489187,-0.5628270601395984,-32.24761514175475,0.11321529984247292,0.26716108324720267
51.12,-5.6339876183237765,0.1825732036569586,-5.71122030912326,0.13979379904641068,0.08828910457673494,-0.5776599276245874,-33.09747584672145,0.1137523862074108,0.2606499526264239
51.14,-5.633568410733824,0.1803280758421895,-5.71122030912326,0.13979379904641068,0.08759477677829952,-0.5927925438175699,-33.964510887570675,0.11427498833960215,0.2545672062514992
51.16,-5.633135851457384,0.17807451952519848,-5.71122030912326,0.13979379904641068,0.08696318812778842,-0.6082392009303841,-34.84953914772066,0.11478594757692306,0.24879903548158389
51.18,-5.63269033307224,0.1758138050259854,-5.71122030912326,0.13979379904641068,0.08639674744654677,-0.6240296755126311,-35.75426669779202,0.11528469928303586,0.24337604446478256
51.2,-5.632231785713336,0.17354470277266618,-5.71122030912326,0.13979379904641068,0.0858970915271239,-0.6401773183648047,-36.67945848230616,0.11577307827010941,0.2382256558930429
51.22,-5.631760766795351,0.17126937667034514,-5.71122030912326,0.13979379904641068,0.08546654815611303,-0.6567168493397658,-37.62710380229733,0.11625004462127997,0.233398864714629
51.24,-5.63127725897872,0.16898707124928297,-5.71122030912326,0.13979379904641068,0.0851066296379046,-0.6736652926682087,-38.59817807433376,0.11671829038930603,0.2287847409293553
51.26,-5.6307813461691145,0.1666975380194323,-5.71122030912326,0.13979379904641068,0.0848188536344775,-0.6910440439147065,-39.5939071739658,0.11717724410877928,0.22441300115916274
51.28,-5.630273378913915,0.16440187825995226,-5.71122030912326,0.13979379904641068,0.08460474616058203,-0.7088807452309707,-40.61587487982318,0.11762694445986988,0.22028727682255056
51.3,-5.62975323679542,0.16209895628284962,-5.71122030912326,0.13979379904641068,0.08446540068579483,-0.727194330614719,-41.665166030064434,0.11806875673134876,0.2163525307558034
51.32,-5.629221353393271,0.15979026349800965,-5.71122030912326,0.13979379904641068,0.08440193914462361,-0.7460134444984665,-42.743421829779216,0.11850185526829371,0.21265006234394424
51.34,-5.628677949694875,0.15747636247664965,-5.71122030912326,0.13979379904641068,0.08441512986111621,-0.7653619839508432,-43.852011480142764,0.11892789588721087,0.20911108598142825
51.36,-5.6281228713558455,0.15515614585516502,-5.71122030912326,0.13979379904641068,0.08450553746933871,-0.7852603964629268,-44.99210653609546,0.11934753365010486,0.2057099101032689
51.38,-5.6275562566000215,0.1528297818280415,-5.71122030912326,0.13979379904641068,0.08467355272866635,-0.8057328582531227,-46.16509219291653,0.1197599738235855,0.20248585320958856
51.4,-5.626978327556818,0.15049782999033928,-5.71122030912326,0.13979379904641068,0.08491930132007282,-0.8268034926538367,-47.37235061574061,0.12016559034231378,0.19942626006907993
51.42,-5.626389200952315,0.1481604290709104,-5.71122030912326,0.13979379904641068,0.08524269711522214,-0.8484949574483187,-48.61517999992104,0.12056505478086343,0.1965045750934591
51.44,-5.625789171501127,0.1458184768342195,-5.71122030912326,0.13979379904641068,0.08564330690637043,-0.870828690750876,-49.89480865892834,0.12095864826928704,0.19371139351020972
51.46,-5.625178056221821,0.14347093970646876,-5.71122030912326,0.13979379904641068,0.08612079103090665,-0.8938255513820446,-51.21243171514486,0.12134718832870206,0.19101215800843008
51.48,-5.624594109543245,0.14126965018099893,-5.71122030912326,0.13979379904641068,0.08663877071062437,-0.9183792513680825,-52.619255095775266,0.11198638538609806,0.32238914914939354
51.5,-5.624003248467583,0.1390981986021328,-5.71122030912326,0.13979379904641068,0.0872198344953385,-0.9437084377905858,-54.07051057628477,0.11257972608800237,0.3142086265656152
51.52,-5.623395711665384,0.13691899942525876,-5.71122030912326,0.13979379904641068,0.08787163587586046,-0.969585788531586,-55.55317355872381,0.11320977944704325,0.3042058173752249
51.54,-5.6227718508561155,0.13473227597872925,-5.71122030912326,0.13979379904641068,0.08859316444060185,-0.9960248993574214,-57.068023023122834,0.11382119192604456,0.294772147756972
51.56,-5.622131734083062,0.132537198460151,-5.71122030912326,0.13979379904641068,0.08938362520485219,-1.0230337638399858,-58.61551696741456,0.11441450969069678,0.2858902661295737
51.58,-5.6214759090092485,0.1303347134663178,-5.6828651057616835,0.06554411202231442,0.08925500273589633,-0.454879105695293,-26.062652945025576,0.11498895478911919,0.27760093371687056
51.6,-5.620804583161716,0.12812460815378957,-5.6828651057616835,0.06554411202231442,0.08813527648701544,-0.46793048096993045,-26.8104416651037,0.11554664345738708,0.2698216463342673
51.62,-5.620118402890698,0.12590826825312215,-5.6828651057616835,0.06554411202231442,0.08706882380414394,-0.4812020326511095,-27.57084556402501,0.1160878426087475,0.2625486542834343
51.64,-5.619417516760443,0.12368543104015484,-5.6828651057616835,0.06554411202231442,0.08605817524909909,-0.49471040105066844,-28.344818061427627,0.11661512181633249,0.25567885320099126
51.66,-5.61870208001169,0.12145586447445529,-5.6828651057616835,0.06554411202231442,0.08510592186013767,-0.508474142292157,-29.133422344875076,0.1171285404637068,0.24921629639074183
51.68,-5.617972680301277,0.11922080807254953,-5.6828651057616835,0.06554411202231442,0.084215287098031,-0.5225264204494444,-29.938558575831518,0.1176282655691363,0.24316066707885664
51.7,-5.6172294247240515,0.11697999619706143,-5.6828651057616835,0.06554411202231442,0.08338880504067527,-0.5368862012324942,-30.761313409433335,0.11811640359313813,0.23742720490216307
51.72,-5.616472426441531,0.11473318941405315,-5.6828651057616835,0.06554411202231442,0.08262900944558806,-0.5515742938424213,-31.60287912507945,0.11859297804250879,0.23202075836781244
51.74,-5.615702223051136,0.11248150864252543,-5.6828651057616835,0.06554411202231442,0.08193883093792402,-0.5666227400444508,-32.46509158068542,0.11905810084948953,0.22694255503719063
51.76,-5.614918887221292,0.11022468837568881,-5.6828651057616835,0.06554411202231442,0.08132061557322545,-0.5820531559364202,-33.34918928742685,0.11951350942132066,0.2221222541409773
51.78,-5.614122635498999,0.1079629094300899,-5.6828651057616835,0.06554411202231442,0.08077673917247417,-0.5978913997970754,-34.256653815541384,0.11995920002028093,0.217565142642262
51.8,-5.613313674001366,0.10569634429536154,-5.6828651057616835,0.06554411202231442,0.08030942296156086,-0.6141640147403402,-35.189005973431975,0.12039569743973466,0.21325319765785888
51.82,-5.612492198474847,0.1034251561698779,-5.6828651057616835,0.06554411202231442,0.07992070811567775,-0.6308981811906553,-36.14780308470445,0.12082349741961984,0.20916937830628424
51.84,-5.611658258901903,0.1011491026415774,-5.6828651057616835,0.06554411202231442,0.07961237590167784,-0.6481201001174508,-37.134546354326304,0.12124306132235141,0.20529784561407194
51.86,-5.610812315038206,0.0988691273477379,-5.6828651057616835,0.06554411202231442,0.0793861530588358,-0.6658617733822639,-38.15106935390018,0.12165443132103881,0.20164135214717493
51.88,-5.609954387845266,0.09658497039995795,-5.6828651057616835,0.06554411202231442,0.07924334467895892,-0.6841504283339096,-39.19893209560051,0.12205881097391291,0.1981501931608287
51.9,-5.609084637211358,0.09429676300914784,-5.6828651057616835,0.06554411202231442,0.07918505211386977,-0.7030156868882393,-40.279831790186684,0.12245615870862814,0.19483001951925427
51.92,-5.608203349788077,0.09200499841798572,-5.6828651057616835,0.06554411202231442,0.07921209701748182,-0.7224884140359291,-41.39553687135913,0.1228468147998818,0.19166921991664587
51.94,-5.607310394913854,0.08970906043809937,-5.6828651057616835,0.06554411202231442,0.07932502167183267,-0.7425976007829862,-42.547708401405906,0.12323141755987699,0.18864224933301532
51.96,-5.606406055073601,0.08740943259710342,-5.6828651057616835,0.06554411202231442,0.07952407607738125,-0.7633750295270323,-43.738167377573546,0.12360961015027705,0.18576876582077073
51.98,-5.605490463824221,0.08510622569438846,-5.6828651057616835,0.06554411202231442,0.07980921943152695,-0.7848517416282681,-44.968692338791904,0.12398200972780771,0.1830239408107115
52.0,-5.604563748609349,0.08279954481196262,-5.6828651057616835,0.06554411202231442,0.08018012529708002,-0.807058639523623,-46.24105386427369,0.12434888105747888,0.18039868739383458
52.02,-5.603625901080791,0.08048915336584721,-5.6828651057616835,0.06554411202231442,0.08063625623266629,-0.8300265739240515,-47.557019569551585,0.12471046600843749,0.17788473472890587
52.04,-5.602677436798924,0.07817615585917861,-5.6828651057616835,0.06554411202231442,0.08117654085496344,-0.8537845228986363,-48.91824977568245,0.12506673826888637,0.1754861983765954
52.06,-5.60171806290287,0.07585964188009553,-5.6828651057616835,0.06554411202231442,0.08180007775654502,-0.8783621775696684,-50.326445658662585,0.12541867008053487,0.17316025464952922
52.08,-5.600747895880883,0.0735397103768813,-5.6828651057616835,0.06554411202231442,0.08250554982335989,-0.9037873458379021,-51.78320049384232,0.1257656883732139,0.17093600474415993
52.1,-5.599814592904753,0.07133316247347485,-5.6828651057616835,0.06554411202231442,0.0832520317525358,-0.9307456831966712,-53.32779944718964,0.1178460223716371,0.28736667965101326
52.12,-5.598880678688182,0.06915956106268806,-5.6828651057616835,0.06554411202231442,0.08406221185900213,-0.9586811457419586,-54.9283835497804,0.1183651654718787,0.28051906238446556
52.14,-5.597930479519597,0.06698149539651678,-5.643448134838053,-0.0035215118041274206,0.08391978890597754,-0.3996416064658596,-22.897777368321908,0.11892825788355488,0.2715242652046035
52.16,-5.596963919573016,0.06479800845810994,-5.643448134838053,-0.0035215118041274206,0.08263376499753954,-0.4120020945118519,-23.605981166079168,0.11947490433397157,0.2630401439956964
52.18,-5.59598165453393,0.06260988784258308,-5.643448134838053,-0.0035215118041274206,0.08140287938208703,-0.42456212092232093,-24.325617669971894,0.12000352985950258,0.2551401857764368
52.2,-5.594984083713257,0.06041738040208842,-5.643448134838053,-0.0035215118041274206,0.08023058137633636,-0.43734729147252205,-25.058153982853373,0.12051618021975408,0.24774207810385196
52.22,-5.593971582200092,0.058220712898853666,-5.643448134838053,-0.0035215118041274206,0.07912036129979623,-0.4503833870113727,-25.805067238558834,0.12101388380951761,0.24080747102472877
52.24,-5.592944312311477,0.05601965179699359,-5.643448134838053,-0.0035215118041274206,0.07807551634649183,-0.4636917346078766,-26.56757938813158,0.12149757913455517,0.2343016456451963
52.26,-5.591902820401314,0.053814855450833504,-5.643448134838053,-0.0035215118041274206,0.07709979539777023,-0.47730478128368414,-27.347549508969948,0.12196748359225573,0.22822147806522697
52.28,-5.5908476045039865,0.05160692562253208,-5.643448134838053,-0.0035215118041274206,0.07619685298311311,-0.4912538738320118,-28.14677364002651,0.12242514258291592,0.22250518107225226
52.3,-5.589778571148729,0.049395191877415576,-5.643448134838053,-0.0035215118041274206,0.07536975252130403,-0.5055586447873843,-28.966376642670678,0.12287186783543902,0.21710037692912465
52.32,-5.588696201713169,0.04718023466980968,-5.643448134838053,-0.0035215118041274206,0.074621989228505,-0.5202523360539852,-29.808263137715148,0.12330714955020028,0.21203506186617815
52.34,-5.58760075975856,0.044962204614730876,-5.643448134838053,-0.0035215118041274206,0.0739567445271479,-0.5353648268828406,-30.67414508013872,0.12373223273844935,0.20725949923583453
52.36,-5.586492670295803,0.042741618551024325,-5.643448134838053,-0.0035215118041274206,0.07337712294360754,-0.5509296074288386,-31.565941314471736,0.12414770684965326,0.20275248582224403
52.38,-5.585371977516844,0.04051822122321325,-5.643448134838053,-0.0035215118041274206,0.07288578828768527,-0.5669754383035057,-32.485299702370874,0.12455456392612696,0.1984743373190101
52.4,-5.5842390787367355,0.03829249575412224,-5.643448134838053,-0.0035215118041274206,0.07248533336124154,-0.5835375368447173,-33.434238048662074,0.12495279604611831,0.19442975687289366
52.42,-5.583093830155968,0.036063841300573704,-5.643448134838053,-0.0035215118041274206,0.07217785168652385,-0.600645986956561,-34.41448003408084,0.12534327339306373,0.19058385891335128
52.44,-5.581936788467663,0.03383307265394425,-5.643448134838053,-0.0035215118041274206,0.07196534382835428,-0.6183403810672177,-35.428294137662604,0.12572559488055468,0.18695883241270916
52.46,-5.58076796546542,0.03159994580667617,-5.643448134838053,-0.0035215118041274206,0.07184928960880121,-0.6366558457351938,-36.47769296295862,0.1261009625567855,0.1835043689252247
52.48,-5.5795873792787605,0.02936423146026298,-5.643448134838053,-0.0035215118041274206,0.07183083050233448,-0.6556297105470722,-37.564815337731034,0.12646935308042728,0.18022512749737984
52.5,-5.578395218973767,0.027126040282712732,-5.643448134838053,-0.0035215118041274206,0.07191073849823469,-0.6753024421762912,-38.691979831578806,0.12683078710842288,0.17712388694690606
52.52,-5.57719198685169,0.024886110083162966,-5.643448134838053,-0.0035215118041274206,0.07208932048009656,-0.6957169190937678,-39.86164319991745,0.12718565513072377,0.17418657556778072
52.54,-5.5759776679335005,0.02264420453460445,-5.643448134838053,-0.0035215118041274206,0.07236648820992554,-0.7169142026331488,-41.07615808386611,0.12753490947567947,0.17137281460521958
52.56,-5.5747524126070696,0.02040040509248554,-5.643448134838053,-0.0035215118041274206,0.0727417374060098,-0.7389373145797098,-42.33798945014821,0.12787849923370231,0.16868781883117023
52.58,-5.573516207472129,0.01815449118360944,-5.643448134838053,-0.0035215118041274206,0.07321423065659606,-0.7618300858376188,-43.649648624584785,0.1282166803705298,0.16612264500392993
52.6,-5.572269513620907,0.015907137250745426,-5.643448134838053,-0.0035215118041274206,0.07378257600864412,-0.7856369644771395,-45.01368229400947,0.12854943869604618,0.16368081658668654
52.62,-5.571012453162361,0.01365840496111934,-5.643448134838053,-0.0035215118041274206,0.07444513093468935,-0.8104016735131827,-46.43259560264424,0.12887753287813553,0.16132970802273938
52.64,-5.569744834750757,0.01140778397688388,-5.643448134838053,-0.0035215118041274206,0.07520013508149344,-0.8361686346431183,-47.90893372626719,0.12920113273735545,0.15906360568529454
52.66,-5.568466943216407,0.009155629557612484,-5.643448134838053,-0.0035215118041274206,0.07604530892900305,-0.8629804585257703,-49.44513807579122,0.12951993978043141,0.1568987537153843
52.68,-5.567230077727234,0.006994176039673333,-5.643448134838053,-0.0035215118041274206,0.0769400540718314,-0.8913792492076156,-51.072268925136406,0.1225108560104271,0.2599456774826647
52.7,-5.565998144083275,0.004866568260141157,-5.643448134838053,-0.0035215118041274206,0.07790289439475165,-0.920981168171207,-52.76833394723847,0.12297289304945558,0.25406104081360237
52.72,-5.564750695703284,0.0027369071281661333,-5.595990084675003,-0.0673586239878744,0.076741663428454,-0.36184914470778673,-20.732428812174767,0.12348219205944311,0.2458737476279671
52.74,-5.563487844226993,0.0006047947885215389,-5.595990084675003,-0.0673586239878744,0.07533539623520955,-0.37349992547681365,-21.399969378272193,0.12397639574421859,0.23816261576992126
52.76,-5.562210017293174,-0.0015295958273091556,-5.595990084675003,-0.0673586239878744,0.07399022841487482,-0.38537034341484083,-22.080094227177536,0.12445503431632865,0.2309530769711854
52.78,-5.5609176190170135,-0.003666101052204794,-5.595990084675003,-0.0673586239878744,0.07271048978821157,-0.3974872127991387,-22.774339703809083,0.12491910333300993,0.22420703646774953
52.8,-5.55961080681899,-0.005804961446993569,-5.595990084675003,-0.0673586239878744,0.0715003862193879,-0.4098729987709808,-23.48399296594798,0.12536954121884492,0.21788875277373165
52.82,-5.558290619915152,-0.007944872968325504,-5.595990084675003,-0.0673586239878744,0.07036507268092738,-0.42257068601989745,-24.211516854887982,0.1258065823827259,0.21199369720781291
52.84,-5.556956698105174,-0.010086855166814342,-5.595990084675003,-0.0673586239878744,0.06930844660647512,-0.4355947193348859,-24.9577389960746,0.1262329278000962,0.20640703872198962
52.86,-5.555609593378389,-0.012230410582823394,-5.595990084675003,-0.0673586239878744,0.06833523242507307,-0.44897995741085084,-25.7246566456052,0.12664741787578038,0.20118546680825133
52.88,-5.554249605056499,-0.01437542461190699,-5.595990084675003,-0.0673586239878744,0.06744988550691731,-0.46275782801856447,-26.51407048210454,0.1270513552821484,0.19627607598660113
52.9,-5.552877014403724,-0.016521791847602385,-5.595990084675003,-0.0673586239878744,0.06665673507061678,-0.47696103198700945,-27.3278541250599,0.12744538025195595,0.1916550861558175
52.92,-5.551492086882109,-0.018669413730107352,-5.595990084675003,-0.0673586239878744,0.06595991967173244,-0.49162377555743225,-28.167967447727708,0.12783007672201308,0.18730093973351458
52.94,-5.550094876533593,-0.02081851837552598,-5.595990084675003,-0.0673586239878744,0.06536322789422094,-0.5067794552246987,-29.03632392831431,0.12820598484633017,0.18319377438846818
52.96,-5.548686220399873,-0.02296806607153804,-5.595990084675003,-0.0673586239878744,0.06487046483172086,-0.5224731189946648,-29.935504627430735,0.12857319382879595,0.17933394187985563
52.98,-5.547266117360164,-0.025118308918172433,-5.595990084675003,-0.0673586239878744,0.06448464319576534,-0.5387409653792983,-30.867583567037393,0.12893340564574807,0.17564843282025233
53.0,-5.545834195704634,-0.02727008038683435,-5.595990084675003,-0.0673586239878744,0.06420829016926421,-0.5556188088379486,-31.834612764500537,0.1292865452668046,0.17214399063991692
53.02,-5.544391250655573,-0.029422407632261217,-5.595990084675003,-0.0673586239878744,0.0640437052608963,-0.5731563817300066,-32.839441674118504,0.1296318845812383,0.16885736394078865
53.04,-5.542937276594379,-0.03157551706391218,-5.595990084675003,-0.0673586239878744,0.06399243069591294,-0.5913981947388219,-33.884620570190464,0.1299709139602978,0.1657244016511905
53.06,-5.541472274561373,-0.0337296235367249,-5.595990084675003,-0.0673586239878744,0.06405545481010298,-0.6103919616245853,-34.97288324980005,0.13030361594892348,0.16274906283697543
53.08,-5.539996611869935,-0.03588438056283841,-5.595990084675003,-0.0673586239878744,0.064233145617744,-0.630190362659746,-36.1072480702222,0.13063000667643543,0.15993384223034202
53.1,-5.538510630922262,-0.03803946137760031,-5.595990084675003,-0.0673586239878744,0.06452519585310211,-0.6508477349877665,-37.29082832044811,0.13095071892790244,0.15725281674483504
53.12,-5.537013951862455,-0.04019560817223261,-5.595990084675003,-0.0673586239878744,0.06493083758680543,-0.6724186724124651,-38.526751995024135,0.13126629697186587,0.15468362721038353
53.14,-5.535507267724802,-0.04235197593201996,-5.595990084675003,-0.0673586239878744,0.06544848045005175,-0.6949634899463811,-39.81847488961006,0.13157617806469624,0.15225499848392499
53.16,-5.533990539667804,-0.044508775461566896,-5.595990084675003,-0.0673586239878744,0.06607616180420019,-0.7185425447692364,-41.16945521586725,0.13188141665043673,0.14992079143238968
53.18,-5.532464074065054,-0.04666571101593238,-5.595990084675003,-0.0673586239878744,0.06681130646290122,-0.7432183423392156,-42.58327427274623,0.13218195849598047,0.14768579676860405
53.2,-5.530927824886132,-0.048822988708854265,-5.595990084675003,-0.0673586239878744,0.06765107112257235,-0.7690550015790132,-44.063605803904316,0.13247822408786192,0.14553259505167837
53.22,-5.529381753006926,-0.05098080513463825,-5.595990084675003,-0.0673586239878744,0.06859229401320463,-0.7961182539655186,-45.61421594554843,0.1327701505586365,0.14346616537486145
53.24,-5.527826155198881,-0.05313887396149253,-5.595990084675003,-0.0673586239878744,0.06963133326627033,-0.8244731162608324,-47.23882988374454,0.13305770281899498,0.14149028786936135
53.26,-5.526321257658429,-0.055211768975783206,-5.595990084675003,-0.0673586239878744,0.07071981012806813,-0.854638086330431,-48.96715535787099,0.12658777369742857,0.2375204715160395
53.28,-5.524819966048071,-0.05725947830266584,-5.542538666899863,-0.1262852142623292,0.07126362736100696,-0.3182874185267285,-18.236525753695588,0.12701948875517566,0.2315703645999756
53.3,-5.523303581125122,-0.0593080718373557,-5.542538666899863,-0.1262852142623292,0.06968447554640012,-0.329085920262403,-18.855234328214433,0.12748441451724268,0.22394283559712402
53.32,-5.521773009807576,-0.061356795608829284,-5.542538666899863,-0.1262852142623292,0.06816826287443895,-0.3400997963853496,-19.486282946139184,0.12793382569551426,0.2168300298921455
53.34,-5.520228894615746,-0.06340521412066835,-5.542538666899863,-0.1262852142623292,0.06672046430582151,-0.3513606260579346,-20.13148096019399,0.12836961959790116,0.21015155526327156
53.36,-5.5186708363504104,-0.06545431144536215,-5.542538666899863,-0.1262852142623292,0.06534578848452792,-0.36287864605289133,-20.791414894252302,0.1287932619467913,0.20384684802088326
53.38,-5.51709924458032,-0.06750398150878083,-5.542538666899863,-0.1262852142623292,0.06404996121762184,-0.37468413950942603,-21.46781984438105,0.12920347752696237,0.1979779131450199
53.4,-5.515514506830201,-0.06955411877914562,-5.542538666899863,-0.1262852142623292,0.06283886076459994,-0.38680880088630976,-22.162511769301766,0.12960119403491177,0.19250871768683453
53.42,-5.513917438329845,-0.07160400235844376,-5.542538666899863,-0.1262852142623292,0.06171879503145578,-0.399293209453105,-22.877815689896103,0.1299873053101308,0.18740455365762188
53.44,-5.512308324594696,-0.07365358034892953,-5.542538666899863,-0.1262852142623292,0.06069565457495028,-0.41216946170613356,-23.615570599940455,0.13036364566763048,0.18258784952929208
53.46,-5.510686995254546,-0.07570339437798654,-5.542538666899863,-0.1262852142623292,0.059774990501154895,-0.42546490758095645,-24.377343535312427,0.13073074804892393,0.17803882321032471
53.48,-5.509053965383853,-0.07775308468364077,-5.542538666899863,-0.1262852142623292,0.058962639332537536,-0.43922009540634555,-25.165457744116956,0.13108819040414943,0.17378073472906763
53.5,-5.507409496374889,-0.07980259466189353,-5.542538666899863,-0.1262852142623292,0.058263990137060774,-0.4534739958123082,-25.982146078978428,0.13143702930089596,0.16977024106801242
53.52,-5.505753833925123,-0.08185187277658425,-5.542538666899863,-0.1262852142623292,0.05768401661264865,-0.46826789948272823,-26.829774321816593,0.13177777293176263,0.16598832556669052
53.54,-5.504087006663693,-0.08390113480449535,-5.542538666899863,-0.1262852142623292,0.057227094687794765,-0.48364364410658084,-27.710739595634312,0.13211088415778782,0.16241777356873488
53.56,-5.502409651979922,-0.08594980904368685,-5.542538666899863,-0.1262852142623292,0.056897124291100505,-0.4996524401021522,-28.627976041266486,0.13243643381626313,0.15905906252444701
53.58,-5.500721369572223,-0.08799861789623653,-5.542538666899863,-0.1262852142623292,0.05669700007132947,-0.5163387436794941,-29.584030811922222,0.13275555955485352,0.1558638758342168
53.6,-5.499023162294235,-0.09004651920779946,-5.542538666899863,-0.1262852142623292,0.05662898692664034,-0.533762691291922,-30.582349472571387,0.1330676068261205,0.152865349581921
53.62,-5.497314803638703,-0.09209397457130553,-5.542538666899863,-0.1262852142623292,0.056694256145336984,-0.5519776868410811,-31.625991841387783,0.13337423708330576,0.14999068712717722
53.64,-5.49559647000746,-0.09414095044622905,-5.542538666899863,-0.1262852142623292,0.05689308873109387,-0.5710445268607465,-32.71844130316575,0.1336750808567544,0.14725942878435205
53.66,-5.493868144936681,-0.09618764332478015,-5.542538666899863,-0.1262852142623292,0.057224850235796466,-0.5910274820556274,-33.863380298031444,0.13397041909231078,0.14466142270630478
53.68,-5.492130552171686,-0.09823333848676155,-5.542538666899863,-0.1262852142623292,0.05768783030221324,-0.6119980276308983,-35.06490405358121,0.13426026153906534,0.14219894945433076
53.7,-5.490383277456108,-0.10027868237180224,-5.542538666899863,-0.1262852142623292,0.05827970786648383,-0.6340277481293044,-36.32711406199272,0.13454564442780814,0.13982668891687755
53.72,-5.48862647964645,-0.1023236406294393,-5.542538666899863,-0.1262852142623292,0.05899729608559608,-0.65719537738008,-37.654521439385995,0.13482600948435675,0.13757264853531126
53.74,-5.48686066353663,-0.10436775393307604,-5.542538666899863,-0.1262852142623292,0.05983657013733773,-0.6815840406471907,-39.051888912557175,0.13510160558958262,0.13542775845865052
53.76,-5.48508560385151,-0.10641141969498756,-5.542538666899863,-0.1262852142623292,0.060793274004143895,-0.7072805094818478,-40.524188125172486,0.1353731045739437,0.13336303719579945
53.78,-5.483301611675936,-0.10845440267481261,-5.542538666899863,-0.1262852142623292,0.06186248098380888,-0.7343755316208925,-42.07661853955327,0.13564024359333793,0.13139271122397655
53.8,-5.481508810159747,-0.11049667926544122,-5.542538666899863,-0.1262852142623292,0.06303904544857106,-0.7629628635476647,-43.714552006496916,0.1359034230808298,0.12950015664148218
53.82,-5.479707485621095,-0.11253802974931684,-5.542538666899863,-0.1262852142623292,0.06431751256788638,-0.793137516936041,-45.443432293921,0.1361628019050709,0.12767979322758638
53.84,-5.477970794729716,-0.11449323819218268,-5.542538666899863,-0.1262852142623292,0.0656358196126121,-0.825447412299597,-47.29465293476206,0.12995220327169932,0.22156408847173736
53.86,-5.476231265683108,-0.11643447246489122,-5.484400947583859,-0.18060496563461023,0.0646884525707983,-0.29225161480805506,-16.744784084384587,0.13037196379457328,0.21494051286374827
53.88,-5.474478030020281,-0.11837436313667474,-5.484400947583859,-0.18060496563461023,0.06301676110551564,-0.3025616786952401,-17.335507231630533,0.13080316953657523,0.20762289137998824
53.9,-5.472711195752195,-0.1203132430181304,-5.484400947583859,-0.18060496563461023,0.06141451061392934,-0.3130916275025186,-17.938828856776407,0.1312206106067304,0.20075492986271204
53.92,-5.470931189147031,-0.12225106778994582,-5.484400947583859,-0.18060496563461023,0.059888327627443776,-0.3238703701341521,-18.55640531802674,0.1316241808559937,0.19434594664469174
53.94,-5.4691384112386565,-0.12418779568456774,-5.484400947583859,-0.18060496563461023,0.05844520579877031,-0.33492799911031745,-19.18996078978258,0.13201479544533434,0.18835989623211535
53.96,-5.467333237492727,-0.1261233894395489,-5.484400947583859,-0.18060496563461023,0.057092458980615116,-0.34629586163308546,-19.841291334422127,0.13239331105423524,0.18276319893983928
53.98,-5.465516019708373,-0.12805781575288047,-5.484400947583859,-0.18060496563461023,0.05583765272247126,-0.35800678912661943,-20.512278053985344,0.1327605164618273,0.17752512407709364
54.0,-5.463686851358444,-0.12999131201636635,-5.484400947583859,-0.18060496563461023,0.054688350816452014,-0.370091513901186,-21.204681780145194,0.13311713813313197,0.1726175312172229
54.02,-5.461846299215389,-0.13192357799711577,-5.484400947583859,-0.18060496563461023,0.053652489833532845,-0.3825910670512529,-21.920853421443482,0.13346335471502435,0.1680368588835579
54.04,-5.4599948780405745,-0.133854338573436,-5.484400947583859,-0.18060496563461023,0.052737817182403855,-0.39554739665997807,-22.663196426003818,0.13380034456820233,0.16373432206895355
54.06,-5.458132837089063,-0.13578358461934406,-5.484400947583859,-0.18060496563461023,0.05195161041856638,-0.4090009766450544,-23.43402977849037,0.13412910397394562,0.1596687849475531
54.08,-5.456260194756908,-0.1377115447283005,-5.484400947583859,-0.18060496563461023,0.05130056068615067,-0.4229926217296242,-24.235691990281182,0.1344500677595839,0.15582410453185425
54.1,-5.454378480484346,-0.1396368309196331,-5.484400947583859,-0.18060496563461023,0.05079110741818773,-0.4375836364206261,-25.071695550888972,0.13476325384078613,0.15220292537698743
54.12,-5.45248507916482,-0.14156237879057448,-5.484400947583859,-0.18060496563461023,0.05042763373801625,-0.4527939594532422,-25.943182865688502,0.13507128087106857,0.14868958085167971
54.14,-5.450581581120174,-0.1434868117622371,-5.484400947583859,-0.18060496563461023,0.050214608381408496,-0.46869443724998505,-26.85421313568334,0.1353697140365817,0.14548817456216945
54.16,-5.448668615038815,-0.1454096762585845,-5.484400947583859,-0.18060496563461023,0.050154840079216875,-0.4853486774682916,-27.80843081118934,0.13566133066706954,0.1424769236324508
54.18,-5.446746160009902,-0.14733117420727512,-5.484400947583859,-0.18060496563461023,0.05024965893605276,-0.5028189247543768,-28.809402247731906,0.1359471878901619,0.1396107659518142
54.2,-5.444814398449561,-0.149251294601136,-5.484400947583859,-0.18060496563461023,0.05049898572879959,-0.5211746402548512,-29.86110727585195,0.13622726926976192,0.13689313126785674
54.22,-5.442873313503058,-0.1511702241604944,-5.484400947583859,-0.18060496563461023,0.05090135949065587,-0.5404901320064939,-30.96780343244083,0.13650187082339116,0.13431314931700022
54.24,-5.440924591078433,-0.1530864064279117,-5.484400947583859,-0.18060496563461023,0.0514535195666874,-0.560853060814646,-32.13451331167331,0.1367710131190858,0.1318725062732229
54.26,-5.438965882365388,-0.15500232243199785,-5.484400947583859,-0.18060496563461023,0.052152089990401954,-0.582340792773891,-33.36566966424642,0.13703695471054544,0.12946962791859917
54.28,-5.436998331299395,-0.15691701069447644,-5.484400947583859,-0.18060496563461023,0.05299176577410842,-0.6050532365443964,-34.66699683472458,0.13729661483043998,0.12724795744212258
54.3,-5.435022276095896,-0.1588302720118859,-5.484400947583859,-0.18060496563461023,0.053966568172153354,-0.6290936546730207,-36.044411331224545,0.13755155507970684,0.125138595040708
54.32,-5.433037852438532,-0.16074209833957379,-5.484400947583859,-0.18060496563461023,0.05506996495448484,-0.6545718797929749,-37.504206100082115,0.13780225414263825,0.12312170742823092
54.34,-5.4310453644553105,-0.16265230831487415,-5.484400947583859,-0.18060496563461023,0.0562949034622794,-0.6816048909428607,-39.053083546500666,0.13804890093536137,0.1211905252967993
54.36,-5.429044753394901,-0.16456107124227798,-5.484400947583859,-0.18060496563461023,0.05763431948377578,-0.710316955492186,-40.698163666284195,0.13829186134102223,0.11932990292840007
54.38,-5.427035968460271,-0.16646854932220934,-5.484400947583859,-0.18060496563461023,0.059081123009022275,-0.7408395242247734,-42.44697803455943,0.13853107933350373,0.1175441255396592
54.4,-5.425020314533953,-0.16837358046520334,-5.484400947583859,-0.18060496563461023,0.06062727409813226,-0.7733029720564485,-44.30699658375753,0.13876652474018591,0.11583635048439955
54.42,-5.423073094122883,-0.17020300996150892,-5.422441721133118,-0.2305274213715184,0.060327715387011704,-0.2628265850446232,-15.05885406689311,0.13242517753342398,0.21414870886915516
54.44,-5.4211300407722325,-0.1720131675482169,-5.422441721133118,-0.2305274213715184,0.058528953568869536,-0.27268690323798506,-15.623808684028806,0.13281864667091803,0.20781862017316133
54.46,-5.419173500052828,-0.17382097854671358,-5.422441721133118,-0.2305274213715184,0.05680054512830408,-0.2827485380338055,-16.20029789283129,0.13323554993047715,0.20025425142955466
54.48,-5.41720388722907,-0.1756265031927195,-5.422441721133118,-0.2305274213715184,0.05515021052436301,-0.2930381405877361,-16.789848692038547,0.13363757130777643,0.1931966094825821
54.5,-5.4152219249812985,-0.17742947355466085,-5.422441721133118,-0.2305274213715184,0.05358654232953972,-0.30359280876012595,-17.394586632477544,0.1340253760562682,0.18662023063664712
54.52,-5.413227726772163,-0.17923017419957546,-5.422441721133118,-0.2305274213715184,0.05211818549703268,-0.3144387290801381,-18.01601209174942,0.13440058943272604,0.1804567386110012
54.54,-5.411221423966241,-0.18102886695395842,-5.422441721133118,-0.2305274213715184,0.05075432945021703,-0.3256053908083194,-18.65581468002447,0.13476335195830025,0.174704340855647
54.56,-5.4092039235839735,-0.1828250601659962,-5.422441721133118,-0.2305274213715184,0.04950509618750618,-0.3371390220685313,-19.316643073694763,0.13511391112048798,0.16935658297634326
54.58,-5.407175045214295,-0.1846192446149249,-5.422441721133118,-0.2305274213715184,0.048380079441077736,-0.3490689290990081,-20.000176396524534,0.13545422861471756,0.1643296242975767
54.6,-5.405135618782398,-0.18641096703084098,-5.422441721133118,-0.2305274213715184,0.04738947902400548,-0.3614443000765648,-20.70923292344722,0.13578389325572537,0.15964614793084753
54.62,-5.403085684806707,-0.18820046743092536,-5.422441721133118,-0.2305274213715184,0.04654274564481996,-0.3743046558663703,-21.446077033239707,0.13610459059516522,0.1552342761651504
54.64,-5.40102529716058,-0.18998797031822381,-5.422441721133118,-0.2305274213715184,0.04584877651010922,-0.38769395747468394,-22.213227506023806,0.13641638270964762,0.15109491818821041
54.66,-5.39895519269933,-0.19177306675946726,-5.422441721133118,-0.2305274213715184,0.04531574802723353,-0.40166924779385205,-23.013952658782173,0.13671940041852793,0.1472259624546446
54.68,-5.39687538087,-0.1935559754742872,-5.422441721133118,-0.2305274213715184,0.04495025657525666,-0.4162822186606556,-23.851214215597647,0.13701501303025054,0.14356910405188827
54.7,-5.39478609677241,-0.19533670888566082,-5.422441721133118,-0.2305274213715184,0.044757343576700824,-0.431592424319159,-24.728424383307203,0.13730324829674956,0.14012630263349202
54.72,-5.392687772652636,-0.1971150907044779,-5.422441721133118,-0.2305274213715184,0.0447401530035698,-0.4476666548512958,-25.64940995171897,0.13758453374341784,0.13688138829626162
54.74,-5.390580395062176,-0.19889132163069598,-5.422441721133118,-0.2305274213715184,0.04489974282565714,-0.4645732833763179,-26.618088411998226,0.1378595944859562,0.1338044483689682
54.76,-5.388463759974244,-0.20066576994195687,-5.422441721133118,-0.2305274213715184,0.04523516409403809,-0.48238662513750913,-27.638717713938618,0.13812843415927922,0.13089809502486727
54.78,-5.386338682275433,-0.2024379128853967,-5.422441721133118,-0.2305274213715184,0.045743304447223805,-0.5011962326155261,-28.716428836726706,0.13839081162041467,0.12817621242944277
54.8,-5.384205130119517,-0.20420793493041087,-5.422441721133118,-0.2305274213715184,0.0464193091166278,-0.5210930095556687,-29.856430181310095,0.13864798061034023,0.12558452752053917
54.82,-5.382063461661634,-0.20597568207582087,-5.422441721133118,-0.2305274213715184,0.04725665815935757,-0.5421789583740557,-31.064566055632536,0.13889992717111,0.12312605575992563
54.84,-5.379913448095111,-0.2077414916181749,-5.422441721133118,-0.2305274213715184,0.04824782484547382,-0.5645631098101279,-32.347083460901175,0.1391471626719376,0.12077974035407113
54.86,-5.377755623653336,-0.20950505414066128,-5.422441721133118,-0.2305274213715184,0.04938407872950144,-0.5883678481733843,-33.71099450152892,0.139389426047698,0.11855972897489853
54.88,-5.375589939813214,-0.2112665369742871,-5.422441721133118,-0.2305274213715184,0.050656402168053956,-0.6137244478030393,-35.16382064311114,0.13962743351081386,0.1164354181837357
54.9,-5.373416356039733,-0.21302610084316564,-5.422441721133118,-0.2305274213715184,0.052055572639014974,-0.6407763499740085,-36.71378046530846,0.13986115407140787,0.11441018166080674
54.92,-5.371235192287131,-0.2147836028848049,-5.422441721133118,-0.2305274213715184,0.053572160839352845,-0.6696789827012681,-38.36977933739713,0.1400905820061471,0.11248627979687509
54.94,-5.3690465747005325,-0.21653905132831933,-5.422441721133118,-0.2305274213715184,0.05519706657987081,-0.7005988668204564,-40.141358200460196,0.14031613173632884,0.11064660956738859
54.96,-5.366850623436605,-0.21829245465308844,-5.422441721133118,-0.2305274213715184,0.05692156492669823,-0.7337130860563247,-42.038663204546374,0.14053797685700253,0.1088849421632121
54.98,-5.3647129540735055,-0.2199898912461901,-5.357253365519646,-0.27615582950309825,0.0566591394363848,-0.24280689998872795,-13.911810606009187,0.13563120923021366,0.18562065990879173
55.0,-5.3625775747803015,-0.22167281758850912,-5.357253365519646,-0.27615582950309825,0.054742540967117274,-0.2518802300751123,-14.431674126088081,0.1359765616121944,0.1802295155634015
55.02,-5.360430557813762,-0.22335257910055384,-5.357253365519646,-0.27615582950309825,0.052898750495144975,-0.26116838988681523,-14.963846482741685,0.13633809887294568,0.17395821337473638
55.04,-5.358272520473755,-0.225029035326449,-5.357253365519646,-0.27615582950309825,0.05113695101980506,-0.2707028367867196,-15.510130050097796,0.13668726956086452,0.16809973092668518
55.06,-5.3561038047817275,-0.22670224276220735,-5.357253365519646,-0.27615582950309825,0.049466945846989414,-0.2805128101899325,-16.072200123237486,0.13702522656853233,0.16260613608265473
55.08,-5.353923974891992,-0.22837288242067802,-5.357253365519646,-0.27615582950309825,0.04789879825040374,-0.29061604566481114,-16.651072875374883,0.13735263627947525,0.1574514594454568
55.1,-5.351734157150679,-0.23004037395979118,-5.357253365519646,-0.27615582950309825,0.046444557280555555,-0.3010607065692096,-17.249507863642208,0.1376685701346858,0.15268165191706373
55.12,-5.349534157093175,-0.23170515280705528,-5.357253365519646,-0.27615582950309825,0.045115948814886196,-0.31187472870180066,-17.869105691400737,0.1379753643813597,0.14819571869051362
55.14,-5.347324752199603,-0.233366875802208,-5.357253365519646,-0.27615582950309825,0.04392575464662921,-0.32310444952238426,-18.512521299530366,0.1382726530066325,0.14401389033469325
55.16,-5.345105737091925,-0.2350259492025621,-5.357253365519646,-0.27615582950309825,0.0428862673819302,-0.334784591623574,-19.181744146041602,0.1385619353362344,0.1400722410327404
55.18,-5.342877828810897,-0.23668205208627108,-5.357253365519646,-0.27615582950309825,0.04200994119512427,-0.34696657516958507,-19.87972038932585,0.13884286814880298,0.1363896542383447
55.2,-5.340641029448394,-0.23833539439667745,-5.357253365519646,-0.27615582950309825,0.04130805032173762,-0.35969605981522634,-20.60906613489768,0.1391167522334147,0.13291073751753313
55.22,-5.338395563334592,-0.23998600995836064,-5.357253365519646,-0.27615582950309825,0.040790593880814144,-0.37302630295305383,-21.372832806578423,0.1393836173844587,0.1296371469888813
55.24,-5.3361414372394975,-0.2416340902918315,-5.357253365519646,-0.27615582950309825,0.04046559024500734,-0.38701352099607533,-22.174241367572787,0.13964387375615672,0.1265533140437647
55.26,-5.333879271425075,-0.24327934955695435,-5.357253365519646,-0.27615582950309825,0.04033870608226114,-0.40172595287362545,-23.017201620530145,0.1398975971512062,0.12365872864961158
55.28,-5.331609237326788,-0.2449218212855282,-5.357253365519646,-0.27615582950309825,0.04041267845747127,-0.417233283041194,-23.90570619064772,0.140145782984602,0.1209110254679624
55.3,-5.329330916711653,-0.24656197943568023,-5.357253365519646,-0.27615582950309825,0.040687333523441845,-0.43360808636056647,-24.843913311204574,0.1403887041173668,0.11830021401704194
55.32,-5.327045078200639,-0.2481994125030186,-5.357253365519646,-0.27615582950309825,0.041159468828326856,-0.4509407847141025,-25.83700377443554,0.14062582670799628,0.11585299146688044
55.34,-5.324751681523837,-0.24983428875427957,-5.357253365519646,-0.27615582950309825,0.04182323480979329,-0.46932455593440414,-26.890316276892893,0.1408582668584124,0.11352109111517628
55.36,-5.32245106041259,-0.25146649700569224,-5.357253365519646,-0.27615582950309825,0.04267040637177116,-0.4888651607618495,-28.009910462638473,0.14108600861071352,0.11130734832942579
55.38,-5.320142807700741,-0.25309646348911974,-5.357253365519646,-0.27615582950309825,0.04369127902221359,-0.5096765074531108,-29.202312794031293,0.1413095088050209,0.10919298085998452
55.4,-5.317827614936193,-0.2547238139676981,-5.357253365519646,-0.27615582950309825,0.04487450388559476,-0.5318901882704624,-30.47506295231626,0.1415283176402493,0.10720052340762454
55.42,-5.315505427581007,-0.2563486996475991,-5.357253365519646,-0.27615582950309825,0.046208361962322766,-0.5556485922470827,-31.836319228143438,0.14174331642511362,0.10529174937268237
55.44,-5.313176369574587,-0.25797114172299573,-5.357253365519646,-0.27615582950309825,0.04768086032361944,-0.5811102156832595,-33.295162790587746,0.14195447255600513,0.10346987501574922
55.46,-5.310840727929968,-0.25959103849581394,-5.357253365519646,-0.27615582950309825,0.04928006928917414,-0.6084500388279465,-34.8616192694124,0.14216195886858074,0.10172870147262536
55.48,-5.308498275037034,-0.261208650433849,-5.357253365519646,-0.27615582950309825,0.05099487239022996,-0.637860769330692,-36.546729999616396,0.14236611274123234,0.1000543616902494
55.5,-5.3061492930494065,-0.26282387722563194,-5.357253365519646,-0.27615582950309825,0.05281445990041077,-0.6695532271516224,-38.36257407515208,0.14256672376684598,0.09845804445351991
55.52,-5.303793886845434,-0.2644367365311148,-5.357253365519646,-0.27615582950309825,0.05472890461359946,-0.7037561352733721,-40.322256357602065,0.14276411875107087,0.09692630904667432
55.54,-5.301458432689978,-0.26602856301183986,-5.289251912460882,-0.31747691010441126,0.052876569051528245,-0.22015209258947677,-12.613785756350346,0.1411568367801319,0.12338036983694511
55.56,-5.299118355814267,-0.2676151732684475,-5.289251912460882,-0.31747691010441126,0.05082853042086161,-0.22782142536269723,-13.053206155937241,0.14139830670378828,0.12046880276783689
55.58,-5.2967704879874,-0.2691988944129901,-5.289251912460882,-0.31747691010441126,0.048859960878505256,-0.2357478195809254,-13.507355091398612,0.14164011777961782,0.1174435816037045
55.6,-5.29441500741735,-0.27077978139237796,-5.289251912460882,-0.31747691010441126,0.04698169196056811,-0.24395574350535032,-13.977634490832617,0.1418759125099811,0.11459027930982302
55.62,-5.292051911793511,-0.2723580085776628,-5.289251912460882,-0.31747691010441126,0.04520569954378702,-0.2524703039365941,-14.465482867951975,0.14210594905965657,0.11189966686531161
55.64,-5.28968175890544,-0.27393335142432335,-5.289251912460882,-0.31747691010441126,0.04354568027361794,-0.2613256898627906,-14.972859107482583,0.1423302865157794,0.10937159634183402
55.66,-5.2873045186112915,-0.2755059759696161,-5.289251912460882,-0.31747691010441126,0.042016088049135834,-0.2705516508802359,-15.501467735734423,0.14254978813048602,0.10696940012266953
55.68,-5.284920346444653,-0.2770759180129979,-5.289251912460882,-0.31747691010441126,0.04063253162336054,-0.28018315752842926,-16.053312417028096,0.1427644475898049,0.10469548499925097
55.7,-5.282529390428317,-0.2786432112443012,-5.289251912460882,-0.31747691010441126,0.03941127338257472,-0.2902585273433045,-16.63058858445395,0.14297452073495087,0.10254036539036893
55.72,-5.280131790920744,-0.28020788784159223,-5.289251912460882,-0.31747691010441126,0.03836869345356176,-0.30081985153421276,-17.235707886662414,0.14318024800172857,0.1004951468924764
55.74,-5.277727681176956,-0.28176997857385977,-5.289251912460882,-0.31747691010441126,0.03752056590741813,-0.3119135269117985,-17.871328665086278,0.14338185186160146,0.09855164180616605
55.76,-5.2753171878753955,-0.28332951289223834,-5.289251912460882,-0.31747691010441126,0.03688117793182966,-0.3235908663397157,-18.540390930247643,0.14357953819690294,0.09670231346348146
55.78,-5.272900431603297,-0.2848865190168266,-5.289251912460882,-0.31747691010441126,0.03646237125418051,-0.3359088002297648,-19.246156554468623,0.14377349762249025,0.09494022293665694
55.8,-5.27047752730369,-0.28644102401921895,-5.289251912460882,-0.31747691010441126,0.03627263104771453,-0.3489306841679981,-19.992255545438585,0.14396390669584314,0.0932589804408801
55.82,-5.268048584687272,-0.28799305390068675,-5.289251912460882,-0.31747691010441126,0.03631637213870682,-0.36272722998745743,-20.782739392752465,0.14415092903004023,0.09165270076216814
55.84,-5.2656135557113,-0.28954273572192724,-5.289251912460882,-0.31747691010441126,0.036593578784419704,-0.3773768419747542,-21.622100331128827,0.14433471631560835,0.09011596247998632
55.86,-5.263172851036821,-0.29108989167766003,-5.289251912460882,-0.31747691010441126,0.037099759921239914,-0.39296992206791537,-22.515518010076423,0.14451525558798473,0.08865082295306248
55.88,-5.260726409437194,-0.29263464435506586,-5.289251912460882,-0.31747691010441126,0.037826478693046714,-0.40960554631696655,-23.468669069112543,0.14469299677641878,0.08723811420863203
55.9,-5.2582743227755815,-0.29417701646835154,-5.289251912460882,-0.31747691010441126,0.03876204465920934,-0.427396344683336,-24.488006729673753,0.14486789681766865,0.08588104406848096
55.92,-5.2558166797583175,-0.29571702971073577,-5.289251912460882,-0.31747691010441126,0.03989244515721883,-0.44646959071479764,-25.580823228891152,0.14504006602709119,0.08457580534415587
55.94,-5.253353707913595,-0.29725461266796355,-5.289251912460882,-0.31747691010441126,0.04120221357314463,-0.46696947830655877,-26.75538026839167,0.14520960920982873,0.08331879194356517
55.96,-5.250885201434486,-0.298789968666614,-5.289251912460882,-0.31747691010441126,0.04267559367229273,-0.489058784735671,-28.021004299150995,0.14537674959891334,0.08210088896620782
55.98,-5.2484113854831715,-0.3003230273166996,-5.289251912460882,-0.31747691010441126,0.04429677571236597,-0.5129228545597926,-29.38831478207867,0.14554131674824333,0.08093098476935623
56.0,-5.245932200552921,-0.3018538953741442,-5.289251912460882,-0.31747691010441126,0.04605079835411011,-0.5387718023350215,-30.869350394453367,0.14570352968923395,0.07980013640163097
56.02,-5.2434478622871055,-0.3033825039453997,-5.289251912460882,-0.31747691010441126,0.04792351507659921,-0.5668434153337483,-32.47773534340499,0.14586335613211432,0.07871087099320384
56.04,-5.240958442091254,-0.3049088710227313,-5.289251912460882,-0.31747691010441126,0.04990205293072377,-0.5974063682270945,-34.228863553650875,0.14602099572664784,0.07765503509893357
56.06,-5.238464140270753,-0.3064329309262311,-5.218682463049343,-0.35424139601040433,0.05173938622941569,-0.1728455318955888,-9.903319485311094,0.14617651696475775,0.07663041264205361
56.08,-5.235933736532482,-0.30797463709304285,-5.218682463049343,-0.35424139601040433,0.04937832943212345,-0.17802827606336036,-10.200268852420447,0.14861269331460925,0.04021724402003546
56.1,-5.233392903370907,-0.30951985364302853,-5.218682463049343,-0.35424139601040433,0.04707879996528467,-0.18336440351479733,-10.506006434331685,0.1487040517585747,0.04094247714747645
56.12,-5.230849514789795,-0.31106375133222625,-5.218682463049343,-0.35424139601040433,0.044859181312300274,-0.1889753013108768,-10.827487197326294,0.1487857191432962,0.042064845389711
56.14,-5.228303180981311,-0.31260648082107206,-5.218682463049343,-0.35424139601040433,0.04273200646294745,-0.1948872222108512,-11.16621531371001,0.148869287649811,0.04307386557822479
56.16,-5.2257541161959145,-0.31414784275420454,-5.218682463049343,-0.35424139601040433,0.040712421825938344,-0.20111572380006604,-11.523082167462547,0.14895523357649765,0.04394860305345638
56.18,-5.223202193055387,-0.3156878528340765,-5.218682463049343,-0.35424139601040433,0.03881756884165351,-0.20768515366996854,-11.899482772815137,0.14904286836143754,0.04471713152098822
56.2,-5.2206473622143434,-0.3172264861325378,-5.218682463049343,-0.35424139601040433,0.03706702553476878,-0.21462165343175954,-12.296914933759263,0.14913207206541657,0.04538392906705546
56.22,-5.218089659020462,-0.31876367513087567,-5.218682463049343,-0.35424139601040433,0.03548267317187928,-0.22195389965995116,-12.71702169698536,0.1492226398843055,0.04595707620957956
56.24,-5.215528891599676,-0.32029949214517855,-5.218682463049343,-0.35424139601040433,0.03408808957516372,-0.22971672318709116,-13.161798722195341,0.14931432477802709,0.04644644553353228
56.26,-5.212965105356369,-0.3218338733957394,-5.218682463049343,-0.35424139601040433,0.03290798840721559,-0.23794689522110857,-13.633352844411139,0.14940707085804306,0.04685416567506984
56.28,-5.210398274029202,-0.32336680391457956,-5.218682463049343,-0.35424139601040433,0.031966673658749646,-0.2466869127107092,-14.13411895943578,0.14950065687315828,0.04718914365930971
56.3,-5.207828457580804,-0.32489822290595277,-5.218682463049343,-0.35424139601040433,0.03128627882233513,-0.2559844170112334,-14.66682671586055,0.14959493466726315,0.047457362217784294
56.32,-5.205255395435216,-0.326428263027301,-5.218682463049343,-0.35424139601040433,0.03088456752247187,-0.2658957527643788,-15.234704423852898,0.14968974210427533,0.04766534253852761
56.34,-5.202679318013329,-0.3279567701411398,-5.218682463049343,-0.35424139601040433,0.03077307602647006,-0.2764817622382767,-15.841238088592752,0.14978503119316144,0.04781527986663647
56.36,-5.200100134754506,-0.32948378476284257,-5.218682463049343,-0.35424139601040433,0.030955488035928222,-0.28781418943647574,-16.490538338688822,0.14988061677154718,0.04791452229646609
56.38,-5.197517922270273,-0.33100925173074763,-5.218682463049343,-0.35424139601040433,0.03142722250246924,-0.2999742611798665,-17.1872591281614,0.14997641604344025,0.04796660705852496
56.4,-5.194932512743336,-0.33253326328516397,-5.218682463049343,-0.35424139601040433,0.03217612726781214,-0.3130566609019419,-17.936825418139442,0.15007232842378926,0.04797561248048865
56.42,-5.192343988461313,-0.3340557668098844,-5.218682463049343,-0.35424139601040433,0.03318395500607476,-0.3271692729755997,-18.745418527865404,0.15016827694718238,0.04794503591309951
56.44,-5.189752434490689,-0.33557671089092106,-5.218682463049343,-0.35424139601040433,0.03442843335114156,-0.3424370576681689,-19.620198153264063,0.15026417619150578,0.04787837861508493
56.46,-5.1871576077345,-0.3370962398562497,-5.218682463049343,-0.35424139601040433,0.03588555255492292,-0.3590068896549743,-20.569579593348884,0.150359959612123,0.04777836571101535
56.48,-5.184559763262147,-0.3386142073313341,-5.218682463049343,-0.35424139601040433,0.03753088950156095,-0.37704758737139243,-21.603235431970944,0.1504555363462945,0.04764931842371478
56.5,-5.181958827205167,-0.34013066203933695,-5.218682463049343,-0.35424139601040433,0.039341304538841486,-0.3967585550440821,-22.732590689734863,0.15055087369724163,0.047492309447338954
56.52,-5.179354810223166,-0.3416456051248326,-5.218682463049343,-0.35424139601040433,0.04129549884490291,-0.41837373874327355,-23.971049489098508,0.15064590541906675,0.047310390834387483
56.54,-5.176747643031334,-0.343159086529106,-5.218682463049343,-0.35424139601040433,0.043374493811249464,-0.4421696278579451,-25.334453505130487,0.15074058077617636,0.047105844019901255
56.56,-5.174137503186385,-0.3446710131798682,-5.218682463049343,-0.35424139601040433,0.04556144945801848,-0.4684717206381785,-26.841452413799374,0.15083483337274828,0.046881772466367266
56.58,-5.171524323601267,-0.34618143601062557,-5.218682463049343,-0.35424139601040433,0.047841959318177966,-0.4976676952051353,-28.51425853525729,0.15092866413999317,0.0466380269836808
56.6,-5.168908120526814,-0.3476903589928212,-5.146313771953515,-0.387346359687291,0.045641022978583225,-0.11939898379886871,-6.84105784982607,0.15102201331771425,0.04637745257829451
56.62,-5.166211537415571,-0.3492447834794006,-5.146313771953515,-0.387346359687291,0.042984313184098864,-0.12172138483070925,-6.974121627287361,0.15844201916661582,-0.071092653098348
56.64,-5.163468708773938,-0.35083068123827404,-5.146313771953515,-0.387346359687291,0.040344598522041634,-0.12375523445306014,-7.090652626812343,0.15840252819177003,-0.06682296186777403
56.66,-5.160729811265941,-0.3524190824363978,-5.146313771953515,-0.387346359687291,0.03778540572255638,-0.12604519662836178,-7.221857794701724,0.1582676013606399,-0.060422050124908644
56.68,-5.157995307304502,-0.35400921646415295,-5.146313771953515,-0.387346359687291,0.03532454368334282,-0.12864616807497198,-7.370882481226524,0.1581429167116788,-0.054391127225494884
56.7,-5.15526442111447,-0.3556010843873283,-5.146313771953515,-0.387346359687291,0.0329829747638526,-0.13154829971859838,-7.537162375997682,0.15803232518045718,-0.048900830651454896
56.72,-5.1525368617727265,-0.35719444351650875,-5.146313771953515,-0.387346359687291,0.03078741456614793,-0.1347689508066079,-7.721692090624844,0.15793287642833498,-0.04383303804200711
56.74,-5.1498119789562065,-0.358789350724186,-5.146313771953515,-0.387346359687291,0.02877047467721971,-0.13830403742429165,-7.9242376340313,0.15784419679283346,-0.039178014535901085
56.76,-5.147089930351935,-0.36038534564134855,-5.146313771953515,-0.387346359687291,0.02697218382417233,-0.1422010507170136,-8.147520048410648,0.15776351325151872,-0.03482277362298891
56.78,-5.144370232070283,-0.36198237983695003,-5.146313771953515,-0.387346359687291,0.0254383336939787,-0.14647229601635103,-8.392244377327776,0.15769299665517877,-0.030864796076723877
56.8,-5.141652498016803,-0.3635804103256998,-5.146313771953515,-0.387346359687291,0.02421874942623557,-0.15113676398463072,-8.659498705584163,0.15763087126443587,-0.027233242558266646
56.82,-5.138936554964983,-0.36517928077155426,-5.146313771953515,-0.387346359687291,0.023362421067868466,-0.15623085786617286,-8.951368785439943,0.15757567846841347,-0.02386978067925316
56.84,-5.136222144373347,-0.3667789138563674,-5.146313771953515,-0.387346359687291,0.0229098401396599,-0.1617896954997432,-9.269866720842014,0.1575272662142524,-0.020771452142742675
56.86,-5.133509146093199,-0.3683791511654508,-5.146313771953515,-0.387346359687291,0.022884786268034724,-0.16786473117056233,-9.617940625171377,0.15748479381096914,-0.01790552566993675
56.88,-5.130797296949616,-0.3699799516725374,-5.146313771953515,-0.387346359687291,0.023288476203511006,-0.1745034885063359,-9.998313401722717,0.15744840957370165,-0.015281368565545073
56.9,-5.128086462923906,-0.37158120846033954,-5.146313771953515,-0.387346359687291,0.024099269442651124,-0.1817720893915027,-10.414773555407828,0.15741705958971508,-0.012856606322886321
56.92,-5.125376483732764,-0.373182843532988,-5.146313771953515,-0.387346359687291,0.025277959330056173,-0.18974566868564757,-10.871625996575233,0.15739061894808337,-0.010628325785577708
56.94,-5.122667227293727,-0.37478476983226383,-5.146313771953515,-0.387346359687291,0.0267759708326936,-0.19851590032393218,-11.374123254801045,0.15736869381166585,-0.00858193522135231
56.96,-5.119958519404629,-0.3763869506731327,-5.146313771953515,-0.387346359687291,0.02854308993180571,-0.20818606296238218,-11.928182761189323,0.15735112066233015,-0.006712553827226131
56.98,-5.117250247596683,-0.3779893256218647,-5.146313771953515,-0.387346359687291,0.030532647028086012,-0.21888610301566092,-12.541249896863132,0.15733713474022082,-0.004989277194722419
57.0,-5.114542322641742,-0.37959182077228626,-5.146313771953515,-0.387346359687291,0.0327040955410001,-0.23077691454049698,-13.222543212221757,0.15732646687514062,-0.0034021948835949445
57.02,-5.111834620257174,-0.3811944004468335,-5.146313771953515,-0.387346359687291,0.035023684903155786,-0.24404774484422687,-13.982905779259795,0.15731918636054942,-0.001955842069412128
57.04,-5.109127056842051,-0.3827970078742051,-5.146313771953515,-0.387346359687291,0.0374639611186588,-0.25893902045755746,-14.836113023469725,0.15731469613449178,-0.0006260444385119968
57.06,-5.106419535709551,-0.384399605187528,-5.146313771953515,-0.387346359687291,0.04000291798820474,-0.27574498226115596,-15.799023705473989,0.15731304510668842,0.0005838072431041397
57.08,-5.103711990745298,-0.38600216673081605,-5.146313771953515,-0.387346359687291,0.04262298226094697,-0.29482840737757576,-16.892423423298794,0.15731376929890573,0.0015784396734108697
57.1,-5.101004345639154,-0.3876046486218402,-5.073356224426709,-0.4191440688636528,0.04194226550590394,-0.0426107553892936,-2.4414164456708503,0.15731601201238732,0.0027355615372925968
57.12,-5.098403090179717,-0.3891485046327535,-5.073356224426709,-0.4191440688636528,0.03907786275603151,-0.04030290317000307,-2.3091862537656023,0.14866269837501278,-0.22491276602032428
57.14,-5.095847557693511,-0.39068008716903835,-5.073356224426709,-0.4191440688636528,0.03627751819005415,-0.036991962979611714,-2.1194833546359364,0.14900116737628366,-0.2147275310737662
57.16,-5.0932916109378334,-0.3922265140964266,-5.073356224426709,-0.4191440688636528,0.03349588616523757,-0.033891893826587416,-1.9418624759689485,0.14943265948699214,-0.2002047335986079
57.18,-5.090735114615123,-0.39378700004656786,-5.073356224426709,-0.4191440688636528,0.030740962300737248,-0.0309971094625493,-1.7760035493091024,0.14983742579586234,-0.18671888556309746
57.2,-5.088177126218926,-0.3953611994915291,-5.073356224426709,-0.4191440688636528,0.028022919289503834,-0.028330102584374406,-1.6231953112573196,0.15021625790838655,-0.17424112496278177
57.22,-5.08561879627243,-0.3969476409223712,-5.073356224426709,-0.4191440688636528,0.02535847159479433,-0.025832292930999756,-1.4800813600919172,0.15056723571222896,-0.16286355713102108
57.24,-5.083059890816634,-0.39854574083903627,-5.073356224426709,-0.4191440688636528,0.02276954674157288,-0.023500512877473345,-1.3464802042720645,0.15089637609788653,-0.15232516331953327
57.26,-5.080500490692273,-0.40015476635125546,-5.073356224426709,-0.4191440688636528,0.020288769070119138,-0.021319891214695796,-1.2215397862801112,0.15120418794452029,-0.14260909978414116
57.28,-5.0779406689422215,-0.401774037539615,-5.073356224426709,-0.4191440688636528,0.017964830077511717,-0.01927650134455694,-1.1044621708213693,0.15149232096547394,-0.13364787604386308
57.3,-5.075380249142158,-0.4034030516345897,-5.073356224426709,-0.4191440688636528,0.0158706111871726,-0.017365992916317574,-0.9949981011590812,0.1517623050857786,-0.1253791362898493
57.32,-5.072819987302214,-0.40504082647704437,-5.073356224426709,-0.4191440688636528,0.014113433177973204,-0.01555097419234408,-0.8910051885381799,0.15201471710719616,-0.1177825773990282
57.34,-5.070259250044869,-0.40668724425492925,-5.073356224426709,-0.4191440688636528,0.012836032473247732,-0.01384503008427851,-0.7932617910608131,0.15225332088695254,-0.11069684225373244
57.36,-5.0676980986225475,-0.4083417678796432,-5.073356224426709,-0.4191440688636528,0.012194428816670743,-0.012236332159528795,-0.7010901894612004,0.15247684029349173,-0.10418257924249552
57.38,-5.065136779738868,-0.4100037996469288,-5.073356224426709,-0.4191440688636528,0.012292428252003995,-0.01070713582565952,-0.6134736934836125,0.1526865083055995,-0.0981900796603874
57.4,-5.062575498510117,-0.4116728200029046,-5.073356224426709,-0.4191440688636528,0.01311653959045271,-0.009242039641568334,-0.5295298655544656,0.15288408696538802,-0.09264605348502375
57.42,-5.060014098265257,-0.4133485557200227,-5.073356224426709,-0.4191440688636528,0.014546487655309881,-0.007838143459018343,-0.4490925394198234,0.1530710422812387,-0.08748985780904217
57.44,-5.0574526008199925,-0.41503064062689454,-5.073356224426709,-0.4191440688636528,0.016426975853244048,-0.0064863125326583004,-0.37163833272413255,0.15324756885655155,-0.08271650900282257
57.46,-5.054890880769185,-0.4167188159769122,-5.073356224426709,-0.4191440688636528,0.01862392998148069,-0.005181946458173714,-0.296903661716119,0.15341443387995035,-0.0782958212214302
57.48,-5.05232910940534,-0.41841266476231975,-5.073356224426709,-0.4191440688636528,0.02103983170278009,-0.003910565841779068,-0.22405891824196464,0.15357190966036605,-0.07421920413641647
57.5,-5.0497673025563605,-0.4201118961013369,-5.073356224426709,-0.4191440688636528,0.023608767959539863,-0.002662416911181853,-0.15254525231497712,0.1537211633931168,-0.07043869203970932
57.52,-5.047205596387803,-0.4218161699392636,-5.073356224426709,-0.4191440688636528,0.026286792710170623,-0.001423438601783511,-0.08155702427819823,0.15386279687992221,-0.06693082507391868
57.54,-5.044643873497113,-0.4235253216341706,-5.073356224426709,-0.4191440688636528,0.029044697824963668,-0.00018622615492347452,-0.010669972712064506,0.15399771089024128,-0.06365884805625832
57.56,-5.042082143155124,-0.425239116991614,-5.073356224426709,-0.4191440688636528,0.031862482186167725,0.0010621262695432732,0.060855352554804024,0.15412601018076622,-0.06062066906620256
57.58,-5.039520308692764,-0.42695739931691873,-5.073356224426709,-0.4191440688636528,0.034726320368367945,0.002333730511408727,0.13371290882462727,0.15424816297255894,-0.05779824177321036
57.6,-5.036958688880361,-0.42867977326029355,-5.073356224426709,-0.4191440688636528,0.037625925266865666,0.003655452787862945,0.20944201695387737,0.1543643239426018,-0.05518713223962024
57.62,-5.034396890751586,-0.4304063058021653,-5.001150348777777,-0.4525954827005746,0.03997114114764735,0.05891575595203569,3.3756241628744044,0.15447574265063935,-0.05273487670764965
57.64,-5.032069521596883,-0.4319837919060051,-5.001150348777777,-0.4525954827005746,0.0371596157841905,0.06615510898740795,3.790408538206457,0.13343303392945316,-0.3905878622922909
57.66,-5.029863631803501,-0.433503070411066,-5.001150348777777,-0.4525954827005746,0.034481485309479934,0.07535613453177081,4.317588469090509,0.134009935352708,-0.3756650841824083
57.68,-5.027656361726022,-0.43504725454001186,-5.001150348777777,-0.4525954827005746,0.03178850474601909,0.08435008490139573,4.832903866420144,0.13476574235786742,-0.35188327180413204
57.7,-5.025448717334439,-0.4366144418860401,-5.001150348777777,-0.4525954827005746,0.029082716173548455,0.09320117746060852,5.340034114142684,0.13547426526709927,-0.3300588982835251
57.72,-5.023240887420909,-0.43820336910146535,-5.001150348777777,-0.4525954827005746,0.026365220108949323,0.10195299374254065,5.8414762501712705,0.13614093037985775,-0.3099415964163965
57.74,-5.021031430261696,-0.4398138651112496,-5.001150348777777,-0.4525954827005746,0.023635294564907976,0.11059351858723222,6.336541856550029,0.1367688604959394,-0.29138970487341265
57.76,-5.0188216708373306,-0.4414439258359952,-5.001150348777777,-0.4525954827005746,0.02089576138446267,0.11921138004354416,6.830308946425168,0.13735535028738255,-0.27453002249377967
57.78,-5.016612710492779,-0.4430918684654265,-5.001150348777777,-0.4525954827005746,0.018149471434067994,0.12788349615013084,7.327184598780009,0.13790778227078526,-0.2590278794206702
57.8,-5.014403272742496,-0.44475771204055775,-5.001150348777777,-0.4525954827005746,0.015397098510226925,0.13660807399756192,7.827066087471142,0.13843203888939115,-0.24461827473176712
57.82,-5.0121939298645195,-0.44644017837569583,-5.001150348777777,-0.4525954827005746,0.01264311886170976,0.14544848994292747,8.333584610280743,0.13892559832271445,-0.2314198853903271
57.84,-5.009984788283753,-0.4481384041942004,-5.001150348777777,-0.4525954827005746,0.009895093238405048,0.15445445402038205,8.84958834236532,0.13939239761207034,-0.2192582524540576
57.86,-5.007775934610638,-0.4498515936861681,-5.001150348777777,-0.4525954827005746,0.0071712840239380295,0.16367780943680033,9.378047680675216,0.13983456260948657,-0.20804151632525247
57.88,-5.005567442100159,-0.45157901013975793,-5.001150348777777,-0.4525954827005746,0.004532541217189788,0.17317358084533263,9.922115305605114,0.14025401066466436,-0.1976875637460518
57.9,-5.003359372690772,-0.45331997115182526,-5.001150348777777,-0.4525954827005746,0.0023247946498945998,0.18300090836901173,10.485179696604678,0.1406524919797647,-0.1881220558774821
57.92,-5.001151778687161,-0.45507384427430136,-5.001150348777777,-0.4525954827005746,0.002478361986225235,0.1932241224651438,11.070926717371696,0.1410316057451677,-0.1792776063597179
57.94,-4.998944704191614,-0.4568400430187528,-5.001150348777777,-0.4525954827005746,0.004783425585824854,0.20391400321631692,11.683411767912053,0.14139281429441652,-0.17109306551854608
57.96,-4.996738186322994,-0.45861802318935896,-5.001150348777777,-0.4525954827005746,0.0074658001223208564,0.21514927478759632,12.327145410629681,0.141737455788693,-0.16351288544935727
57.98,-4.994532256255297,-0.46040727951732907,-5.001150348777777,-0.4525954827005746,0.010238325944330936,0.22701839942180335,13.0071961586845,0.14206675561498905,-0.15648655605937645
58.0,-4.992326940102952,-0.46220734257168133,-5.001150348777777,-0.4525954827005746,0.013047620121109108,0.2396217534168139,13.72931515030795,0.14238183662658166,-0.1499681038813483
58.02,-4.9901222596756964,-0.4640177759232904,-5.001150348777777,-0.4525954827005746,0.015877264616713245,0.2530742914561416,14.50008880370062,0.14268372837102916,-0.14391564605253926
58.04,-4.98791823312244,-0.46583817354093277,-5.001150348777777,-0.4525954827005746,0.01872051669718351,0.26750883742644543,15.327127366986602,0.14297337540205568,-0.13829099310525006
58.06,-4.985714652855766,-0.4676683248887632,-5.001150348777777,-0.4525954827005746,0.021574319925013758,0.28307604356277977,16.219062577408717,0.14325164478434793,-0.1330592943954434
58.08,-4.983511974036129,-0.4695075259223961,-5.001150348777777,-0.4525954827005746,0.024436232718313425,0.2999663138265785,17.1868037783597,0.14351880971363862,-0.1282122333673419
58.1,-4.981309783108595,-0.4713557898234708,-5.001150348777777,-0.4525954827005746,0.02730562523397908,0.3183875862174171,18.242264939615616,0.1437766882993241,-0.12367213175046299
58.12,-4.979108494726145,-0.47321248282802336,-5.001150348777777,-0.4525954827005746,0.030181186595107566,0.33860385762255196,19.400571968620856,0.14402494058458615,-0.1194576517216106
58.14,-4.97690829249208,-0.4750771940364544,-5.001150348777777,-0.4525954827005746,0.033062132985467396,0.36092623751290215,20.679550125025624,0.14426512023217875,-0.11550264548854106
58.16,-4.974708243984989,-0.47695041873379035,-5.001150348777777,-0.4525954827005746,0.035949239422480385,0.38571841554546327,22.10003729122833,0.1444981030271908,-0.11177086916946966
58.18,-4.9727593851563885,-0.47862416729667023,-5.001150348777777,-0.4525954827005746,0.03851673970047374,0.41582536223135447,23.825038270355275,0.12369942798966527,-0.43705571137586663
58.2,-4.970886865301637,-0.4802603891720223,-4.931632345338916,-0.4912603670189965,0.040766614406123426,0.20093530499476955,11.512744931374266,0.12444611788127169,-0.4179661108355548
58.22,-4.9690154366315955,-0.4819228828920957,-4.931632345338916,-0.4912603670189965,0.038531599037892564,0.2132809639294381,12.220099083638749,0.1252877769859051,-0.39391493621809825
58.24,-4.967145616086137,-0.4836100296748977,-4.931632345338916,-0.4912603670189965,0.036327951506297945,0.22558628131851732,12.92514183560193,0.12608282221417966,-0.37177528954268624
58.26,-4.9652757875726525,-0.4853220321989568,-4.931632345338916,-0.4912603670189965,0.03416350429580743,0.2378429183310472,13.627395407443727,0.1268352286556862,-0.35135841323974404
58.28,-4.963407352182161,-0.48705653588892883,-4.931632345338916,-0.4912603670189965,0.03205188381450264,0.25014844711649153,14.332450271526433,0.1275420288605389,-0.33279865053748026
58.3,-4.961541486458423,-0.48881154558840356,-4.931632345338916,-0.4912603670189965,0.030009222730779366,0.2625870048766838,15.045127134415146,0.12821133811726781,-0.3157235551842774
58.32,-4.959676263339188,-0.4905878435418372,-4.931632345338916,-0.4912603670189965,0.028051980761316816,0.27514530983030067,15.76466500609563,0.128849615268134,-0.2998391016062474
58.34,-4.957813242873027,-0.4923831016436882,-4.931632345338916,-0.4912603670189965,0.02620496000243289,0.28792239263358055,16.49673792521275,0.12945247036428853,-0.2853475031872055
58.36,-4.955951597762118,-0.4941972521468952,-4.931632345338916,-0.4912603670189965,0.024495945229320547,0.30094485080432826,17.242869817282248,0.13002751285307035,-0.27190606602112144
58.38,-4.954091837501463,-0.49602902672668614,-4.931632345338916,-0.4912603670189965,0.02296015905012943,0.3142815209182086,18.00700472756585,0.1305740132743871,-0.2595516863446168
58.4,-4.952235561483733,-0.4978762532315672,-4.931632345338916,-0.4912603670189965,0.02163937304747377,0.3280291620273608,18.794686541380823,0.13109558752475436,-0.24812511736360676
58.42,-4.950379734191863,-0.499741161507224,-4.931632345338916,-0.4912603670189965,0.020576405515909117,0.34216579232948047,19.60465579422903,0.13159869370293897,-0.23733880795739903
58.44,-4.94852764832036,-0.5016199166707235,-4.931632345338916,-0.4912603670189965,0.019818464416331446,0.3568372731644507,20.445269725279893,0.13207552858260918,-0.22754940555536063
58.46,-4.946675866346832,-0.5035152975232566,-4.931632345338916,-0.4912603670189965,0.019403372026013003,0.372027095266415,21.315582423276986,0.13253747997725718,-0.21824898243927304
58.48,-4.944826434054062,-0.505424649765466,-4.931632345338916,-0.4912603670189965,0.019357450316223754,0.38785728182441,22.222585301954826,0.13297583802778234,-0.20983438657085074
58.5,-4.942979042349058,-0.5073477699653063,-4.931632345338916,-0.4912603670189965,0.019686342133491807,0.4043982373371634,23.17031224194925,0.13339803118128657,-0.20197743346050956
58.52,-4.941133696495056,-0.5092841604296945,-4.931632345338916,-0.4912603670189965,0.02037480804090683,0.4217342573165505,24.163593020322605,0.13380434313559064,-0.1946703163413499
58.54,-4.9392904004010685,-0.5112333552848454,-4.931632345338916,-0.4912603670189965,0.02139079399187168,0.4399573079644608,25.207696912301003,0.13419587590486337,-0.18786847089058423
58.56,-4.937448885400165,-0.5131951848572632,-4.931632345338916,-0.4912603670189965,0.022692914574422834,0.4591637197507768,26.30814324724723,0.1345736534002384,-0.1815307521790821
58.58,-4.935609685230202,-0.5151686945841621,-4.931632345338916,-0.4912603670189965,0.024236900783187437,0.4794727986053265,27.471767751411313,0.13493798244943456,-0.17564825130989004
58.6,-4.933772782772461,-0.5171535392363118,-4.931632345338916,-0.4912603670189965,0.025981490332205162,0.5010046908293002,28.705454300775564,0.13529104370326728,-0.1701275321702722
58.62,-4.931937437032151,-0.5191501271100343,-4.931632345338916,-0.4912603670189965,0.027891428770805637,0.5238836065420218,30.016319610950053,0.13563350705600996,-0.1649426027106049
58.64,-4.930104826148299,-0.5211568820515221,-4.931632345338916,-0.4912603670189965,0.029935512789456817,0.5482712344105974,31.413627760155066,0.1359644292487694,-0.16014023480503958
58.66,-4.928273567628749,-0.5231749601231248,-4.931632345338916,-0.4912603670189965,0.032090849797230175,0.5743158037802149,32.90587166426984,0.1362871109024777,-0.15557587423165042
58.68,-4.926444551623454,-0.5252030908351599,-4.931632345338916,-0.4912603670189965,0.034336885468757065,0.6022058377341455,34.50385290030663,0.1365991755242213,-0.1513603972747024
58.7,-4.924617762511786,-0.5272410233929645,-4.931632345338916,-0.4912603670189965,0.036658041482602946,0.6321371570355314,36.218791171534505,0.13690316096268695,-0.14738343617037852
58.72,-4.922933476583954,-0.5291355205301473,-4.931632345338916,-0.4912603670189965,0.03886126054452296,0.6652362509073835,38.11522955609895,0.12338804459677277,-0.3500297117753348
58.74,-4.92130014206214,-0.5309983100012462,-4.931632345338916,-0.4912603670189965,0.04105920770074778,0.700655174659327,40.144584401980985,0.1239940079914792,-0.3376032341534385
58.76,-4.919669587319003,-0.5328829713965776,-4.931632345338916,-0.4912603670189965,0.04330760642907464,0.738256775413082,42.29899742810708,0.12467418505313077,-0.3214186796052232
58.78,-4.918042964500454,-0.5347872910213289,-4.931632345338916,-0.4912603670189965,0.045598951574324316,0.7782751786338004,44.59188303550698,0.12532025932534552,-0.3065470547969351
58.8,-4.916419842015219,-0.5367108967776726,-4.931632345338916,-0.4912603670189965,0.04792881088361993,0.8209275471299231,47.03568373657157,0.1259378149247592,-0.2927368643862449
58.82,-4.914799829963424,-0.5386533832693639,-4.868256086305525,-0.5392137442221207,0.04654711675377488,0.32577499049512637,18.66553202628525,0.1265274317125531,-0.2799656523322369
58.84,-4.9131837228621995,-0.5406130632490571,-4.868256086305525,-0.5392137442221207,0.044949422914068365,0.33841351059480207,19.38966588728793,0.12708991726202434,-0.268201584851524
58.86,-4.911571490521361,-0.542589277470785,-4.868256086305525,-0.5392137442221207,0.04344673137411,0.35130085116656906,20.12805611119789,0.1276298496535766,-0.2572437745296252
58.88,-4.909961719886395,-0.5445829683987946,-4.868256086305525,-0.5392137442221207,0.0420498328253652,0.36444133898367703,20.88095060386125,0.12814872032897995,-0.24703015156113395
58.9,-4.908356106291205,-0.5465914611422144,-4.868256086305525,-0.5392137442221207,0.04077305862705101,0.37792370031381883,21.653433005948763,0.12864380199633096,-0.2376886763361119
58.92,-4.906753653878157,-0.5486153659102871,-4.868256086305525,-0.5392137442221207,0.03962894395989843,0.3917665002313728,22.446567017868652,0.12912198179226841,-0.2289163708973918
58.94,-4.905155252724419,-0.5506530436867212,-4.868256086305525,-0.5392137442221207,0.03863167165228589,0.40603663363265385,23.26418543485072,0.129581568996473,-0.22079431653942994
58.96,-4.9035597013654115,-0.552705438800309,-4.868256086305525,-0.5392137442221207,0.0377937965662059,0.4207549042588903,24.10748022346544,0.1300264064531209,-0.2131556721424177
58.98,-4.901967553805144,-0.5547713323668676,-4.868256086305525,-0.5392137442221207,0.03712817784189561,0.4359854380835704,24.980125531350854,0.13045424552764473,-0.20610650997454627
59.0,-4.900379312653146,-0.5568496447695753,-4.868256086305525,-0.5392137442221207,0.03664596374909798,0.45179103376646546,25.885719456670934,0.1308678683809017,-0.1995278594962846
59.02,-4.898794164879294,-0.5589409721831273,-4.868256086305525,-0.5392137442221207,0.036355711600836525,0.468212235949307,26.82658503627877,0.13126955556126418,-0.19332232417013095
59.04,-4.897212092074777,-0.561044893334883,-4.868256086305525,-0.5392137442221207,0.03626360905498246,0.48531013084230973,27.806222252206112,0.1316580618711427,-0.187550520516222
59.06,-4.895633551903764,-0.563160423389344,-4.868256086305525,-0.5392137442221207,0.03637264172040118,0.503156889518646,28.828766202348664,0.13203431727362158,-0.1821758761000325
59.08,-4.894058507716034,-0.5652872547867283,-4.868256086305525,-0.5392137442221207,0.0366823241331324,0.5218197503823082,29.898069363476388,0.13240028141976445,-0.17711504237738485
59.1,-4.892486263068295,-0.5674259403190034,-4.868256086305525,-0.5392137442221207,0.03718910424524961,0.5413628182056034,31.01780466848912,0.13275653583901814,-0.17234601846882747
59.12,-4.890917447960392,-0.5695753051369786,-4.868256086305525,-0.5392137442221207,0.037886167571282756,0.5618735453226036,32.19298276703776,0.13310218168194332,-0.16791364079005167
59.14,-4.889351618334678,-0.5717356281017624,-4.868256086305525,-0.5392137442221207,0.03876460244441986,0.5834312807976118,33.42815002561518,0.1334393386763555,-0.16372665044672718
59.16,-4.887788956839389,-0.573906361084006,-4.868256086305525,-0.5392137442221207,0.03981344868280368,0.6061286400536066,34.72861291707588,0.1337676293768464,-0.15980597516562778
59.18,-4.886229634179439,-0.5760870013544639,-4.868256086305525,-0.5392137442221207,0.04102054990762281,0.6300631908324091,36.09996166124282,0.1340880254627752,-0.1561115435483318
59.2,-4.8846736205233965,-0.5782773368060194,-4.868256086305525,-0.5392137442221207,0.042373337080713995,0.6553366765207703,37.54802572477021,0.13440135687994292,-0.15260917968495935
59.22,-4.8831203373174334,-0.5804779043412975,-4.868256086305525,-0.5392137442221207,0.043859740862048954,0.6820552692041941,39.07888832005951,0.1347079761850889,-0.14928600787500468
59.24,-4.881570309353453,-0.5826877323957813,-4.868256086305525,-0.5392137442221207,0.04546708901055315,0.7103366648364771,40.69929292852905,0.13500721283636885,-0.1461757776261008
59.26,-4.880023164290781,-0.584907113573371,-4.868256086305525,-0.5392137442221207,0.04718419361376105,0.7403003623522648,42.416086334790315,0.13530049746086625,-0.14321661058358526
59.28,-4.878554861757831,-0.5870296726923823,-4.868256086305525,-0.5392137442221207,0.04891245026872185,0.7725915134753649,44.26623300976308,0.12752919303187227,-0.258949734287528
59.3,-4.877109986827596,-0.5891413083232716,-4.868256086305525,-0.5392137442221207,0.05070654012579909,0.8067264730371781,46.22202212650471,0.12800358621256613,-0.2508210264912103
59.32,-4.875669976407491,-0.5912683424618576,-4.868256086305525,-0.5392137442221207,0.05257991027326359,0.8426650389288548,48.2811502738506,0.12850766687932946,-0.2411305641181194
59.34,-4.87423467254281,-0.5934103143497154,-4.868256086305525,-0.5392137442221207,0.0545253308746673,0.8805179500005178,50.44996232054091,0.1289928351476899,-0.23209804468515838
59.36,-4.872804007886619,-0.5955666690847883,-4.816409230361253,-0.5993427614453797,0.05652105630339223,0.3268248007145539,18.72568172114815,0.1294597409938092,-0.22369882021866516
59.38,-4.871377917135541,-0.5977368880553747,-4.816409230361253,-0.5993427614453797,0.05499213902945117,0.33831720800796183,19.38414815550579,0.12990965840362634,-0.215881299767684
59.4,-4.869956084790721,-0.5999208422611828,-4.816409230361253,-0.5993427614453797,0.05354997475928702,0.3500780729465408,20.057996079909753,0.13034376626017696,-0.2085981126837
59.42,-4.868539181745416,-0.602117008075016,-4.816409230361253,-0.5993427614453797,0.05220371898320348,0.3621596790811691,20.750221121163317,0.13076241912490794,-0.2018388839558627
59.44,-4.867126203465216,-0.6043263793887795,-4.816409230361253,-0.5993427614453797,0.05096123829572728,0.37457422081967084,21.46152196736847,0.1311688005853906,-0.19546600121100877
59.46,-4.865717552727181,-0.6065478399284456,-4.816409230361253,-0.5993427614453797,0.049831955716081094,0.38737053125192467,22.19469654847584,0.13156100716500418,-0.1895698157250436
59.48,-4.864313387987806,-0.608780707734402,-4.816409230361253,-0.5993427614453797,0.04882502583782375,0.40059175665495356,22.952216964060547,0.13194132603442377,-0.1840529610058761
59.5,-4.862913233675231,-0.6110252871150896,-4.816409230361253,-0.5993427614453797,0.047948970064537536,0.41427005699303043,23.73592584434472,0.13231108701385885,-0.17886026471847227
59.52,-4.861517242860018,-0.6132809268360222,-4.816409230361253,-0.5993427614453797,0.04721234209447451,0.4284534252346651,24.548572983870276,0.13266984608315546,-0.17401617819212678
59.54,-4.860125939972533,-0.6155464495667724,-4.816409230361253,-0.5993427614453797,0.04662306519280269,0.443197493953017,25.3933458942827,0.1330188472577376,-0.16946921286731254
59.56,-4.858738702863107,-0.617822505574197,-4.816409230361253,-0.5993427614453797,0.04618750031503963,0.45854054606632355,26.272438025224442,0.1333600591664208,-0.16513440525001144
59.58,-4.8573551202208565,-0.6201093885826493,-4.816409230361253,-0.5993427614453797,0.045910986692219644,0.47453014288896056,27.188574439277335,0.13369249538186523,-0.16105977227454105
59.6,-4.855975506542304,-0.6224062470923599,-4.816409230361253,-0.5993427614453797,0.04579753902802723,0.49122923953904407,28.14536219900817,0.13401583731651456,-0.15726371196955746
59.62,-4.854599820663735,-0.6247128411694975,-4.816409230361253,-0.5993427614453797,0.04584934168404284,0.5086988198615869,29.14629542135467,0.13433150355934842,-0.1536860438633436
59.64,-4.853228021753953,-0.6270289469507911,-4.816409230361253,-0.5993427614453797,0.046066780519797776,0.5270043248100484,30.195123596757355,0.1346399489484007,-0.15030962993933805
59.66,-4.851860070762807,-0.6293543530318872,-4.816409230361253,-0.5993427614453797,0.04644844146719846,0.5462161590894489,31.29588061767176,0.1349415811324306,-0.14711924074095606
59.68,-4.850495930362407,-0.631688859497315,-4.816409230361253,-0.5993427614453797,0.046991203178404585,0.5664100691700985,32.45290643715967,0.13523677673097367,-0.14410086537464117
59.7,-4.849135866301268,-0.6340317834648808,-4.816409230361253,-0.5993427614453797,0.0476902605216169,0.5876693038138263,33.67097085792358,0.13552588397516274,-0.14124160237383165
59.72,-4.847779249717146,-0.6363839486018503,-4.816409230361253,-0.5993427614453797,0.04853995941850151,0.6100772233128068,34.954850072884064,0.13580979681178107,-0.13850328210884832
59.74,-4.8464261959182995,-0.6387449130451551,-4.816409230361253,-0.5993427614453797,0.049533299627065104,0.633729233765437,36.310010448819085,0.13608762487287152,-0.13592923188143757
59.76,-4.845076958330339,-0.6411140303733637,-4.816409230361253,-0.5993427614453797,0.050662387772029624,0.6587264879214143,37.74224761137244,0.13635999814720634,-0.13349348615188106
59.78,-4.843731367767234,-0.6434913915512468,-4.816409230361253,-0.5993427614453797,0.05191917499976251,0.6851745584450489,39.25761042864106,0.13662771584286304,-0.131161820255965
59.8,-4.842389261211351,-0.6458770770811386,-4.816409230361253,-0.5993427614453797,0.05329544572156696,0.7131857821698098,40.86253532706658,0.1368907389842633,-0.12893821324411192
59.82,-4.841050875392595,-0.6482704877061577,-4.816409230361253,-0.5993427614453797,0.054782598212391224,0.7428773318358513,42.56373581013383,0.13714906013282402,-0.12682526158269702
59.84,-4.839715925834612,-0.6506719419507758,-4.816409230361253,-0.5993427614453797,0.05637274895943447,0.7743714943677202,44.368218402508965,0.1374033445407541,-0.12479435353873747
59.86,-4.838416094661281,-0.6530261433317895,-4.816409230361253,-0.5993427614453797,0.058019027629580056,0.8080202464184387,46.29614988089731,0.13391159205990988,-0.1790231394660502
59.88,-4.837127091654747,-0.6553803924091746,-4.816409230361253,-0.5993427614453797,0.059744839614906564,0.8436621557242747,48.338280857909766,0.13425274519143215,-0.17441861321021435
59.9,-4.8358428939390805,-0.6577452088249846,-4.778207790968484,-0.6690479986920227,0.05873293925226047,0.2909821353082307,16.672048266866273,0.13460296377720837,-0.16926669622496782
59.92,-4.8345633889215796,-0.6601203307860888,-4.778207790968484,-0.6690479986920227,0.05705836200671752,0.30084029088162156,17.236878975004938,0.13494304274530577,-0.16443178426861493
59.94,-4.833288332779238,-0.6625057456001044,-4.778207790968484,-0.6690479986920227,0.05546771278577307,0.3109836073137501,17.8180481968316,0.13527335678826802,-0.1599006581676221
59.96,-4.832017975602278,-0.6649005878502556,-4.778207790968484,-0.6690479986920227,0.05396977845992515,0.3214492024231113,18.417682626690755,0.13559406433110155,-0.15567027971563618
59.98,-4.83075208957796,-0.6673048921367243,-4.778207790968484,-0.6690479986920227,0.05257320360055017,0.33226417435473665,19.03733487392533,0.13590667400418255,-0.15167641425728462
60.0,-4.829490755786872,-0.6697181461475457,-4.778207790968484,-0.6690479986920227,0.051287343255195045,0.3434644213598543,19.679061756822612,0.1362112249934988,-0.14792077500769274
60.02,-4.828233906885344,-0.6721401382171409,-4.778207790968484,-0.6690479986920227,0.05012158816887104,0.3550845836283418,20.344848012064112,0.13650856879916518,-0.14436820913177328
60.04,-4.826981199111536,-0.6745711784029129,-4.778207790968484,-0.6690479986920227,0.04908513885085344,0.3671570481780563,21.036549279084056,0.13679908150123765,-0.1410047737104847
60.06,-4.825732711309841,-0.677010788533377,-4.778207790968484,-0.6690479986920227,0.048187385024608946,0.37972546889358905,21.756666741228877,0.1370824364233414,-0.13784837867403255
60.08,-4.824488125161738,-0.6794592572487999,-4.778207790968484,-0.6690479986920227,0.047436943807283874,0.39283007563828454,22.507505399878603,0.13735939573882305,-0.13486758469238858
60.1,-4.823247778268341,-0.6819156464408435,-4.778207790968484,-0.6690479986920227,0.04684204110154696,0.4065251322336796,23.29217434298754,0.13762972706787835,-0.1320760146972244
60.12,-4.822011494946031,-0.6843800320012918,-4.778207790968484,-0.6690479986920227,0.046409435759865704,0.42086035355904383,24.113522023316847,0.13789471656817653,-0.12941798084309397
60.14,-4.820779105831332,-0.6868524788549781,-4.778207790968484,-0.6690479986920227,0.046144516066644894,0.43589068750439997,24.974696723057967,0.13815434994048914,-0.1268965907119668
60.16,-4.819550686263415,-0.6893325892103312,-4.778207790968484,-0.6690479986920227,0.046051054318692226,0.4516793268505493,25.879319121846518,0.13840864740037873,-0.12451342895514195
60.18,-4.8183266530554185,-0.6918193282894461,-4.778207790968484,-0.6690479986920227,0.04613086327812422,0.4682974087357824,26.83146507747318,0.13865815089104672,-0.12224612542022228
60.2,-4.817106173867348,-0.6943141345487288,-4.778207790968484,-0.6690479986920227,0.04638385293694549,0.48581034606818235,27.834882473496794,0.1389040035251199,-0.12004422697220463
60.22,-4.815889649260654,-0.6968159759179473,-4.778207790968484,-0.6690479986920227,0.04680793739923503,0.5043024850151175,28.894403989325678,0.13914475254841463,-0.11797627911369624
60.24,-4.814676718771822,-0.6993253664348454,-4.778207790968484,-0.6690479986920227,0.04739938493861736,0.5238596640993494,30.01494781003369,0.13938153228618688,-0.1159923895621695
60.26,-4.8134676634216875,-0.7018415355447223,-4.778207790968484,-0.6690479986920227,0.048152618461778054,0.5445800292111052,31.20213728090741,0.13961391384347266,-0.1141142611837953
60.28,-4.812262344861124,-0.7043645809082361,-4.778207790968484,-0.6690479986920227,0.049060917442107735,0.5665679973282214,32.46195505408639,0.13984270580476021,-0.1123065519625932
60.3,-4.811060628472383,-0.7068945915920857,-4.778207790968484,-0.6690479986920227,0.05011659930802074,0.589938225111325,33.8009704723176,0.14006786122164883,-0.11057307206630007
60.32,-4.809862679971344,-0.7094310515442128,-4.778207790968484,-0.6690479986920227,0.05131104126254101,0.6148158915323735,35.226355762378006,0.14028935406180665,-0.10891671462065489
60.34,-4.808668370858194,-0.7119740626797978,-4.778207790968484,-0.6690479986920227,0.05263548134766109,0.6413364295560249,36.74587066154945,0.14050768439890504,-0.10731591790102968
60.36,-4.807477575895217,-0.7145237185529327,-4.778207790968484,-0.6690479986920227,0.0540810632895213,0.6696467679148278,38.367933566096184,0.14072279647416863,-0.10577468672390289
60.38,-4.8062903595120705,-0.7170797225828397,-4.778207790968484,-0.6690479986920227,0.05563880979971563,0.6999039253854418,40.10154098922509,0.14093465409352746,-0.10429617262719404
60.4,-4.805106784524761,-0.719641793940166,-4.778207790968484,-0.6690479986920227,0.05729998230324073,0.7322740976215705,41.956215240466825,0.14114354214189717,-0.10286857501151658
60.42,-4.803928896488717,-0.722205531538348,-4.749944753396701,-0.7434070764977122,0.057998217335045996,0.23302455188968996,13.351323346206486,0.1410502377272138,-0.10601474094817931
60.44,-4.802754990670292,-0.7247748562630344,-4.749944753396701,-0.7434070764977122,0.05600072135041226,0.24052825682045467,13.78125396945081,0.14126100874207737,-0.10446618799120344
60.46,-4.801584781183675,-0.7273502373778764,-4.749944753396701,-0.7434070764977122,0.05407878098071163,0.2483096313826142,14.22709389067301,0.14147025082920095,-0.10290456713191176
60.48,-4.8004182329487115,-0.7299315902543029,-4.749944753396701,-0.7434070764977122,0.052241371226103575,0.25639063086117464,14.690101055041943,0.1416765284501409,-0.10139366106498571
60.5,-4.799255140052586,-0.7325191981139938,-4.749944753396701,-0.7434070764977122,0.05049812004274566,0.2647932587532593,15.171536170077301,0.14187992013452444,-0.09993106962924436
60.52,-4.798095895115583,-0.7351120532455255,-4.749944753396701,-0.7434070764977122,0.04886041198747962,0.2735489360858926,15.67319952801555,0.14208022105153262,-0.09852758366402092
60.54,-4.796939718361369,-0.7377117147544613,-4.749944753396701,-0.7434070764977122,0.047338819983358815,0.28267779984301356,16.196244893048522,0.14227825865917865,-0.09714606291510997
60.56,-4.795786990369743,-0.7403171707161404,-4.749944753396701,-0.7434070764977122,0.04594625347546383,0.29221669938552064,16.74278357803345,0.14247282708934605,-0.09584359605629977
60.58,-4.794637764188542,-0.7429281640462335,-4.749944753396701,-0.7434070764977122,0.044695576635454475,0.3022011846578124,17.314852444746297,0.14266477477526962,-0.09458231079229051
60.6,-4.793491933141327,-0.7455447959194995,-4.749944753396701,-0.7434070764977122,0.04359961820976299,0.3126685988180862,17.914591098545458,0.14285431778269242,-0.09335326779380537
60.62,-4.792349470241882,-0.7481669899296196,-4.749944753396701,-0.7434070764977122,0.042671029828201,0.32366109678029353,18.544414838086098,0.143041393031762,-0.09216042777260292
60.64,-4.79121042536426,-0.7507945031959058,-4.749944753396701,-0.7434070764977122,0.041921709842936646,0.33522584100906627,19.207025873543053,0.14322607173875568,-0.09100151560414993
60.66,-4.79007462291482,-0.7534276029573409,-4.749944753396701,-0.7434070764977122,0.041362028215132136,0.34741331226626937,19.905316539517788,0.14340853833578748,-0.08986891810391917
60.68,-4.78894211134285,-0.7560660473974871,-4.749944753396701,-0.7434070764977122,0.041000530130980546,0.3602814841462233,20.642608478288075,0.14358861595127337,-0.08877183226063678
60.7,-4.787812866188126,-0.7587097675415365,-4.749944753396701,-0.7434070764977122,0.040843191838626766,0.37389419779254374,21.42255951794238,0.14376648874101505,-0.08770266225477386
60.72,-4.786686863273281,-0.761358696531085,-4.749944753396701,-0.7434070764977122,0.04089307154036338,0.38832262356049274,22.24924741946366,0.14394221481701663,-0.08665961177545256
60.74,-4.785564078820004,-0.7640127691507368,-4.749944753396701,-0.7434070764977122,0.04115010222735873,0.40364628077661346,23.127228304652565,0.14411584695608326,-0.08564109701181266
60.76,-4.78444448941828,-0.7666719217256491,-4.749944753396701,-0.7434070764977122,0.041611114008621546,0.419954182210044,24.061602229503478,0.14428743470427108,-0.08464565696697512
60.78,-4.7833280040831365,-0.7693362474517335,-4.749944753396701,-0.7434070764977122,0.04227012340597403,0.4373460856631902,25.05808489506776,0.1444570246509791,-0.08367194291314384
60.8,-4.782214667198203,-0.7720055257229895,-4.749944753396701,-0.7434070764977122,0.04311865761879835,0.4559343058041655,26.123111457805717,0.1446245632793719,-0.08272328405833917
60.82,-4.781104522316174,-0.7746795450894781,-4.749944753396701,-0.7434070764977122,0.044146330435699606,0.4758447373353195,27.26389515282504,0.14479019957978068,-0.08179354163084795
60.84,-4.779997547078502,-0.7773582530582768,-4.749944753396701,-0.7434070764977122,0.045341512964694526,0.49721886032434626,28.48854219088982,0.1449540655857895,-0.08087727751182605
60.86,-4.778893527873996,-0.7800420453088752,-4.749944753396701,-0.7434070764977122,0.04669210301038276,0.520216817610376,29.806228080801464,0.1451161866462769,-0.07997398450809712
60.88,-4.777792631562624,-0.782730412349414,-4.749944753396701,-0.7434070764977122,0.04818536147887502,0.5450174853476613,31.227201671254175,0.1452763152740566,-0.07909594809230036
60.9,-4.776694774841882,-0.7854234501745503,-4.749944753396701,-0.7434070764977122,0.04980902834094799,0.5718227066954449,32.763027723396156,0.14543477058150955,-0.0782290229306426
60.92,-4.775599936202204,-0.7881211049884569,-4.749944753396701,-0.7434070764977122,0.05155126330804062,0.6008584279663196,34.426652007335505,0.1455914887056764,-0.07737684980080317
60.94,-4.774508094417353,-0.7908233236514167,-4.749944753396701,-0.7434070764977122,0.05340091961977855,0.6323768229166178,36.23252301501404,0.14574649805663142,-0.07653877308611001
60.96,-4.773419169160376,-0.793530195352884,-4.727751852852825,-0.8198246933824527,0.05269634147984921,0.17898037352378404,10.254820018587848,0.14589982702579718,-0.07571412940277078
60.98,-4.772313967333083,-0.7962867449618403,-4.727751852852825,-0.8198246933824527,0.05039659773043259,0.18409510112783845,10.547872323659224,0.14918331372255622,-0.026127460223124288
61.0,-4.77120468565431,-0.7990578431835487,-4.727751852852825,-0.8198246933824527,0.04816026106301256,0.18934800425932297,10.84884150328434,0.14925058294004145,-0.02765430495932364
61.02,-4.770096580514417,-0.8018305639623206,-4.727751852852825,-0.8198246933824527,0.04600939745663711,0.1948984074969109,11.166856183393877,0.14930558617987089,-0.029704702719790532
61.04,-4.768989710210111,-0.8046050950158077,-4.727751852852825,-0.8198246933824527,0.04395676345981125,0.20077004098972295,11.503276001379666,0.14936438046611045,-0.031572270717816764
61.06,-4.767884167739095,-0.807381498192239,-4.727751852852825,-0.8198246933824527,0.04201708943599577,0.20698087277250377,11.85913044979872,0.14942715149315333,-0.03324719351494032
61.08,-4.766780039693743,-0.8101598095670541,-4.727751852852825,-0.8198246933824527,0.040207080809911463,0.21355223386928013,12.235641706300465,0.14949331089519902,-0.034752780778690706
61.1,-4.765677385699212,-0.8129401084330898,-4.727751852852825,-0.8198246933824527,0.03854534409766467,0.22051061744389222,12.634327717358893,0.14956236478127494,-0.036108570471427015
61.12,-4.764576212750468,-0.8157226017562041,-4.727751852852825,-0.8198246933824527,0.037052134048948415,0.22788880787298327,13.057066889389628,0.14963403960592814,-0.037324935331373155
61.14,-4.76347657065136,-0.8185073692738989,-4.727751852852825,-0.8198246933824527,0.03574899725295667,0.23572015437674898,13.505769991959937,0.14970832456704386,-0.03840126377774311
61.16,-4.762378554746065,-0.8212943375179671,-4.727751852852825,-0.8198246933824527,0.034657875553593134,0.24404020947413463,13.982474034356441,0.1497849118288208,-0.03934959642459823
61.18,-4.761282150453701,-0.8240837037013036,-4.727751852852825,-0.8198246933824527,0.03379970452680533,0.2528947121671864,14.489799668355529,0.1498633265216931,-0.04018913830061699
61.2,-4.76018755911035,-0.8268750703458284,-4.727751852852825,-0.8198246933824527,0.03319311458345148,0.26232685800242966,15.030221816466865,0.14994353688981832,-0.04092059310178975
61.22,-4.759094498933106,-0.8296692992296827,-4.727751852852825,-0.8198246933824527,0.03285236258781139,0.272403697245009,15.607582175898466,0.15002486605757426,-0.04157169391061366
61.24,-4.75800331748384,-0.8324655981718837,-4.727751852852825,-0.8198246933824527,0.03278633230809712,0.2831791617299195,16.22497081317695,0.15010794433436558,-0.042115868006398216
61.26,-4.7569137724558255,-0.835264690816796,-4.727751852852825,-0.8198246933824527,0.03299713738651241,0.29473431549924656,16.887032355784072,0.15019184956654996,-0.04259094157910148
61.28,-4.755826065588558,-0.8380661387507015,-4.727751852852825,-0.8198246933824527,0.03348002015910323,0.3071485820163523,17.598317432964805,0.15027693643494544,-0.042982174951466945
61.3,-4.754740154052523,-0.8408701204319821,-4.727751852852825,-0.8198246933824527,0.03422394485360582,0.32052046511684695,18.364469898765456,0.15036274429096608,-0.04330825462250942
61.32,-4.753655992571024,-0.8436768161343353,-4.727751852852825,-0.8198246933824527,0.03521289840826549,0.33496330951459785,19.19198392692075,0.1504492303685545,-0.043570897344524795
61.34,-4.752573717774877,-0.8464859185897036,-4.727751852852825,-0.8198246933824527,0.03642726873868424,0.35060423016789233,20.088142668053525,0.15053631963457548,-0.04377323761683982
61.36,-4.751493247176037,-0.8492976816856797,-4.727751852852825,-0.8198246933824527,0.037845882787066555,0.3675960705556195,21.061703408430226,0.15062378517347597,-0.04392434121869293
61.38,-4.750414620970613,-0.8521120324456433,-4.727751852852825,-0.8198246933824527,0.039447095235797036,0.38611436475845884,22.1227235100345,0.15071158852553168,-0.04402600743746987
61.4,-4.749337814725108,-0.854929058327334,-4.727751852852825,-0.8198246933824527,0.04121007386713926,0.4063660931247671,23.283062073269335,0.15079961004058617,-0.044083116435000846
61.42,-4.748262896336458,-0.8577485974372425,-4.727751852852825,-0.8198246933824527,0.0431152572014174,0.4285925364962766,24.55654347204335,0.150887764850971,-0.04409931980919879
61.44,-4.747189869291768,-0.8605706495463891,-4.727751852852825,-0.8198246933824527,0.045144982299188396,0.45307956087701773,25.959546621893768,0.15097595862947344,-0.04407838267050934
61.46,-4.746118641405443,-0.8633954597286948,-4.727751852852825,-0.8198246933824527,0.04728372449094276,0.48016734608771305,27.5115623908235,0.1510641237705279,-0.04402317837048919
61.48,-4.745049370155455,-0.8662226118885084,-4.708430880003255,-0.897028193669412,0.047852875461007326,0.11482105645256047,6.578761933965083,0.15115218116754647,-0.04393743358921398
61.5,-4.743948453168515,-0.8691354120025561,-4.708430880003255,-0.897028193669412,0.04516088210680203,0.1170120279301743,6.7042953526658975,0.158314422364203,0.06668871928794395
61.52,-4.742825680141548,-0.8720949381515524,-4.708430880003255,-0.897028193669412,0.042481401898619264,0.11893080122188326,6.814232964123245,0.15825101588644586,0.06254992536702808
61.54,-4.741700214276983,-0.8750507871892808,-4.708430880003255,-0.897028193669412,0.039872985825116475,0.12111219029841669,6.939217351684551,0.1581242605174893,0.05642728451826784
61.56,-4.740572361724941,-0.8780032322992396,-4.708430880003255,-0.897028193669412,0.03735002011247139,0.1235659727033953,7.079808727333286,0.1580095691554817,0.0507571193653078
61.58,-4.739442371306789,-0.8809526124867326,-4.708430880003255,-0.897028193669412,0.034930458102207775,0.12630071821631073,7.23649810326568,0.15790635386583318,0.045521310654272895
61.6,-4.738310426271214,-0.8838993240763114,-4.708430880003255,-0.897028193669412,0.032636704827107586,0.1293225516834191,7.409636407322374,0.15781374050192198,0.040688931797205896
61.62,-4.737176856685733,-0.8868434073319597,-4.708430880003255,-0.897028193669412,0.030496902271691686,0.13265949591126236,7.600829228048334,0.15773042968554307,0.03621017256483228
61.64,-4.7360417132749895,-0.8897854482505364,-4.708430880003255,-0.897028193669412,0.028544972852713655,0.13630997780457954,7.809986433724335,0.15765711358790568,0.03211980871387077
61.66,-4.734905265692858,-0.8927254706536831,-4.708430880003255,-0.897028193669412,0.026821754659081355,0.14030699122357193,8.038998433289754,0.15759123782457252,0.028313498324772368
61.68,-4.733767680776553,-0.8956637262488187,-4.708430880003255,-0.897028193669412,0.025373514631750155,0.14467383718898397,8.289200276891595,0.15753346893410125,0.024823799250617284
61.7,-4.732629081649601,-0.8986004931496718,-4.708430880003255,-0.897028193669412,0.024249228618099337,0.1494349508619306,8.561991996133466,0.15748312339498582,0.021625533129787655
61.72,-4.731489603862081,-0.9015359637877726,-4.708430880003255,-0.897028193669412,0.023495206690675792,0.15462393778648995,8.859299046859286,0.15743923267512727,0.01868081928146914
61.74,-4.7303493721878445,-0.9044703146476871,-4.708430880003255,-0.897028193669412,0.023147472093107486,0.16028048406199535,9.183395275066191,0.15740128209351667,0.015970756190863966
61.76,-4.7292084830227985,-0.9074037359937844,-4.708430880003255,-0.897028193669412,0.023224139720613657,0.16644890051727645,9.536819504232845,0.1573687985676031,0.01347792801142944
61.78,-4.728067072441415,-0.910336314827024,-4.708430880003255,-0.897028193669412,0.023721006349101778,0.1731896106723623,9.92303374704024,0.15734109486293946,0.011175418778153201
61.8,-4.726925224870669,-0.913268223441414,-4.708430880003255,-0.897028193669412,0.024612585379645942,0.1805655448891548,10.345643647628583,0.15731828352354427,0.00907040688336025
61.82,-4.725783005485276,-0.9161996195262088,-4.708430880003255,-0.897028193669412,0.025858070850828356,0.18865064530263664,10.808885778260569,0.15729972170666073,0.007137538718948733
61.84,-4.724640513382637,-0.9191305712299604,-4.708430880003255,-0.897028193669412,0.027409255884153487,0.19754219001732132,11.318333763763855,0.1572846734816835,0.005347117646437027
61.86,-4.723497832824029,-0.9220611766613983,-4.708430880003255,-0.897028193669412,0.029217517087879227,0.20735346047397005,11.880478152591218,0.15727326307715117,0.0037061618685108044
61.88,-4.722355033591694,-0.9249915463568288,-4.708430880003255,-0.897028193669412,0.03123829615512507,0.21821889244501058,12.503021547118353,0.1572653584672956,0.00221068137906677
61.9,-4.721212168104348,-0.9279217871089359,-4.708430880003255,-0.897028193669412,0.033433148836592236,0.23029931248459556,13.195178630131835,0.15726063800816092,0.0008484367297612039
61.92,-4.720069300632213,-0.930851971206063,-4.708430880003255,-0.897028193669412,0.03577010989059735,0.24379858742752736,13.968630110848531,0.15725853246122412,-0.00040365701781119867
61.94,-4.718926478646125,-0.933782178685396,-4.708430880003255,-0.897028193669412,0.03822319983239754,0.2589627799058535,14.837474339580647,0.1572590893561987,-0.001542348851968356
61.96,-4.71778375254589,-0.9367124783503313,-4.708430880003255,-0.897028193669412,0.0407715424706379,0.27610492095263645,15.819646673379282,0.15726183244604286,-0.0025869703190739557
61.98,-4.716641165170379,-0.9396429285920004,-4.708430880003255,-0.897028193669412,0.043398437933270896,0.2956149519797332,16.937489109401213,0.15726679746173033,-0.0035349889748736985
62.0,-4.7154987554217405,-0.9425735878806126,-4.689341007609549,-0.9742899651602388,0.04111151126326767,0.042765308501075516,2.450271686686568,0.15727358303472272,-0.004402717901363928
62.02,-4.714388651012793,-0.9454121377717272,-4.689341007609549,-0.9742899651602388,0.038227128518065735,0.04083805809181373,2.339848372171007,0.1503034014826099,0.19845724765987782
62.04,-4.713281169334564,-0.9482126210964266,-4.689341007609549,-0.9742899651602388,0.03539998893844922,0.03807895458663313,2.181763386084407,0.15060611032531313,0.18921436991448104
62.06,-4.712160620510834,-0.9510159269648681,-4.689341007609549,-0.9742899651602388,0.03259471716220351,0.035528193503860495,2.0356155414953148,0.15098638764277084,0.17636974033785613
62.08,-4.711027985764778,-0.9538213239214909,-4.689341007609549,-0.9742899651602388,0.029820970736479022,0.033154127605671935,1.899591585243175,0.15134169605159897,0.16449386682659828
62.1,-4.709883661389154,-0.9566296358685011,-4.689341007609549,-0.9742899651602388,0.027090364615510565,0.030979954516031413,1.7750206432758548,0.15167543413623363,0.1534421381033102
62.12,-4.708728631645207,-0.9594400115091315,-4.689341007609549,-0.9742899651602388,0.024421324476531846,0.02896808129746553,1.6597487989366289,0.15198563393257203,0.1433077719681375
62.14,-4.70756336498722,-0.962252851062482,-4.689341007609549,-0.9742899651602388,0.021839103099760813,0.027126501468590858,1.5542340471056857,0.1522763032240526,0.13391951343089126
62.16,-4.706388629723838,-0.9650676810996397,-4.689341007609549,-0.9742899651602388,0.019382258460921637,0.025432368674953798,1.4571673880955744,0.15254695873068158,0.1253042792104253
62.18,-4.705205018008654,-0.9678843407480056,-4.689341007609549,-0.9742899651602388,0.017108443823256325,0.023874673616623765,1.367918035484879,0.15280015186016627,0.1173550277566715
62.2,-4.704013076918096,-0.970702687526555,-4.689341007609549,-0.9742899651602388,0.015104243728698227,0.02244362475132955,1.285924975226535,0.15303724669273322,0.11001671234245336
62.22,-4.702813313124729,-0.9735225925339815,-4.689341007609549,-0.9742899651602388,0.013494142308493181,0.02113042559291145,1.2106842057890463,0.15325948161333258,0.103239617732509
62.24,-4.701606195972682,-0.976343938962732,-4.689341007609549,-0.9742899651602388,0.01243598222757039,0.01992721410804399,1.1417452658444718,0.1534679939778627,0.09697827351384802
62.26,-4.700392160306827,-0.9791666208273876,-4.689341007609549,-0.9742899651602388,0.012079310677124375,0.01882701627176675,1.0787085731963608,0.15366382893011732,0.09119106404331667
62.28,-4.699171609090537,-0.9819905418409519,-4.689341007609549,-0.9742899651602388,0.012487578095593232,0.01782371228776425,1.0212234893443566,0.15384794722175243,0.08583988338251025
62.3,-4.697944859143589,-0.9848157787247944,-4.689341007609549,-0.9742899651602388,0.013594815644780895,0.01691719409430048,0.9692838228070587,0.15402123234338205,0.08088982294651714
62.32,-4.696712441384101,-0.9876417674321709,-4.689341007609549,-0.9742899651602388,0.015251513361019904,0.01608773710210798,0.9217594378668128,0.15418400200175597,0.07633064136092216
62.34,-4.695474426862377,-0.9904690556151405,-4.689341007609549,-0.9742899651602388,0.017302652966492037,0.015351148169290509,0.8795560007803264,0.15433848695760588,0.0720680660215578
62.36,-4.694231252254348,-0.9932972672977277,-4.689341007609549,-0.9742899651602388,0.019626309567307283,0.014694973093902997,0.8419599383389432,0.15448347560544917,0.0681581956263333
62.38,-4.692983146488463,-0.9961264706337392,-4.689341007609549,-0.9742899651602388,0.022138160422842428,0.014121249222680987,0.809087981912015,0.15462057397153117,0.064534034102115
62.4,-4.691730511996529,-0.9989562281860694,-4.689341007609549,-0.9742899651602388,0.024781732442968087,0.013618037926483193,0.7802560984365738,0.15475000445670517,0.06118873636551392
62.42,-4.690473597967863,-1.0017864025200167,-4.689341007609549,-0.9742899651602388,0.027519753421859274,0.013183701072635891,0.7553704298241329,0.15487338551904983,0.05805423429872114
62.44,-4.6892123336804366,-1.0046176473979356,-4.689341007609549,-0.9742899651602388,0.030327955204575558,0.01284021360483423,0.7356900476034619,0.15499137468983903,0.05510405941211438
62.46,-4.68794708841638,-1.007449571860616,-4.689341007609549,-0.9742899651602388,0.03318889162416826,0.012581288144257075,0.72085471150391,0.15510246786156756,0.052406009736216674
62.48,-4.686678054784966,-1.0102821336225876,-4.689341007609549,-0.9742899651602388,0.03609054596938166,0.012412723036377525,0.7111966422492444,0.15520808929609942,0.049900465884933354
62.5,-4.685405410638186,-1.0131152965071908,-4.689341007609549,-0.9742899651602388,0.03902429086763289,0.012343428928795142,0.7072263823396484,0.15530864189088334,0.047571934504997415
62.52,-4.68412932143549,-1.0159490272529323,-4.66784333286335,-1.0509082412371427,0.038566566688852354,-0.04924203457728571,-2.821360755915738,0.15540448432043164,0.04540672208341867
62.54,-4.682946202534525,-1.018559825138734,-4.66784333286335,-1.0509082412371427,0.035700373896925826,-0.05555115505063424,-3.1828467314781888,0.1378994345849982,0.33006132607149574
62.56,-4.681788160883716,-1.021072891694133,-4.66784333286335,-1.0509082412371427,0.032933361669759235,-0.06335764260006327,-3.6301255208818968,0.1384030807483505,0.31671433008972905
62.58,-4.680609339402647,-1.0235900410063514,-4.66784333286335,-1.0509082412371427,0.030153855256185403,-0.07101654796245116,-4.068948473836837,0.13903917880977446,0.29688135314120956
62.6,-4.679411009362616,-1.0261106279749763,-4.66784333286335,-1.0509082412371427,0.027362981619180955,-0.07857106111506118,-4.501790193757461,0.13963690811493734,0.2785982114383856
62.62,-4.678194648854592,-1.0286333045339888,-4.66784333286335,-1.0509082412371427,0.024562625020140935,-0.0860921377817705,-4.932716144154226,0.14019958948257027,0.26171637980132445
62.64,-4.6769600883419,-1.0311603902707263,-4.66784333286335,-1.0509082412371427,0.021750697649672617,-0.09353299422189276,-5.35904581413597,0.14073315134428555,0.24596941013754758
62.66,-4.6757086565254244,-1.033690999755509,-4.66784333286335,-1.0509082412371427,0.018928727388445258,-0.10095496428700867,-5.7842933745395495,0.14123138895447696,0.23164366817707283
62.68,-4.67444152085801,-1.0362243464048766,-4.66784333286335,-1.0509082412371427,0.016098225127570046,-0.10841625296407442,-6.211793725464166,0.14169897401679066,0.2185319757619375
62.7,-4.673159351386689,-1.0387605886339573,-4.66784333286335,-1.0509082412371427,0.01325992144426806,-0.11594718607954535,-6.643284408775958,0.14213997147844992,0.20645505348415583
62.72,-4.671863307467029,-1.0412986905953765,-4.66784333286335,-1.0509082412371427,0.010416508980982703,-0.1236153927475807,-7.082640287288459,0.14255529697120295,0.19537640893796393
62.74,-4.670553739949688,-1.0438392273271695,-4.66784333286335,-1.0509082412371427,0.007570816615997745,-0.13144395362576988,-7.531183785269929,0.14294937338430458,0.18510131600146806
62.76,-4.669231662645802,-1.0463813008929987,-4.66784333286335,-1.0509082412371427,0.004735044716186127,-0.13950130740583466,-7.992836150911421,0.14332163103585316,0.17566022557202743
62.78,-4.667897358505837,-1.0489254406237232,-4.66784333286335,-1.0509082412371427,0.00198353649893893,-0.14782051349522174,-8.469491548732835,0.1436757838166436,0.16689091756005858
62.8,-4.666551718546169,-1.051470858594969,-4.66784333286335,-1.0509082412371427,0.0014088313723341365,-0.15647506207360126,-8.965360655864927,0.14401131951382595,0.15882105606990216
62.82,-4.665194968727806,-1.0540180428356158,-4.66784333286335,-1.0509082412371427,0.004084690756507829,-0.1655114182422297,-9.483105726504345,0.14433138258587164,0.15131424976444485
62.84,-4.663828023766348,-1.056566020777727,-4.66784333286335,-1.0509082412371427,0.006937807757088864,-0.17501974628816638,-10.027892793762389,0.14463551244761064,0.14439556393353037
62.86,-4.662450780906867,-1.0591157970618785,-4.66784333286335,-1.0509082412371427,0.009820569699336297,-0.18505196072922558,-10.602696340405277,0.14492707105064895,0.13791885091651856
62.88,-4.66106420845712,-1.061666224270666,-4.66784333286335,-1.0509082412371427,0.0127157668531914,-0.19572137205905538,-11.214008579493589,0.14520420409702695,0.13197109069107427
62.9,-4.659668417022895,-1.0642177402242017,-4.66784333286335,-1.0509082412371427,0.015619603461197049,-0.2071187042105358,-11.867027609482175,0.14547052538302907,0.12639500296285355
62.92,-4.658263666255024,-1.0667705006928192,-4.66784333286335,-1.0509082412371427,0.018530550109639627,-0.21935888008572846,-12.568338027628563,0.1457255458251261,0.1212160328656342
62.94,-4.6568503301394415,-1.0693244133589401,-4.66784333286335,-1.0509082412371427,0.02144764566351105,-0.23258346496352142,-13.326050926938631,0.14596953158294568,0.11642609119788538
62.96,-4.655428961545495,-1.0718789726202773,-4.66784333286335,-1.0509082412371427,0.024369821295224026,-0.24696732598448132,-14.150185456542369,0.14620334175345917,0.11199063781552887
62.98,-4.653999636144486,-1.074434540394228,-4.66784333286335,-1.0509082412371427,0.027297155362281687,-0.2627024131031155,-15.051739538710773,0.14642865366596425,0.10783832777638835
63.0,-4.6525628478672365,-1.0769906601218868,-4.66784333286335,-1.0509082412371427,0.030228890098640746,-0.28003640035526955,-16.04490385039277,0.14664516078504164,0.10398597773075835
63.02,-4.651118838439971,-1.0795472972811981,-4.66784333286335,-1.0509082412371427,0.03316480430836543,-0.2992627842100324,-17.14649450056915,0.1468542884460966,0.10037317834776793
63.04,-4.649667465719003,-1.0821051417888228,-4.66784333286335,-1.0509082412371427,0.03610552243743837,-0.32073517563017173,-18.376771904996055,0.14705647992281357,0.09698292254278762
63.06,-4.648324097872948,-1.0844552955751279,-4.66784333286335,-1.0509082412371427,0.038812438590821244,-0.3469532605800578,-19.87895751953999,0.12895077643078068,0.3789149396637992
63.08,-4.647023114577555,-1.0866934380719226,-4.6409781052987915,-1.1257885114403483,0.039559662522106104,-0.1659246340065741,-9.50678124582955,0.1295261510835921,0.3658503400238988
63.1,-4.645698549055649,-1.0889351086892938,-4.6409781052987915,-1.1257885114403483,0.03715448672223977,-0.17667456022138572,-10.122706648015301,0.13026177114587867,0.3448275772754972
63.12,-4.64435203503663,-1.0911791512713673,-4.6409781052987915,-1.1257885114403483,0.03477342682540963,-0.18740280102729479,-10.737389567793919,0.13095563085521178,0.3255019641912327
63.14,-4.642985259828188,-1.0934241246124163,-4.6409781052987915,-1.1257885114403483,0.03242656633152657,-0.19818768364725292,-11.355317824461514,0.1316124324713286,0.3076553311798236
63.16,-4.641597274610844,-1.095673202169899,-4.6409781052987915,-1.1257885114403483,0.030121673643604224,-0.20897215379982678,-11.973222448488803,0.13223845111660637,0.2910010056567103
63.18,-4.640190456999422,-1.0979238502390756,-4.6409781052987915,-1.1257885114403483,0.02787579117630949,-0.21987202668790548,-12.597739162204785,0.13282544942736507,0.27591757151279594
63.2,-4.6387651291372665,-1.1001768352579913,-4.6409781052987915,-1.1257885114403483,0.025707104472526526,-0.23090734326720908,-13.230016227789624,0.13338331794736646,0.2619568793538196
63.22,-4.637322477228502,-1.1024314226172258,-4.6409781052987915,-1.1257885114403483,0.023641430051490546,-0.24214224921195968,-13.873728921650274,0.13391141991538902,0.24915145958925855
63.24,-4.63586280179598,-1.1046882870433092,-4.6409781052987915,-1.1257885114403483,0.021711420946849067,-0.25360601041017183,-14.530554055653665,0.13441356446231012,0.23733247914381472
63.26,-4.634387904393315,-1.1069455034928928,-4.6409781052987915,-1.1257885114403483,0.01996220670372926,-0.2653958680463298,-15.206063139265602,0.1348894113216481,0.22652003163092793
63.28,-4.632897896962461,-1.1092037861131867,-4.6409781052987915,-1.1257885114403483,0.018448384236455707,-0.2775445282171724,-15.902130093793565,0.1353456951194154,0.21641398513794208
63.3,-4.631393634188669,-1.1114626285411733,-4.6409781052987915,-1.1257885114403483,0.017236386143900717,-0.29011856574549477,-16.622569375605547,0.13578155490581167,0.20705776166307643
63.32,-4.629875014976263,-1.1137230147277655,-4.6409781052987915,-1.1257885114403483,0.016396793150844212,-0.3031564173928635,-17.36958324891746,0.13619941292111193,0.19834676690533293
63.34,-4.628343508896481,-1.115983404830912,-4.6409781052987915,-1.1257885114403483,0.015992909112219008,-0.3167566589888833,-18.148819692727663,0.13659784865440727,0.19034996877498322
63.36,-4.626798944145616,-1.1182447322832947,-4.6409781052987915,-1.1257885114403483,0.016061046509431496,-0.33097134068910816,-18.963260961272393,0.13698174731251456,0.18285226751735273
63.38,-4.62524222481006,-1.1205062603657268,-4.6409781052987915,-1.1257885114403483,0.016598798485763008,-0.3458936058504489,-19.81824377579232,0.13734970115901746,0.1759215768704081
63.4,-4.623673194788466,-1.122768830360854,-4.6409781052987915,-1.1257885114403483,0.017566399790287603,-0.36159592247623085,-20.71792024702773,0.13770431658972626,0.169445352953268
63.42,-4.622092884129887,-1.1250314595899062,-4.6409781052987915,-1.1257885114403483,0.018900389046331793,-0.37819297731946394,-21.66886144189215,0.13804450254220058,0.1634772627689962
63.44,-4.620501292665734,-1.1272946550654261,-4.6409781052987915,-1.1257885114403483,0.02053212907198605,-0.39578519917733035,-22.67682150660569,0.13837324749568225,0.15788753605971984
63.46,-4.618899153068715,-1.12955780589007,-4.6409781052987915,-1.1257885114403483,0.022398386375511677,-0.4145034734586257,-23.749299622692188,0.13869014051435258,0.15269883833934905
63.48,-4.617286606637048,-1.1318211322612022,-4.6409781052987915,-1.1257885114403483,0.024447487044839334,-0.43448138261133795,-24.893949500638378,0.13899709480060807,0.14782923495104683
63.5,-4.615663967925375,-1.1340845862319457,-4.6409781052987915,-1.1257885114403483,0.026638889014145833,-0.45587422688186396,-26.119669189120145,0.13929421415257437,0.14327780998857342
63.52,-4.6140315325656225,-1.1363481225931895,-4.6409781052987915,-1.1257885114403483,0.028941720228127025,-0.47885764020422245,-27.436521771296036,0.13958213520064433,0.13901965317253406
63.54,-4.61238957766781,-1.1386116999537068,-4.6409781052987915,-1.1257885114403483,0.031332699784036,-0.5036305450387675,-28.855904664594696,0.13986145195454824,0.13503160701033856
63.56,-4.610738210974155,-1.1408755050633346,-4.6409781052987915,-1.1257885114403483,0.0337945052537422,-0.5304170227087043,-30.3906567831035,0.14013271158352936,0.13129244685106123
63.58,-4.609077993060296,-1.143139054488035,-4.6409781052987915,-1.1257885114403483,0.03631333783719453,-0.5594758940077483,-32.05560746595256,0.14039604430982067,0.12779964428388801
63.6,-4.607553581498176,-1.1452005810072459,-4.6409781052987915,-1.1257885114403483,0.0386526485013379,-0.5923258329536971,-33.93777032481786,0.1233481715378737,0.3848677659445965
63.62,-4.606065872242852,-1.1471812020578303,-4.6409781052987915,-1.1257885114403483,0.04094522229525099,-0.6278759472751801,-35.97464183664643,0.12398350522753177,0.37117082892890174
63.64,-4.60455451606518,-1.1491630572513838,-4.6409781052987915,-1.1257885114403483,0.04327871583736102,-0.665912342943036,-38.15396677630425,0.1247313256624416,0.351816749811773
63.66,-4.603020745986185,-1.1511457336024866,-4.605071845480044,-1.1967178008000314,0.045618201606280454,-0.2650938046508651,-15.188756181560082,0.12544076538922866,0.33397750579977625
63.68,-4.601465231418597,-1.153129534358723,-4.605071845480044,-1.1967178008000314,0.04373722254952557,-0.2772463325444996,-15.88504474028035,0.12611407217608672,0.31754828818675307
63.7,-4.599889772777038,-1.1551131366324232,-4.605071845480044,-1.1967178008000314,0.04192614885723111,-0.28952027005201564,-16.58828955746834,0.12675245459954354,0.30247579451025963
63.72,-4.598294843989479,-1.157096894901978,-4.605071845480044,-1.1967178008000314,0.04019631741074699,-0.30194431100251307,-17.300134668429546,0.12736192793960655,0.2884899761890214
63.74,-4.596681977080216,-1.1590797099801404,-4.605071845480044,-1.1967178008000314,0.03856184347684628,-0.31458603829442644,-18.02445228801153,0.12794310363828387,0.27556664906724926
63.76,-4.595050497276853,-1.1610633013607559,-4.605071845480044,-1.1967178008000314,0.03703607363199961,-0.32744326688773995,-18.761117222643318,0.12850069860261826,0.2634968266523874
63.78,-4.593401903901141,-1.163046617832966,-4.605071845480044,-1.1967178008000314,0.03563616279647146,-0.3405865148951386,-19.514169862560987,0.12903131320554095,0.25243821777265474
63.8,-4.5917368805538725,-1.165029539979485,-4.605071845480044,-1.1967178008000314,0.03437974932155845,-0.35406378537835126,-20.286360580605315,0.12953950722423002,0.24219093735178276
63.82,-4.590056058032991,-1.1670119688252796,-4.605071845480044,-1.1967178008000314,0.033285286929321305,-0.3679244921704309,-21.08052058085979,0.13002696328463514,0.23268457565395195
63.84,-4.588360023689284,-1.1689938172676935,-4.605071845480044,-1.1967178008000314,0.0323713492222283,-0.3822202691366997,-21.89960826588733,0.13049518434646856,0.22385692749149477
63.86,-4.586648766652277,-1.1709757164747692,-4.605071845480044,-1.1967178008000314,0.03165540615602687,-0.39699231608044483,-22.745984210533052,0.13094554649706325,0.21565156357872262
63.88,-4.5849236933551225,-1.172956526427017,-4.605071845480044,-1.1967178008000314,0.03115359038503664,-0.4123194053475588,-23.624161737758946,0.13137767016182522,0.2080911950952391
63.9,-4.583185234558499,-1.1749362118642872,-4.605071845480044,-1.1967178008000314,0.030878169540904096,-0.4282609621133592,-24.53754565930753,0.1317953646280401,0.20101031766639466
63.92,-4.581433794738875,-1.1769147436450316,-4.605071845480044,-1.1967178008000314,0.030836966704367256,-0.44488073216745083,-25.489788339884893,0.13219950952683135,0.19437425062274194
63.94,-4.579669005470858,-1.1788930003158937,-4.605071845480044,-1.1967178008000314,0.03103268910087538,-0.4622345120103528,-26.484086683482378,0.13259091245618748,0.1881514224466585
63.96,-4.577891809073871,-1.1808703202352926,-4.605071845480044,-1.1967178008000314,0.03146262893164921,-0.48040823645238845,-27.525364392044768,0.13296845986712214,0.18239680429799066
63.98,-4.576102568568994,-1.182846663686535,-4.605071845480044,-1.1967178008000314,0.032118957790851436,-0.4994835931229732,-28.618301821975994,0.1333344044002871,0.17701428486116555
64.0,-4.574301852497391,-1.1848217264245173,-4.605071845480044,-1.1967178008000314,0.03298952945557525,-0.5195517682447183,-29.768123558981426,0.1336895094748769,0.17197407335300952
64.02,-4.57248972729175,-1.186795755145012,-4.605071845480044,-1.1967178008000314,0.03405938072860716,-0.5407048006214937,-30.980103038074244,0.13403496968678041,0.16722660509005394
64.04,-4.570666272670409,-1.1887689775261876,-4.605071845480044,-1.1967178008000314,0.03531185681605948,-0.5630442727905166,-32.260060509909216,0.1343708471372551,0.16277308770629162
64.06,-4.5688320101712385,-1.1907411086415918,-4.605071845480044,-1.1967178008000314,0.036729368526644865,-0.5866854561085684,-33.61460053672867,0.1346972840172711,0.15861122808269457
64.08,-4.566987625175763,-1.1927116480835853,-4.605071845480044,-1.1967178008000314,0.03829434809175502,-0.6117527351031107,-35.05084982699289,0.13501533884614503,0.15469721494687505
64.1,-4.565132705818113,-1.1946812933840616,-4.605071845480044,-1.1967178008000314,0.03999102698594466,-0.6383723662672672,-36.57604234489398,0.1353262988814663,0.1509762566609396
64.12,-4.563267710322815,-1.1966497914998504,-4.605071845480044,-1.1967178008000314,0.04180419047785445,-0.6666869899778743,-38.19835078201281,0.13562936768289902,0.14748769301964337
64.14,-4.561392664172348,-1.1986173439963776,-4.605071845480044,-1.1967178008000314,0.04372046596349774,-0.6968470343555332,-39.92639403477993,0.13592538963793643,0.14419669993270823
64.16,-4.559663572672259,-1.200416879093395,-4.605071845480044,-1.1967178008000314,0.04555869203134142,-0.729979814962461,-41.824762527089796,0.12080982143389818,0.36961494089493563
64.18,-4.557969908168604,-1.2021541804198308,-4.605071845480044,-1.1967178008000314,0.04741462561131701,-0.7651425664837932,-43.83943978532935,0.1214388326054916,0.35713954552152316
64.2,-4.556253715691701,-1.2038900265926737,-4.605071845480044,-1.1967178008000314,0.049342178902558625,-0.802108404672104,-45.95742629968308,0.12215810185667308,0.3401386589241273
64.22,-4.554516630989951,-1.205623595179006,-4.605071845480044,-1.1967178008000314,0.051333642824758025,-0.8410264729952464,-48.18726736140092,0.12284347944282459,0.32442700522605783
64.24,-4.552758620227761,-1.2073557720933108,-4.557324504421136,-1.2602378704073889,0.053078843436600416,-0.32760035724514835,-18.77011783712502,0.12349861811733476,0.3098397826406529
64.26,-4.550980634148733,-1.209086415761283,-4.557324504421136,-1.2602378704073889,0.05154334100973382,-0.3404285887971019,-19.50512136366852,0.12412267385162323,0.2964182973719254
64.28,-4.549184785604189,-1.210814097593923,-4.557324504421136,-1.2602378704073889,0.05008956319969314,-0.3534634374513872,-20.251963178150845,0.12471819474546564,0.2840527659742076
64.3,-4.547370106022648,-1.2125404632815808,-4.557324504421136,-1.2602378704073889,0.04872507253971928,-0.3667003740958511,-21.01038378156069,0.12529124649258705,0.272476247953346
64.32,-4.545538565171587,-1.214264213517843,-4.557324504421136,-1.2602378704073889,0.047460357055038586,-0.38021199214025303,-21.784542469897726,0.12583851429370796,0.26184222500558185
64.34,-4.543690015957155,-1.215986076376072,-4.557324504421136,-1.2602378704073889,0.04630464934177268,-0.3940212074133589,-22.57575222343429,0.12636538895218763,0.2519154721358774
64.36,-4.541825473077186,-1.2177056273129152,-4.557324504421136,-1.2602378704073889,0.04526821926305662,-0.4081800690340518,-23.386995237009753,0.1268712052487686,0.24273138563346564
64.38,-4.539945844393092,-1.2194224890859924,-4.557324504421136,-1.2602378704073889,0.04436116744159644,-0.4227393018347191,-24.22117782943642,0.12735850483842626,0.23418240848949168
64.4,-4.538053648456561,-1.2211347015339062,-4.557324504421136,-1.2602378704073889,0.043593849400523355,-0.43777964476099496,-25.082926001541473,0.12782943434892502,0.22617824943171883
64.42,-4.536144788056602,-1.2228464561616585,-4.557324504421136,-1.2602378704073889,0.042973227067302194,-0.45326498080742045,-25.970170401343452,0.12828979500802973,0.2184645092762061
64.44,-4.534221581083326,-1.2245561389277808,-4.557324504421136,-1.2602378704073889,0.04250801134063551,-0.46927901128625327,-26.88770676077444,0.12872980952396418,0.21148235529788728
64.46,-4.5322851355679346,-1.2262631188840787,-4.557324504421136,-1.2602378704073889,0.042204901772630164,-0.4858857942117082,-27.839205333692924,0.1291548688810984,0.20499811557272984
64.48,-4.5303352181801975,-1.2279679621036397,-4.557324504421136,-1.2602378704073889,0.042068617207221284,-0.5031315190129995,-28.827312579451004,0.12956745880936538,0.19890621217988347
64.5,-4.52837224109143,-1.2296706472413301,-4.557324504421136,-1.2602378704073889,0.04210212208424027,-0.5210761936960071,-29.855466703522602,0.12996709880566115,0.19323328054876576
64.52,-4.526397161952611,-1.2313706271743938,-4.557324504421136,-1.2602378704073889,0.04230624355858567,-0.5397897567122788,-30.927674884007075,0.1303546999536387,0.18794383045084295
64.54,-4.524410282191236,-1.2330679098026904,-4.557324504421136,-1.2602378704073889,0.04267965304756025,-0.5593372841566476,-32.04766570648556,0.13073217445098706,0.18295686631142338
64.56,-4.522411337712835,-1.234762996719914,-4.557324504421136,-1.2602378704073889,0.04321919017050652,-0.5797832650175543,-33.219134117820765,0.13110008296983722,0.17825143107552677
64.58,-4.520400648971477,-1.2364558766067597,-4.557324504421136,-1.2602378704073889,0.043919862595419225,-0.6012035232000058,-34.44642450775581,0.13145799746325793,0.17385110777645707
64.6,-4.5183787788599465,-1.2381463053134478,-4.557324504421136,-1.2602378704073889,0.04477506881945965,-0.6236802091777959,-35.73424375172405,0.1318065797438983,0.16973058743929847
64.62,-4.516345985645115,-1.2398342821987922,-4.557324504421136,-1.2602378704073889,0.04577712761699567,-0.6472974530275121,-37.087412148044095,0.1321468650234081,0.16584730291757666
64.64,-4.5143030142515315,-1.2415193715151631,-4.557324504421136,-1.2602378704073889,0.04691727631898155,-0.6721460025625534,-38.511129163423725,0.1324793362869947,0.16218318931948694
64.66,-4.51224931480615,-1.243202228028243,-4.557324504421136,-1.2602378704073889,0.048186988182466244,-0.6983154309828369,-40.010526964175675,0.13280516831120082,0.15868833974863605
64.68,-4.510185367354605,-1.244882640412272,-4.557324504421136,-1.2602378704073889,0.04957702423078801,-0.7259044805880495,-41.59126306733143,0.1331235934465269,0.1554008677873142
64.7,-4.508111380225425,-1.2465606096402768,-4.557324504421136,-1.2602378704073889,0.05107836190789699,-0.755014291544313,-43.259132377549015,0.133435381423741,0.1522891736971399
64.72,-4.506185592806187,-1.2481055007387478,-4.557324504421136,-1.2602378704073889,0.05255837397540181,-0.7866320382648819,-45.07069582235121,0.1202822728797237,0.34549232678648956
64.74,-4.504291377000624,-1.2496040302454035,-4.557324504421136,-1.2602378704073889,0.054088734137442765,-0.8199075345958413,-46.97724132331824,0.12088557795637556,0.33432402615551915
64.76,-4.5023764117184335,-1.251098580165122,-4.557324504421136,-1.2602378704073889,0.05570295789091653,-0.854614410746976,-48.96579884686151,0.12155869333128067,0.3196525871640432
64.78,-4.500442295444911,-1.2525885354415935,-4.557324504421136,-1.2602378704073889,0.05739423336393589,-0.8908460273329639,-51.04171756217481,0.12220239993858684,0.30606215828399286
64.8,-4.4984878710495675,-1.2540755026491295,-4.557324504421136,-1.2602378704073889,0.05915846687405316,-0.9286665640633813,-53.208674695747234,0.12281996042924348,0.2934089128914241
64.82,-4.49651639071435,-1.2555575152710485,-4.498807186987657,-1.3140154249930305,0.05850277734115865,-0.3614227223054005,-20.707996608228207,0.12340804358208501,0.2818466443643697
64.84,-4.494527103456164,-1.2570357026562287,-4.498807186987657,-1.3140154249930305,0.057140247397220685,-0.3743509683457429,-21.448730542846544,0.12397520555262886,0.2709999372851879
64.86,-4.492521568998668,-1.258509377930237,-4.498807186987657,-1.3140154249930305,0.055860811433781986,-0.3875261831030361,-22.203614742617926,0.12451937477067077,0.26096655631135945
64.88,-4.490499927201447,-1.2599789048376482,-4.498807186987657,-1.3140154249930305,0.054671346020183316,-0.40097515908157255,-22.97418430496089,0.1250443178990146,0.25158480943532346
64.9,-4.488463144324575,-1.2614439967302886,-4.498807186987657,-1.3140154249930305,0.05357942037947286,-0.4147421685532926,-23.762975844207077,0.12555030204319806,0.24284858512468865
64.92,-4.486410927954709,-1.262905291062734,-4.498807186987657,-1.3140154249930305,0.05259194832276872,-0.428850914802074,-24.571347458483284,0.1260394937048659,0.23466730619814413
64.94,-4.484344198541101,-1.2643625144396229,-4.498807186987657,-1.3140154249930305,0.05171643415037331,-0.44334844696382614,-25.401994864706854,0.12651128270153578,0.22707400246346765
64.96,-4.482263422364474,-1.265815692821809,-4.498807186987657,-1.3140154249930305,0.05095988941593936,-0.4582758957021451,-26.257274676310416,0.1269677086997767,0.21998396051103875
64.98,-4.480169033271445,-1.2672648547070888,-4.498807186987657,-1.3140154249930305,0.05032888431119746,-0.47367596347437724,-27.139633563874753,0.1274098036333271,0.21335694151192186
65.0,-4.4780614374109735,-1.2687100290309758,-4.498807186987657,-1.3140154249930305,0.0498293591046183,-0.4895932842472601,-28.051628865316857,0.12783850562438914,0.20715666274595534
65.02,-4.475941689810185,-1.2701507563913694,-4.498807186987657,-1.3140154249930305,0.049466555496684106,-0.5060823692938031,-28.996383846516046,0.1282546790339012,0.2013499095410154
65.04,-4.473808766024253,-1.2715880295764312,-4.498807186987657,-1.3140154249930305,0.04924433909090476,-0.5231763038701898,-29.97579415301575,0.1286602822305305,0.1958540094093575
65.06,-4.47166370794006,-1.2730214046551664,-4.498807186987657,-1.3140154249930305,0.04916582307119997,-0.5409352504124522,-30.993306838485832,0.12905363901980493,0.1907488712016292
65.08,-4.469506520650834,-1.274451128424436,-4.498807186987657,-1.3140154249930305,0.04923273921639429,-0.5594114002716576,-32.05191224706953,0.1294366683054271,0.18595368839746662
65.1,-4.4673378338877825,-1.275877005302289,-4.498807186987657,-1.3140154249930305,0.04944551790639573,-0.578665867451629,-33.15511195325505,0.12980953471908308,0.18146584863321102
65.12,-4.465158223949924,-1.2772988538077736,-4.498807186987657,-1.3140154249930305,0.0498032058517996,-0.5987615887578605,-34.30651197037324,0.13017336398535306,0.17723925247126182
65.14,-4.462967340641557,-1.2787171093086145,-4.498807186987657,-1.3140154249930305,0.05030373421793604,-0.6197586610952279,-35.50955559743529,0.13052911047006788,0.17323486723008763
65.16,-4.46076602873702,-1.2801313997041743,-4.498807186987657,-1.3140154249930305,0.05094366389283168,-0.6417284249189809,-36.76833034143553,0.13087638108189026,0.16947438249870217
65.18,-4.458553935938111,-1.2815421347023639,-4.498807186987657,-1.3140154249930305,0.05171884378405645,-0.6647392248469144,-38.08675206052606,0.13121645799207826,0.16590354184997658
65.2,-4.4563318569718575,-1.2829489624797805,-4.498807186987657,-1.3140154249930305,0.0526239370727639,-0.6888680160050858,-39.46922995864186,0.1315489792457214,0.1625423426254713
65.22,-4.454099981956608,-1.2843519104559404,-4.498807186987657,-1.3140154249930305,0.053653129231950605,-0.7141917890517262,-40.920175275561505,0.13187507229019957,0.1593429465729379
65.24,-4.451857688108936,-1.2857515319796977,-4.498807186987657,-1.3140154249930305,0.054800575665152985,-0.7407896646045076,-42.44412128875007,0.13219503794283938,0.15629463167798896
65.26,-4.449606251748017,-1.287147154873842,-4.498807186987657,-1.3140154249930305,0.05605921840030298,-0.7687456615663044,-44.04588192674158,0.13250823686998814,0.15342977623511445
65.28,-4.447345043936039,-1.2885393069694235,-4.498807186987657,-1.3140154249930305,0.05742285918532706,-0.79814329708964,-45.73024236989258,0.1328162423644308,0.1506793435457343
65.3,-4.445228378758782,-1.2898307646614309,-4.498807186987657,-1.3140154249930305,0.058784236718540404,-0.8298497790636948,-47.54688997021354,0.12135599350493464,0.32110663054751853
65.32,-4.443140246787336,-1.2910867925155318,-4.498807186987657,-1.3140154249930305,0.060204073106014076,-0.8630997022209893,-49.45197023626081,0.12192452060624248,0.3110652746229903
65.34,-4.441033846553899,-1.292336287777365,-4.498807186987657,-1.3140154249930305,0.06170691902283337,-0.8977076020069037,-51.43485683180541,0.12254966356399777,0.298172368747851
65.36,-4.438909711363122,-1.29357947850935,-4.498807186987657,-1.3140154249930305,0.0632877199374064,-0.9337358052756176,-53.49912082254216,0.12314987617525475,0.2861672697762607
65.38,-4.436768068517526,-1.2948167665897075,-4.431887470088522,-1.356924893670804,0.062299596231009724,-0.3607913405063806,-20.67182109588299,0.12372581224617818,0.2750244228710841
65.4,-4.434610586253105,-1.296047636064959,-4.431887470088522,-1.356924893670804,0.06093813137317407,-0.37348973633689675,-21.399385583558086,0.12427808966339882,0.26472212902417525
65.42,-4.432437823137576,-1.297272190529584,-4.431887470088522,-1.356924893670804,0.05965524185294295,-0.38642898955116145,-22.14075018278654,0.12481062461162651,0.25509205754614683
65.44,-4.4302494202519584,-1.2984910671204724,-4.431887470088522,-1.356924893670804,0.058456781407988184,-0.3996271404447652,-22.896948526366852,0.1253246607560321,0.24608448507046354
65.46,-4.428046394982531,-1.2997040881529562,-4.431887470088522,-1.356924893670804,0.05734958101051149,-0.4131284049985772,-23.670514003389858,0.1258195319995714,0.23773494796208716
65.48,-4.4258288411947415,-1.300911581251599,-4.431887470088522,-1.356924893670804,0.05634002265036833,-0.4269633421416452,-24.463197511516434,0.1262975067576555,0.22994875632398326
65.5,-4.423598070689293,-1.3021131505274255,-4.431887470088522,-1.356924893670804,0.055435018975514394,-0.44118244010082813,-25.277891813060698,0.12675896150993182,0.2227152610301264
65.52,-4.421354477978316,-1.3033088840206806,-4.431887470088522,-1.356924893670804,0.054640831011211706,-0.4558233281169749,-26.11675290470957,0.12720656208236036,0.2159215336028364
65.54,-4.419098054265847,-1.304499082785787,-4.431887470088522,-1.356924893670804,0.05396327273282132,-0.4709206691738127,-26.981766829135957,0.12764112264163074,0.20953650165744797
65.56,-4.416828816381495,-1.305684029923569,-4.431887470088522,-1.356924893670804,0.05340776319067165,-0.48651279015233123,-27.875129554862458,0.12806274965813103,0.2035606220285313
65.58,-4.414547877923519,-1.3068633923333373,-4.431887470088522,-1.356924893670804,0.05297938629891623,-0.5026529898839593,-28.799894879982933,0.12847166366780627,0.19798947225591057
65.6,-4.412254848044786,-1.3080376268061529,-4.431887470088522,-1.356924893670804,0.05268210995971764,-0.5193804443971932,-29.758307425588296,0.12886987107272319,0.19273844908518356
65.62,-4.409950415287379,-1.309206609494958,-4.431887470088522,-1.356924893670804,0.052519225223104156,-0.53674846463704,-30.753421683829306,0.12925692327883098,0.18783249333687024
65.64,-4.407635211068824,-1.3103702235206038,-4.431887470088522,-1.356924893670804,0.05249294600565354,-0.554811698112361,-31.788368726324627,0.12963406005308542,0.18322083117361387
65.66,-4.405308838298612,-1.311528878943773,-4.431887470088522,-1.356924893670804,0.052604389749529835,-0.5736196094081345,-32.865982665028874,0.13000234638065322,0.17885990188593048
65.68,-4.402971904796787,-1.3126824624084,-4.431887470088522,-1.356924893670804,0.05285359628397231,-0.5932329781251471,-33.98974591454762,0.13036137446320595,0.17477229139473138
65.7,-4.400624349419527,-1.313831190208807,-4.431887470088522,-1.356924893670804,0.05323955289101024,-0.6137114226076694,-35.16307435438911,0.13071214533049158,0.1709170587682607
65.72,-4.398267038850113,-1.3149747952824236,-4.431887470088522,-1.356924893670804,0.053760060932362776,-0.6351228647409569,-36.38985962191507,0.1310547504945525,0.1672940871666473
65.74,-4.395899873758778,-1.3161134828117573,-4.431887470088522,-1.356924893670804,0.05441211580060523,-0.6575332385621775,-37.67387945918148,0.13139042556158387,0.16385105124028243
65.76,-4.393522769437534,-1.317247449460141,-4.431887470088522,-1.356924893670804,0.05519193632343555,-0.681012793885339,-39.01915888404256,0.13171916057590494,0.1605917336777729
65.78,-4.391136807746104,-1.318376304299395,-4.431887470088522,-1.356924893670804,0.05609465414699717,-0.7056378816566735,-40.43007248347924,0.1320409959067348,0.15751772782346407
65.8,-4.3887412916574595,-1.3195005162886424,-4.431887470088522,-1.356924893670804,0.05711546844461224,-0.7314832873554158,-41.91090514982054,0.13235726096505473,0.15457140191244
65.82,-4.386336416962852,-1.3206201260128265,-4.431887470088522,-1.356924893670804,0.058248902097441456,-0.7586289166424028,-43.46623514019162,0.13266728766758717,0.151786160660361
65.84,-4.383922645260356,-1.32173503639094,-4.431887470088522,-1.356924893670804,0.05948907862939029,-0.7871560640086137,-45.10072028582325,0.13297141703780824,0.14914945098087884
65.86,-4.381500407103744,-1.3228451544744566,-4.431887470088522,-1.356924893670804,0.060829965805702685,-0.8171455158787917,-46.81898930789516,0.13327024328226855,0.14663680395932133
65.88,-4.379216891450093,-1.323881054037577,-4.431887470088522,-1.356924893670804,0.062177851296207835,-0.8493658037147447,-48.66507581559197,0.12317799257202111,0.2987002652588
65.9,-4.376959146738613,-1.3248893044175396,-4.431887470088522,-1.356924893670804,0.06358773218818252,-0.8831358224787678,-50.59995536484809,0.12371269672506457,0.2894840158540468
65.92,-4.374684640408546,-1.3258895363870666,-4.359159505525813,-1.3890656445859104,0.0650557488641785,-0.33635246179848244,-19.271576489888293,0.12429442963419746,0.2778824912819111
65.94,-4.372394409883863,-1.3268817644219575,-4.359159505525813,-1.3890656445859104,0.06357670678488764,-0.348463567213701,-19.965491715418352,0.12485251492240224,0.2671241140772551
65.96,-4.370090052406719,-1.327865694243075,-4.359159505525813,-1.3890656445859104,0.06216840658309647,-0.36078627500660476,-20.67153086412471,0.12538891482831716,0.2571256530548016
65.98,-4.367770630376591,-1.3288421605311076,-4.359159505525813,-1.3890656445859104,0.06083600498795737,-0.37332637294724286,-21.39002555080397,0.1259071655206334,0.24773487342311107
66.0,-4.365437651130089,-1.3298109005113203,-4.359159505525813,-1.3890656445859104,0.05958640623140198,-0.3861342364074726,-22.123862071654955,0.126405452501821,0.23903823556103987
66.02,-4.363090262384374,-1.3307726657563261,-4.359159505525813,-1.3890656445859104,0.058425356056317594,-0.3992232952961076,-22.87380990377194,0.12688700763021643,0.23089761612249404
66.04,-4.360729888285059,-1.331727210521706,-4.359159505525813,-1.3890656445859104,0.0573599348234084,-0.41264488701358143,-23.642810463530928,0.1273504309875051,0.2233813910024196
66.06,-4.358357382006275,-1.3326744875635668,-4.359159505525813,-1.3890656445859104,0.05639686154795508,-0.42644158629808876,-24.43330310374436,0.12779869701535773,0.21636311595241153
66.08,-4.355972714065384,-1.333614803893293,-4.359159505525813,-1.3890656445859104,0.05554233856555115,-0.4406453969814227,-25.247121508902225,0.12823352873096994,0.20977131066080013
66.1,-4.353575881920624,-1.3345484512641208,-4.359159505525813,-1.3890656445859104,0.05480238334461203,-0.45529183302333276,-26.086300479011967,0.12865504889525425,0.20360570488264784
66.12,-4.351168038349634,-1.3354752254693434,-4.359159505525813,-1.3890656445859104,0.054182991507642525,-0.47043233584125593,-26.953787390184896,0.1290634934270507,0.19786117654629898
66.14,-4.348749120470568,-1.3363953933263297,-4.359159505525813,-1.3890656445859104,0.05368921199594781,-0.4861062252443967,-27.851835101539685,0.12946093913983603,0.19244988211375436
66.16,-4.34631908708451,-1.3373092098862736,-4.359159505525813,-1.3890656445859104,0.05332546182233722,-0.5023566563998174,-28.782916222013196,0.12984746229269817,0.18737309224303722
66.18,-4.34387931306819,-1.3382163501118776,-4.359159505525813,-1.3890656445859104,0.05309552740155148,-0.5192425304290346,-29.750405537276905,0.13022322383653417,0.18262841872229707
66.2,-4.341429000724321,-1.339117321013955,-4.359159505525813,-1.3890656445859104,0.053001941739567376,-0.5368061865267322,-30.75672890449419,0.13059037854361577,0.17812336179146016
66.22,-4.338968772325452,-1.3400120837132985,-4.359159505525813,-1.3890656445859104,0.05304637161438295,-0.5551057549040943,-31.805216939428103,0.13094797678485648,0.17390476804934885
66.24,-4.3364988780158615,-1.3409007247991256,-4.359159505525813,-1.3890656445859104,0.053229348457521024,-0.5741996392977091,-32.89921592969294,0.13129705190007002,0.16993029033685048
66.26,-4.334019552164019,-1.3417833270688098,-4.359159505525813,-1.3890656445859104,0.05355030163146713,-0.5941496612726718,-34.04226799005155,0.1316381048249049,0.16618121766565075
66.28,-4.331530704258484,-1.3426600881381765,-4.359159505525813,-1.3890656445859104,0.05400765064963829,-0.6150199375402343,-35.23804673745493,0.1319715919822606,0.16264060450521534
66.3,-4.329033175348565,-1.343530851634364,-4.359159505525813,-1.3890656445859104,0.05459865510329701,-0.6368826118757527,-36.49068570574911,0.13229758131396707,0.15930904278316227
66.32,-4.326527142862593,-1.3443956890582074,-4.359159505525813,-1.3890656445859104,0.055319761567010343,-0.6598098781399337,-37.80432129845936,0.1326171988701219,0.15613870796515883
66.34,-4.32401218574681,-1.3452548849632102,-4.359159505525813,-1.3890656445859104,0.056166865199738104,-0.6838765197194676,-39.18323828802071,0.13293074441920183,0.15311887583302486
66.36,-4.3214887889785,-1.3461083996957135,-4.359159505525813,-1.3890656445859104,0.05713499605097018,-0.709163720950166,-40.63208819423775,0.1332378881214069,0.15026761411629508
66.38,-4.318957122365345,-1.3469562945485944,-4.359159505525813,-1.3890656445859104,0.05821880256709448,-0.735754813374033,-42.15564556276763,0.13353927872872262,0.1475582628340799
66.4,-4.316417346393897,-1.3477986283615806,-4.359159505525813,-1.3890656445859104,0.05941261478269698,-0.7637356097294703,-43.75882710134922,0.1338352080598071,0.14498019645925453
66.42,-4.313869339549868,-1.3486355538690489,-4.359159505525813,-1.3890656445859104,0.06071071873649944,-0.7931940097161421,-45.44666909179375,0.13412594187327542,0.1425238033447851
66.44,-4.311438042065639,-1.349424766741454,-4.359159505525813,-1.3890656445859104,0.062038192035711905,-0.8247639978567413,-47.25549617152815,0.12502133956227013,0.27793599797099056
66.46,-4.309051972465746,-1.3501849132813746,-4.359159505525813,-1.3890656445859104,0.06342299374943766,-0.8580349224015563,-49.16177972844427,0.12540163777403635,0.2721602825073166
66.48,-4.306646974187501,-1.3509369387646755,-4.282760979292325,-1.4111615959998527,0.06478850277037553,-0.320360131287276,-18.35528344701787,0.1260468086086597,0.2598738174641735
66.5,-4.304228617411636,-1.3516795486233677,-4.282760979292325,-1.4111615959998527,0.06323743706476476,-0.3318939224494009,-19.016121002392918,0.12656872475158565,0.25009307216494747
66.52,-4.301796459879609,-1.3524132959755006,-4.282760979292325,-1.4111615959998527,0.061755261127616715,-0.34361757848541774,-19.687837013719754,0.12707184512192882,0.24095525284484332
66.54,-4.29935198873549,-1.3531380838598885,-4.282760979292325,-1.4111615959998527,0.0603488985433847,-0.3555795399233057,-20.37320691880898,0.127555583193395,0.2324923556773495
66.56,-4.29689474609095,-1.3538544123271201,-4.282760979292325,-1.4111615959998527,0.059024373477557686,-0.36779769993098077,-21.073255920664288,0.1280231067741333,0.22456863673414595
66.58,-4.294426083205051,-1.3545621948721147,-4.282760979292325,-1.4111615959998527,0.05778898560550521,-0.3803194272382569,-21.79069804758492,0.12847382879250802,0.21721595996782028
66.6,-4.291945956830129,-1.3552617475480464,-4.282760979292325,-1.4111615959998527,0.056649420732297624,-0.3931725757271798,-22.527129209455154,0.12891046651679616,0.21031848204455805
66.62,-4.28945475438414,-1.3559532460113106,-4.282760979292325,-1.4111615959998527,0.055612665225083006,-0.40639325368824897,-23.28461825892604,0.12933317272612044,0.20387460161197524
66.64,-4.286953623639109,-1.3566366149080817,-4.282760979292325,-1.4111615959998527,0.054685938134739875,-0.42002841789337575,-24.06585562084766,0.1297428550946833,0.19784897263619428
66.66,-4.28444092880287,-1.357312585847119,-4.282760979292325,-1.4111615959998527,0.0538752088143258,-0.43409445209620395,-24.87178001515638,0.13014156585500203,0.19215450952736468
66.68,-4.281918574542976,-1.357980871369238,-4.282760979292325,-1.4111615959998527,0.05318739623255671,-0.4486515905612235,-25.70584261098955,0.1305270137672565,0.18689889761391854
66.7,-4.279386109008059,-1.3586418210018696,-4.282760979292325,-1.4111615959998527,0.05262809625356396,-0.46373616265095036,-26.570124927491733,0.13090238824622347,0.18194419633243974
66.72,-4.276844541830831,-1.3592953658395737,-4.282760979292325,-1.4111615959998527,0.05220258674888443,-0.4794018209279693,-27.467701030059104,0.13126726758132534,0.17731389105102302
66.74,-4.274293764688854,-1.359941726870918,-4.282760979292325,-1.4111615959998527,0.05191501436700601,-0.49569447434429936,-28.401201307884218,0.13162328445499583,0.1729388391913389
66.76,-4.271734022926714,-1.3605810239657776,-4.282760979292325,-1.4111615959998527,0.051768600850161516,-0.5126667861582013,-29.373643143400823,0.13197047464901246,0.16882140238538845
66.78,-4.269165875956752,-1.3612132807588309,-4.282760979292325,-1.4111615959998527,0.051765442431427305,-0.5303770235751031,-30.388365001563972,0.1323093526862884,0.16494229215457956
66.8,-4.266588560223811,-1.361838862524519,-4.282760979292325,-1.4111615959998527,0.05190644638199038,-0.5488789141310748,-31.448445243434108,0.13264078891594977,0.1612657884231261
66.82,-4.264003265926022,-1.3624576246451112,-4.282760979292325,-1.4111615959998527,0.05219126973408344,-0.5682425781086625,-32.55790146525939,0.13296405579321657,0.15782855780077654
66.84,-4.261409861661416,-1.363069741659646,-4.282760979292325,-1.4111615959998527,0.05261840626594991,-0.5885342584922691,-33.72052911046845,0.1332807440789452,0.1545619767440165
66.86,-4.258807930299224,-1.363675461570618,-4.282760979292325,-1.4111615959998527,0.053185350606132546,-0.6098246047859268,-34.94037609746703,0.13359084800672605,0.15146942442312294
66.88,-4.256198567568543,-1.364274648159957,-4.282760979292325,-1.4111615959998527,0.05388828809977942,-0.6321946696831556,-36.222086403511994,0.13389409611157532,0.14856659288575713
66.9,-4.253581919961403,-1.3648673821912694,-4.282760979292325,-1.4111615959998527,0.05472268026689045,-0.6557257205261535,-37.57031630432353,0.13419180986415924,0.14579618276555628
66.92,-4.250957558792885,-1.3654538814296053,-4.282760979292325,-1.4111615959998527,0.05568350497857859,-0.6805031217518,-38.98995682185535,0.13448423335278292,0.14314954978833505
66.94,-4.248326206653593,-1.3660340872209105,-4.282760979292325,-1.4111615959998527,0.056764827272481465,-0.7066186591306692,-40.4862668933807,0.13477106177992582,0.14064328747065424
66.96,-4.245687716610202,-1.3666081355525141,-4.282760979292325,-1.4111615959998527,0.05796065599810179,-0.7341669023638306,-42.06466496364068,0.1350531002341171,0.1382429059493262
66.98,-4.243042223767261,-1.3671760957394994,-4.282760979292325,-1.4111615959998527,0.05926469247041932,-0.7632461283031083,-43.73078188146864,0.1353303061613076,0.13595264684695962
67.0,-4.240389857947476,-1.3677380339510155,-4.282760979292325,-1.4111615959998527,0.06067056671096072,-0.7939568341082144,-45.49037570996913,0.13560289853193908,0.13376466792780484
67.02,-4.237882741060917,-1.3682594840648816,-4.282760979292325,-1.4111615959998527,0.062085807357526154,-0.8270243765997383,-47.385006333602966,0.12716501960081672,0.2616260622723132
67.04,-4.235382255156952,-1.3687660632011531,-4.204284729438537,-1.4241413335508155,0.06350965810099835,-0.3011040946802902,-17.25199381928817,0.12766419175935795,0.25249942596117236
67.06,-4.232868339177295,-1.3692623593390352,-4.204284729438537,-1.4241413335508155,0.06187668831017781,-0.31218657129881566,-17.886972956082097,0.12817284126693806,0.24272761226740158
67.08,-4.230342464025011,-1.3697484774727369,-4.204284729438537,-1.4241413335508155,0.06031242263505674,-0.3234596531598294,-18.532872968823668,0.12866025085633837,0.23371620747725252
67.1,-4.227805574030525,-1.3702245850120423,-4.204284729438537,-1.4241413335508155,0.0588238548831492,-0.33496274035537754,-19.191951316499555,0.12912948555312553,0.22533306312300105
67.12,-4.225257626678481,-1.370691034995392,-4.204284729438537,-1.4241413335508155,0.05741773971780117,-0.3467202143795651,-19.865604955820196,0.12958266662410622,0.21748854161951492
67.14,-4.222699040512226,-1.3711480744010016,-4.204284729438537,-1.4241413335508155,0.05610144710823362,-0.3587657518838727,-20.55576341678357,0.1300199970652116,0.21017881855378562
67.16,-4.22013393683054,-1.3715951822528112,-4.204284729438537,-1.4241413335508155,0.054884382033393575,-0.3711842157741724,-21.267288985733355,0.13035803750813812,0.20472480493083367
67.18,-4.217555094087346,-1.3720339494204579,-4.204284729438537,-1.4241413335508155,0.05377064309473167,-0.38390874274635267,-21.996350677539667,0.13085745124339354,0.19672078907184698
67.2,-4.214966703316753,-1.3724639795971336,-4.204284729438537,-1.4241413335508155,0.05276981597077079,-0.3970303258751769,-22.748162011351358,0.13125288497635168,0.19079099009666756
67.22,-4.2123687264072895,-1.3728855385965506,-4.204284729438537,-1.4241413335508155,0.051889377750985365,-0.4105857171913827,-23.52482872341824,0.13163624589713763,0.18524738206182612
67.24,-4.209762223846698,-1.3732986735185089,-4.204284729438537,-1.4241413335508155,0.051136865607427986,-0.4246259665457208,-24.32927575473309,0.13200784938360854,0.1800808888441363
67.26,-4.207147085557323,-1.3737036185107407,-4.204284729438537,-1.4241413335508155,0.050518869554004656,-0.4391914795857834,-25.163818178371443,0.13236956111049025,0.17521223881433734
67.28,-4.204524262068416,-1.3741004125748097,-4.204284729438537,-1.4241413335508155,0.05004149426233824,-0.4543360758464363,-26.03153962653646,0.13272144618294845,0.17064269870914472
67.3,-4.201892592332593,-1.374489439941207,-4.204284729438537,-1.4241413335508155,0.049709484597544436,-0.4700978622921837,-26.934623467464295,0.13306501635161894,0.1663080750458068
67.32,-4.199252686394183,-1.3748708025255232,-4.204284729438537,-1.4241413335508155,0.04952682792905804,-0.48653553852822373,-27.876432940791876,0.13339893288906168,0.16227268363810943
67.34,-4.196605749591983,-1.37524447864213,-4.204284729438537,-1.4241413335508155,0.04949615289539998,-0.5037149051667955,-28.860738143889886,0.133724285336001,0.1584915990493485
67.36,-4.193950997738211,-1.3756107457000573,-4.204284729438537,-1.4241413335508155,0.049618584905199326,-0.5216915118304973,-29.890721835686755,0.13404278096880162,0.15489112091038315
67.38,-4.191289255265362,-1.3759696344368402,-4.204284729438537,-1.4241413335508155,0.049893836738749815,-0.540536563553506,-30.97046376412089,0.13435364335379063,0.15150973603494933
67.4,-4.18862038320417,-1.376321305775528,-4.204284729438537,-1.4241413335508155,0.050320242441580045,-0.5603203985860408,-32.1039940140682,0.13465801538075084,0.14829886862077757
67.42,-4.185945730206201,-1.3766656968786268,-4.204284729438537,-1.4241413335508155,0.050894547549548814,-0.5811249655646311,-33.29600789653866,0.1349558974660603,0.14526151999816328
67.44,-4.1832627878879425,-1.3770032800061112,-4.204284729438537,-1.4241413335508155,0.05161315838562885,-0.6030233372974613,-34.550692175038414,0.135248850385139,0.1423292258317943
67.46,-4.180573211543857,-1.3773339750360563,-4.204284729438537,-1.4241413335508155,0.05247060979252021,-0.6261111759480813,-35.873527887797955,0.13553438852422772,0.13961816217378242
67.48,-4.177876873415815,-1.3776579167832874,-4.204284729438537,-1.4241413335508155,0.05346104089989757,-0.6504836181973674,-37.26996596510839,0.13581443816885752,0.13704366464084572
67.5,-4.175174470282312,-1.3779751230679427,-4.204284729438537,-1.4241413335508155,0.05457770770645722,-0.6762428899946608,-38.74586352242367,0.13608904039790204,0.13460656753783162
67.52,-4.172466385561984,-1.3782856417110059,-4.204284729438537,-1.4241413335508155,0.05581354209467563,-0.7034953035273837,-40.3073117993939,0.13635898466191065,0.13227305591723137
67.54,-4.169751662975184,-1.37858968864283,-4.204284729438537,-1.4241413335508155,0.05716191943230691,-0.7323532123336449,-41.96074817956608,0.13662469753121798,0.1300255374658832
67.56,-4.167030964816752,-1.3788872838513786,-4.204284729438537,-1.4241413335508155,0.058615458649527045,-0.7629335611636189,-43.712873103561414,0.13688542286178773,0.12790099044313052
67.58,-4.164434356897442,-1.3791625897500948,-4.204284729438537,-1.4241413335508155,0.06009275817895933,-0.795869467017486,-45.59996150342822,0.12899446179446272,0.2467463061139874
67.6,-4.161859975351112,-1.379422896825325,-4.204284729438537,-1.4241413335508155,0.061640882071480586,-0.8306738736454131,-47.59410711166559,0.12944279812749926,0.23924865958147024
67.62,-4.15927491972811,-1.3796719616968853,-4.124876191542223,-1.4289155806954121,0.06006834867780661,-0.29419787831160155,-16.856296768958146,0.12992354474201662,0.23007559101784203
67.64,-4.1566790276871055,-1.3799101969677439,-4.124876191542223,-1.4289155806954121,0.058420441808961304,-0.30496122478399657,-17.472991095263403,0.13038644784648667,0.22152089284355192
67.66,-4.154073663837567,-1.3801378134480173,-4.124876191542223,-1.4289155806954121,0.05684859686991715,-0.3159531382344,-18.102781344744603,0.13083120057251207,0.21360285291316394
67.68,-4.151458755008016,-1.3803551480871603,-4.124876191542223,-1.4289155806954121,0.05536016885372964,-0.32719795212180597,-18.747061721903062,0.1312607816913669,0.20619318439552003
67.7,-4.1488350829196206,-1.3805624322214487,-4.124876191542223,-1.4289155806954121,0.05396346396756854,-0.3387347462944863,-19.408071337108765,0.13167539096219372,0.19928799305901634
67.72,-4.146202156685667,-1.380760008222203,-4.124876191542223,-1.4289155806954121,0.05266645943598136,-0.35058617357786814,-20.087108101652742,0.13207672902604273,0.1928159545816488
67.74,-4.143560722814981,-1.3809480935622798,-4.124876191542223,-1.4289155806954121,0.051478068444240216,-0.3627946705721383,-20.786603453622572,0.1324643025486516,0.18680416698946267
67.76,-4.140911457701225,-1.3811268828373746,-4.124876191542223,-1.4289155806954121,0.05040723562899312,-0.3754029108147302,-21.50900240661009,0.13283971441957476,0.18118569828917686
67.78,-4.138253520565687,-1.3812966934354027,-4.124876191542223,-1.4289155806954121,0.04946222149968087,-0.38843793472832644,-22.255854262711253,0.13320433320416214,0.17590360876118538
67.8,-4.135588292291773,-1.3814576500501492,-4.124876191542223,-1.4289155806954121,0.048651868243666595,-0.4019556676980432,-23.03036331046087,0.13355719683953993,0.17100575431028275
67.82,-4.132915647362376,-1.381609968887001,-4.124876191542223,-1.4289155806954121,0.047983890613957886,-0.4159974522733758,-23.834898303459326,0.13390067770640002,0.16638987543782235
67.84,-4.130235813042817,-1.3817538336360287,-4.124876191542223,-1.4289155806954121,0.04746531289608118,-0.4306119800035132,-24.672249061973105,0.13423484222130355,0.16205694859605657
67.86,-4.127548679585283,-1.3818894439316927,-4.124876191542223,-1.4289155806954121,0.04710201408921221,-0.44584890755670276,-25.545260703517464,0.13456025599678512,0.15798538831712783
67.88,-4.124854789023747,-1.382016945292855,-4.124876191542223,-1.4289155806954121,0.046898640286150955,-0.4617677748810226,-26.457344615829705,0.13487704108667842,0.15417357182800906
67.9,-4.122154021630083,-1.3821365140511277,-4.124876191542223,-1.4289155806954121,0.0468582040323887,-0.47842720587277265,-27.411859700746426,0.13518615059320283,0.15058212185059539
67.92,-4.119447177715162,-1.3822482583190854,-4.124876191542223,-1.4289155806954121,0.046982051561318974,-0.49589716368086667,-28.41281455142183,0.1354876739842581,0.14721050991317597
67.94,-4.116734108735748,-1.382352328631683,-4.124876191542223,-1.4289155806954121,0.04726975729975651,-0.5142462356242069,-29.464138931757137,0.13578276932664224,0.14400942743963974
67.96,-4.114014971150337,-1.3824488553432883,-4.124876191542223,-1.4289155806954121,0.04771920654569639,-0.533551145517493,-30.570228792522784,0.13607142839768827,0.14098218409253072
67.98,-4.111289913657364,-1.3825379621222618,-4.124876191542223,-1.4289155806954121,0.04832670536340375,-0.5538949963231523,-31.735845582730878,0.13635399821527727,0.13811590014345398
68.0,-4.1085593534973714,-1.3826197513753775,-4.124876191542223,-1.4289155806954121,0.04908709622916908,-0.5753685486908383,-32.966189504552446,0.13663080327317445,0.13539856244526582
68.02,-4.105822866048238,-1.3826943579065953,-4.124876191542223,-1.4289155806954121,0.049994306160533714,-0.598067092511805,-34.26672026658659,0.13690241559904948,0.13280659988956778
68.04,-4.103080859403237,-1.3827618806600526,-4.124876191542223,-1.4289155806954121,0.05104116505334385,-0.6220964782773577,-35.6435026552445,0.13716854719163507,0.13035568082964133
68.06,-4.100333715527487,-1.382822409322045,-4.124876191542223,-1.4289155806954121,0.05221985806365724,-0.6475695389156535,-37.103001521099664,0.1374297487382492,0.12802308141379726
68.08,-4.097581279178837,-1.3828760470740191,-4.124876191542223,-1.4289155806954121,0.05352243358630384,-0.6746062209291607,-38.652089292510894,0.1376864946809775,0.12578922286010652
68.1,-4.094823659538507,-1.3829228870649344,-4.124876191542223,-1.4289155806954121,0.0549407184811172,-0.7033346790296691,-40.298108693588446,0.13793874328458244,0.1236580911478935
68.12,-4.092061209432063,-1.3829630099249952,-4.124876191542223,-1.4289155806954121,0.05646646625476332,-0.7338895780027228,-42.048775448193034,0.13818669880745205,0.12162234439783148
68.14,-4.089423068746356,-1.3829929221821438,-4.124876191542223,-1.4289155806954121,0.05801563996807326,-0.7669176468457258,-43.94114439836464,0.13037624895835265,0.23892180606499558
68.16,-4.086808234874175,-1.3830102715665038,-4.124876191542223,-1.4289155806954121,0.05963611934977881,-0.8019545295681092,-45.94860990565204,0.13080970741796705,0.23158504125042612
68.18,-4.0841841371958765,-1.38301569408748,-4.04536303031294,-1.426222943732888,0.05808566743644251,-0.2780930062498995,-15.933555570224467,0.13127507853232245,0.22259922894174444
68.2,-4.0815505826308405,-1.3830095859082814,-4.04536303031294,-1.426222943732888,0.056364290443846506,-0.2884658546796555,-16.52787600677839,0.13172297273440492,0.21422149528604884
68.22,-4.078908869694229,-1.3829922855387682,-4.04536303031294,-1.426222943732888,0.0547194037585577,-0.2990625631608157,-17.135022679479352,0.13215309127270203,0.20646971206184084
68.24,-4.076258484349682,-1.3829641349300301,-4.04536303031294,-1.426222943732888,0.05315875863090371,-0.30990115368102433,-17.756028172157812,0.13256835623414176,0.1992178224441421
68.26,-4.073600202386599,-1.3829254501851014,-4.04536303031294,-1.426222943732888,0.05169149673048804,-0.321022123425505,-18.393212802609234,0.13296824225816906,0.1924944958664465
68.28,-4.0709347205814375,-1.3828765146325208,-4.04536303031294,-1.426222943732888,0.05032717217310281,-0.33246545210820766,-19.048867239709097,0.13335457591621136,0.1862228293980639
68.3,-4.068261541719863,-1.382817601888483,-4.04536303031294,-1.426222943732888,0.04907510086879758,-0.3442565814686368,-19.724449187754477,0.1337289030755251,0.1803380418652356
68.32,-4.065581330018419,-1.382748979143631,-4.04536303031294,-1.426222943732888,0.047945440242931785,-0.3564394834271847,-20.422478052200933,0.13409075611834353,0.17486578733350022
68.34,-4.062894686874757,-1.382670886271589,-4.04536303031294,-1.426222943732888,0.0469482767619195,-0.36905889961428356,-21.145517339640772,0.13444158214426238,0.16974565554717103
68.36,-4.060201474981038,-1.3825835414353311,-4.04536303031294,-1.426222943732888,0.04609313260189866,-0.38215351685732546,-21.895783642006307,0.13478260949488785,0.16492655553590474
68.38,-4.057501911821686,-1.3824871610437715,-4.04536303031294,-1.426222943732888,0.04538910807355661,-0.3957697252868826,-22.675934917990386,0.13511390833764736,0.160409316204424
68.4,-4.054796202626242,-1.3823819490225135,-4.04536303031294,-1.426222943732888,0.04484437040574347,-0.40995743772780996,-23.488830961800776,0.13543608214190428,0.15617070981188697
68.42,-4.05208453963389,-1.3822680975988388,-4.04536303031294,-1.426222943732888,0.04446579793751097,-0.4247704515150882,-24.337554133680918,0.13574969514404955,0.15218908977265855
68.44,-4.049366797446086,-1.382145783618283,-4.04536303031294,-1.426222943732888,0.044258628481065404,-0.44026453106842983,-25.22529949952734,0.13605526781086397,0.1484445839350368
68.46,-4.046643464890051,-1.382015191870472,-4.04536303031294,-1.426222943732888,0.044226291246669186,-0.456505631148178,-26.155845988746492,0.13635290588034366,0.14493598840203958
68.48,-4.043915281738659,-1.3818764963912429,-4.04536303031294,-1.426222943732888,0.044370072884317296,-0.4735658862780665,-27.133326605105516,0.13664347957647038,0.14162732778544296
68.5,-4.041181507688824,-1.381729811157999,-4.04536303031294,-1.426222943732888,0.04468919307598466,-0.4915135441119163,-28.16165165113002,0.13692805769736083,0.13847305820879896
68.52,-4.0384423002083905,-1.3815752896582454,-4.04536303031294,-1.426222943732888,0.04518085346193629,-0.5104303551873186,-29.245505087596904,0.13720595009480974,0.13550734160316935
68.54,-4.035698082675066,-1.381413084977485,-4.04536303031294,-1.426222943732888,0.04584031691123001,-0.5304066118540561,-30.390060285071037,0.13747755792143934,0.13271499124889452
68.56,-4.0329495126192585,-1.3812433463443687,-4.04536303031294,-1.426222943732888,0.04666111446123657,-0.551540454166822,-31.60094025448752,0.13774354637492436,0.13006854055697126
68.58,-4.030195897397056,-1.3810661524768177,-4.04536303031294,-1.426222943732888,0.047635886865181554,-0.5739335838047155,-32.883972072828136,0.13800474203691238,0.12753267008225322
68.6,-4.027437618793308,-1.3808816392319254,-4.04536303031294,-1.426222943732888,0.048756069078599314,-0.5977012014054567,-34.245756250431455,0.13826056813890375,0.12513602687391767
68.62,-4.024674785288,-1.3806899188253847,-4.04536303031294,-1.426222943732888,0.05001259680759689,-0.6229672260736839,-35.693392828994305,0.13851155918507274,0.12285657895794166
68.64,-4.021907252993077,-1.3804910859899784,-4.04536303031294,-1.426222943732888,0.0513962673965407,-0.6498655817363531,-37.23455508430707,0.13875795617783737,0.12068550313215631
68.66,-4.019135614819988,-1.3802852732170745,-4.04536303031294,-1.426222943732888,0.05289751313492301,-0.6785404712952309,-38.877505234034516,0.13899976140017145,0.11862486776204051
68.68,-4.016359714548243,-1.3800725592843197,-4.04536303031294,-1.426222943732888,0.05450734179995701,-0.7091454615875004,-40.63104200982041,0.13923762932614991,0.11664660541588212
68.7,-4.013579640032215,-1.3798530375170242,-4.04536303031294,-1.426222943732888,0.056217008993763494,-0.7418430918044625,-42.50447822133177,0.13947151601669816,0.11475454933629337
68.72,-4.010929457729343,-1.3796353494943847,-3.9663826487987235,-1.4166264761267695,0.05790303649580284,-0.2540633502121481,-14.556757696110255,0.13181297257274238,0.2332014164385665
68.74,-4.008295731195441,-1.3794068141280962,-3.9663826487987235,-1.4166264761267695,0.05605363248969226,-0.26410031152565905,-15.131833218510515,0.1322462690588999,0.22532906368444294
68.76,-4.005654082030888,-1.3791657598406757,-3.9663826487987235,-1.4166264761267695,0.0542729281758,-0.2743126022117087,-15.716954373981922,0.132699288893523,0.2163664278398425
68.78,-4.003003893498517,-1.3789125556208344,-3.9663826487987235,-1.4166264761267695,0.052568577717968745,-0.2847121952544202,-16.312807163982903,0.13313471054257064,0.2080225468703567
68.8,-4.000346864802498,-1.3786477037114315,-3.9663826487987235,-1.4166264761267695,0.050950516414724006,-0.29535637177200635,-16.922673554832848,0.13355159002497174,0.20034464297102872
68.82,-3.99768367561269,-1.3783715768772864,-3.9663826487987235,-1.4166264761267695,0.04942865157170243,-0.3062840546083894,-17.548783661215147,0.13395381489260672,0.19316310050809804
68.84,-3.9950129928586535,-1.3780843816396287,-3.9663826487987235,-1.4166264761267695,0.04801239057207696,-0.3175050451632964,-18.191699061967476,0.13434301371173518,0.18640919919210575
68.86,-3.992336290666307,-1.377786560116654,-3.9663826487987235,-1.4166264761267695,0.046713280786769985,-0.3290753483377571,-18.854628601550893,0.1347171828921745,0.18017775660350566
68.88,-3.989653433651679,-1.3774783733579414,-3.9663826487987235,-1.4166264761267695,0.04554232512807481,-0.34102860543059466,-19.5394997844053,0.1350794078393669,0.174334975194812
68.9,-3.986964660276915,-1.3771601084739495,-3.9663826487987235,-1.4166264761267695,0.04451082309052436,-0.35340677742816073,-20.248716797952856,0.13542983062508895,0.1688788624976123
68.92,-3.984270194487656,-1.37683203528095,-3.9663826487987235,-1.4166264761267695,0.043629827102626514,-0.36625471764080386,-20.98484954757372,0.13576922518430123,0.1637789840647219
68.94,-3.981570244902306,-1.3764944072500336,-3.9663826487987235,-1.4166264761267695,0.04290974280664745,-0.3796204942222024,-21.75065213560265,0.13609831311685028,0.1590070881085648
68.96,-3.9788650060904067,-1.3761474626528745,-3.9663826487987235,-1.4166264761267695,0.04235988403403643,-0.393555844078077,-22.549088868382505,0.1364177588627058,0.15453730312975367
68.98,-3.976155277770065,-1.3757914877597457,-3.9663826487987235,-1.4166264761267695,0.04198810012308815,-0.40812255021269955,-23.383699651303704,0.13672817440477658,0.150345925374884
69.0,-3.9734399826847966,-1.375426545422764,-3.9663826487987235,-1.4166264761267695,0.04180000300950184,-0.4233689650365373,-24.257254873415302,0.13703096194470632,0.14637321538946146
69.02,-3.9707196150742043,-1.3750528913471427,-3.9663826487987235,-1.4166264761267695,0.0417991893211277,-0.43936496498745586,-25.173758159694405,0.13732490019000565,0.14267774877008144
69.04,-3.967994916726242,-1.3746707856966327,-3.9663826487987235,-1.4166264761267695,0.041986657015527895,-0.4561874612265408,-26.137616195068674,0.13761099478095673,0.13921785847470503
69.06,-3.965265453265883,-1.374280331576768,-3.9663826487987235,-1.4166264761267695,0.042360879170624186,-0.4739106415902197,-27.15307962945661,0.13789046846524045,0.13594147657891575
69.08,-3.9625321857211326,-1.3738818004950086,-3.9663826487987235,-1.4166264761267695,0.042917751115084564,-0.49262574206941306,-28.225375900077655,0.1381630066956241,0.13286586419192226
69.1,-3.95979441121924,-1.373475235712187,-3.9663826487987235,-1.4166264761267695,0.04365128203983026,-0.512421674257231,-29.359599265966796,0.13842996866966217,0.12993220549706308
69.12,-3.9570525196921253,-1.3730608284992696,-3.9663826487987235,-1.4166264761267695,0.0445535291795081,-0.5334033215907974,-30.561759105412072,0.13869071317804682,0.1271722271278808
69.14,-3.9543066226072545,-1.3726387209081403,-3.9663826487987235,-1.4166264761267695,0.04561527176013625,-0.555683857849538,-31.83833979832611,0.13894588562726184,0.12455931732380243
69.16,-3.951556824384903,-1.3722090475781397,-3.9663826487987235,-1.4166264761267695,0.046826413789890754,-0.5793871651912132,-33.19643926950556,0.1391957881351047,0.1220822261283061
69.18,-3.9488029810742242,-1.3717719039132557,-3.9663826487987235,-1.4166264761267695,0.04817652297292874,-0.6046482933961043,-34.6437953013847,0.13944069571483197,0.11973078660965086
69.2,-3.946045674985919,-1.3713274835218707,-3.9663826487987235,-1.4166264761267695,0.049654720167184224,-0.6316156858353876,-36.188913072628644,0.13968062757658828,0.1175064485758881
69.22,-3.9432847498547314,-1.3708758623838802,-3.9663826487987235,-1.4166264761267695,0.051250674078278484,-0.6604488394124257,-37.84093108264546,0.13991630777505648,0.11537827276586476
69.24,-3.9405212055207643,-1.3704172850979788,-3.9663826487987235,-1.4166264761267695,0.05295378724845251,-0.6913187563299824,-39.60964703594096,0.14014770277421817,0.11334973798349246
69.26,-3.937753054908852,-1.3699515320229103,-3.9663826487987235,-1.4166264761267695,0.05475585862167946,-0.7244122235201568,-41.50576303539261,0.14037582222421463,0.11137627786483861
69.28,-3.935107284464742,-1.3694982200017507,-3.8884431429097672,-1.400633676726483,0.05609776085121756,-0.24435328689971375,-14.000412049502946,0.1326757993031613,0.23093269832075158
69.3,-3.9324869717011093,-1.369037014722546,-3.8884431429097672,-1.400633676726483,0.05420523871723192,-0.2542220518822718,-14.56585063201002,0.1330921606383484,0.2235140455253415
69.32,-3.9298604171469096,-1.3685627488710186,-3.8884431429097672,-1.400633676726483,0.052382583162202546,-0.26427161805669874,-15.141648359742117,0.1335414143269098,0.2144053973995863
69.34,-3.9272268958134404,-1.3680757135884203,-3.8884431429097672,-1.400633676726483,0.05063793492030096,-0.27451041885625493,-15.728288432831858,0.13397386858180482,0.2058818434291787
69.36,-3.9245871791901696,-1.36757643329018,-3.8884431429097672,-1.400633676726483,0.048981350555553735,-0.2849809422839096,-16.32820523452932,0.1343881893363985,0.1980075970675621
69.38,-3.92194235289136,-1.3670654370370914,-3.8884431429097672,-1.400633676726483,0.04742387357898245,-0.2957311945423775,-16.944149317640516,0.13478656680527834,0.1906892679859329
69.4,-3.9192907134631776,-1.3665427688170402,-3.8884431429097672,-1.400633676726483,0.045975674123798854,-0.30676528117107166,-17.576355912246427,0.13517160450655652,0.18381444336967867
69.42,-3.9166337195168537,-1.3660090297489957,-3.8884431429097672,-1.400633676726483,0.044649465705153005,-0.31814198098845486,-18.228192796569736,0.1355406083600741,0.17750907102209723
69.44,-3.9139723092834573,-1.3654646684994847,-3.8884431429097672,-1.400633676726483,0.04345799667962423,-0.32991168526736453,-18.90254717786833,0.1358968875774913,0.17162957602123718
69.46,-3.9113056148370062,-1.3649097884296624,-3.8884431429097672,-1.400633676726483,0.04241330944016884,-0.3421015988737808,-19.600977780145076,0.1362424985285493,0.16608773951154454
69.48,-3.9086338618632817,-1.3643447036763425,-3.8884431429097672,-1.400633676726483,0.04152775814914206,-0.35475872104704703,-20.326177461454684,0.13657633655945745,0.160937388937743
69.5,-3.9059575841239518,-1.3637697634482921,-3.8884431429097672,-1.400633676726483,0.04081303410954776,-0.36793735202093336,-21.081257396018753,0.13689924140756204,0.156145202003799
69.52,-3.903277262349018,-1.3631852812231535,-3.8884431429097672,-1.400633676726483,0.04027944172045781,-0.38169417270107026,-21.869465160508888,0.13721249024962745,0.1516578532967383
69.54,-3.9005924338548748,-1.3625913738233908,-3.8884431429097672,-1.400633676726483,0.03993522355815097,-0.39607998150707735,-22.693711289975226,0.13751715216221427,0.14743089113644636
69.56,-3.8979041421815883,-1.3619884498141326,-3.8884431429097672,-1.400633676726483,0.039786480999561384,-0.41116662276423055,-23.55811216103805,0.13781285933749388,0.14348451920165317
69.58,-3.8952116393572322,-1.3613765332416183,-3.8884431429097672,-1.400633676726483,0.03983636352317573,-0.4270138710678106,-24.466092605729038,0.1381014069250064,0.13974117276993603
69.6,-3.892515349731168,-1.3607558956241397,-3.8884431429097672,-1.400633676726483,0.040085163016291704,-0.44369969048321634,-25.422119635949233,0.13838201227578395,0.13623936190310104
69.62,-3.889815398193848,-1.360126729232872,-3.8884431429097672,-1.400633676726483,0.040530184798676296,-0.4613065485916577,-26.430918296048617,0.13865554154239845,0.13294325193147216
69.64,-3.8871119007607486,-1.3594892152390199,-3.8884431429097672,-1.400633676726483,0.041165992235735874,-0.47992502544901094,-27.497678440936955,0.13892241688022722,0.1298367860447236
69.66,-3.884405221590922,-1.3588435785192725,-3.8884431429097672,-1.400633676726483,0.04198472480254561,-0.4996561672106035,-28.628189588850532,0.13918302239215308,0.12690545066362802
69.68,-3.8816949501504805,-1.3581898646943624,-3.8884431429097672,-1.400633676726483,0.04297691572617189,-0.5206068823996903,-29.828577146965834,0.1394380058286515,0.12412253928895112
69.7,-3.8789814407146883,-1.3575282901816847,-3.8884431429097672,-1.400633676726483,0.04413160044236831,-0.5428996984860299,-31.105861422174442,0.1396870857811372,0.121503398905487
69.72,-3.8762645474310475,-1.3568589482831201,-3.8884431429097672,-1.400633676726483,0.04543726486183406,-0.5666672584703645,-32.467642298600836,0.13993087832151474,0.11902262194496416
69.74,-3.873545068449378,-1.3561821410009063,-3.8884431429097672,-1.400633676726483,0.04688167713499089,-0.5920579070261724,-33.92241929994857,0.14016941972139207,0.11668099491823902
69.76,-3.8708221488156958,-1.3554977760513867,-3.8884431429097672,-1.400633676726483,0.04845357533366833,-0.6192303259587554,-35.47928422394695,0.1404037183616147,0.11443476120365226
69.78,-3.868096559376126,-1.3548061476640965,-3.8884431429097672,-1.400633676726483,0.05014125927273205,-0.6483610342925904,-37.14835086570227,0.14063303713180986,0.11231962127156159
69.8,-3.865368144241051,-1.3541073159361152,-3.8884431429097672,-1.400633676726483,0.05193416805877173,-0.6796401418718093,-38.940511716927176,0.140858310916947,0.11029500280645976
69.82,-3.862750154611241,-1.3534285369032666,-3.8884431429097672,-1.400633676726483,0.053744347362654196,-0.7137123353046536,-40.89270459938251,0.13435698915484906,0.20917907925244172
69.84,-3.8601457519919005,-1.3527417794043,-3.812042216429406,-1.3784216200987813,0.05452893132737999,-0.23957662054639928,-13.72672922731588,0.13475005402332485,0.20214703792320599
69.86,-3.857535507508274,-1.3520423535129589,-3.812042216429406,-1.3784216200987813,0.05258807125948347,-0.24886857865785836,-14.259119210514838,0.13515716091658803,0.19430545713849945
69.88,-3.8549207781817203,-1.3513309679948395,-3.812042216429406,-1.3784216200987813,0.05071956712516232,-0.258364233840834,-14.803180176210867,0.13554734014817882,0.1870676341564348
69.9,-3.852301766447183,-1.3506079998021838,-3.812042216429406,-1.3784216200987813,0.04893290142263366,-0.268092844263113,-15.360588493934438,0.13592364676418,0.18030049321438035
69.92,-3.849677595738551,-1.3498735519924696,-3.812042216429406,-1.3784216200987813,0.04723784466236636,-0.27806820490261286,-15.932134557698703,0.13628695460896623,0.17396917517786825
69.94,-3.847049555132142,-1.3491282688672879,-3.812042216429406,-1.3784216200987813,0.04564662297935893,-0.2883416236852137,-16.52075809511216,0.1366361592232579,0.16812800284649043
69.96,-3.8444171480494584,-1.348372298005452,-3.812042216429406,-1.3784216200987813,0.04417123448208947,-0.29893791319826435,-17.127880762708696,0.1369741675822489,0.1626509023233691
69.98,-3.8417812090172423,-1.3476061254298206,-3.812042216429406,-1.3784216200987813,0.04282525413622359,-0.3099040388463526,-17.756193479954316,0.1373005648073189,0.1575607861470374
70.0,-3.8391415676765317,-1.3468299434922142,-3.812042216429406,-1.3784216200987813,0.04162221604899265,-0.32127499441656254,-18.407701243158122,0.13761721341527533,0.15277798857793456
70.02,-3.836498372785515,-1.3460440239716462,-3.812042216429406,-1.3784216200987813,0.04057600663799154,-0.3330935344425618,-19.084853706654314,0.13792420423239804,0.14830221771067187
70.04,-3.8338514761485305,-1.3452485468341193,-3.812042216429406,-1.3784216200987813,0.039700083114760164,-0.3454025920607322,-19.790110757958832,0.13822215139969174,0.144109587333352
70.06,-3.8312013092689146,-1.344443842035839,-3.812042216429406,-1.3784216200987813,0.039007181909585194,-0.3582560052650793,-20.526557086905644,0.13851120910128856,0.14019686733757197
70.08,-3.8285479937854627,-1.3436301338840624,-3.812042216429406,-1.3784216200987813,0.03850828740877342,-0.3717081751886865,-21.29730964882116,0.13879238538132554,0.13652217818127532
70.1,-3.825891906631219,-1.3428077060280985,-3.812042216429406,-1.3784216200987813,0.03821210271785859,-0.3858208472126831,-22.105906193448515,0.13906616467496136,0.13306692432268896
70.12,-3.8232328795936517,-1.3419766731141725,-3.812042216429406,-1.3784216200987813,0.03812433740757416,-0.40065621076678437,-22.955909912640717,0.13933333510003365,0.12979851947703125
70.14,-3.8205710116577656,-1.3411372240697244,-3.812042216429406,-1.3784216200987813,0.038247438284136764,-0.41628572569132155,-23.85141515365343,0.13959391266213927,0.12671908636741058
70.16,-3.8179063969294758,-1.3402895376614603,-3.812042216429406,-1.3784216200987813,0.03858036189493362,-0.4327881794047804,-24.796936103044615,0.13984827466426708,0.12381437574982002
70.18,-3.815239362541159,-1.3394338525645424,-3.812042216429406,-1.3784216200987813,0.0391186369977758,-0.4502520160613696,-25.797540237573035,0.14009677482951233,0.1210710604515608
70.2,-3.8125692790027097,-1.3385701122149878,-3.812042216429406,-1.3784216200987813,0.03985499310711566,-0.4687691789256202,-26.858495518250972,0.14034001427791765,0.11846437326434867
70.22,-3.8098969340319315,-1.337698692057794,-3.812042216429406,-1.3784216200987813,0.04077939559135648,-0.48845057823169974,-27.986156633401038,0.14057746436133556,0.1160207876194086
70.24,-3.8072219449006224,-1.3368195918672792,-3.812042216429406,-1.3784216200987813,0.041880350650226224,-0.5094123144883165,-29.187175652171533,0.14081023901306722,0.11369212535528028
70.26,-3.804544828749616,-1.3359330891684658,-3.812042216429406,-1.3784216200987813,0.04314494272377063,-0.5317873422990034,-30.469170312211734,0.14103808899665893,0.11149190231263262
70.28,-3.8018650000853476,-1.3350391079758004,-3.812042216429406,-1.3784216200987813,0.044560274804071355,-0.5557194014017587,-31.840376293857258,0.14126173286888033,0.10938948654115599
70.3,-3.7991831708105552,-1.3341379819465942,-3.812042216429406,-1.3784216200987813,0.046112857883908356,-0.5813713576007167,-33.310125120312,0.1414807220833758,0.10740736368419768
70.32,-3.796499390817978,-1.3332298200465895,-3.812042216429406,-1.3784216200987813,0.047789938480233975,-0.6089206135814178,-34.888581216731716,0.1416959332353862,0.10550748120841114
70.34,-3.793813505624483,-1.3323146628660405,-3.812042216429406,-1.3784216200987813,0.04957960672364506,-0.6385626567767939,-36.586945187971246,0.14190751816354208,0.10368454758546974
70.36,-3.7911255689756307,-1.331392617835506,-3.812042216429406,-1.3784216200987813,0.05147070229348611,-0.6705117631646451,-38.41749414320958,0.14211543413891192,0.10194214698500126
70.38,-3.788524915330349,-1.3304928061015593,-3.812042216429406,-1.3784216200987813,0.053387589027451,-0.7053416471853314,-40.41309949852505,0.13695195177714226,0.18159000282125248
70.4,-3.785933812944917,-1.3295858994312246,-3.737629998443525,-1.3502581763219048,0.05254142677192797,-0.22834154867494794,-13.083007026555572,0.13729600858090052,0.17575869422636892
70.42,-3.783339572151772,-1.3286677774514613,-3.737629998443525,-1.3502581763219048,0.050552056852066145,-0.23705244051447308,-13.582104364755313,0.137648692231096,0.16938933679933044
70.44,-3.7807416424597555,-1.3277385724928263,-3.737629998443525,-1.3502581763219048,0.048638939198967376,-0.24597446281972782,-14.093298587567991,0.13798938171332154,0.16341916047601934
70.46,-3.7781405279894194,-1.3267987583708594,-3.737629998443525,-1.3502581763219048,0.04681289667058241,-0.25514319182431183,-14.618628063029838,0.13831741407077658,0.15788204777100745
70.48,-3.7755366823976457,-1.3258487596398527,-3.737629998443525,-1.3502581763219048,0.04508587706982808,-0.26459419675504425,-15.160130757718138,0.138634285589756,0.152715076778831
70.5,-3.772929928805439,-1.32488876860483,-3.737629998443525,-1.3502581763219048,0.043470586969480585,-0.2743551023689908,-15.719389453622826,0.1389412658356015,0.14786509221154098
70.52,-3.7703201133182596,-1.32391898188175,-3.737629998443525,-1.3502581763219048,0.041980909640926455,-0.284457027503491,-16.298187128786815,0.13923845101606602,0.14333150585410515
70.54,-3.7677087426827724,-1.322940147955305,-3.737629998443525,-1.3502581763219048,0.040632567342569294,-0.29495595938752694,-16.89973161513741,0.13952602074507325,0.13911005885214323
70.56,-3.765093735474241,-1.3219517318720249,-3.737629998443525,-1.3502581763219048,0.039439975267315554,-0.305863346185676,-17.524678844188063,0.13980677373135464,0.1350781528952627
70.58,-3.762476552692322,-1.3209544833495797,-3.737629998443525,-1.3502581763219048,0.0384194960905882,-0.31724081172088714,-18.17655960091121,0.14007773641973031,0.13137285194031456
70.6,-3.7598570283109796,-1.3199485261489239,-3.737629998443525,-1.3502581763219048,0.0375861111361259,-0.32913273855533515,-18.857916818803453,0.1403415937152097,0.1278769179269279
70.62,-3.7572350097494573,-1.3189339868597065,-3.737629998443525,-1.3502581763219048,0.0369535020501364,-0.3415887249646405,-19.57159226972896,0.14059839633056015,0.12459104414164202
70.64,-3.754611069224462,-1.317911245335007,-3.737629998443525,-1.3502581763219048,0.03653328221140719,-0.3546709790287793,-20.321150214121985,0.14084823559468163,0.1215141200638925
70.66,-3.7519848131356692,-1.3168803117916787,-3.737629998443525,-1.3502581763219048,0.03633376591331991,-0.3684378495690553,-21.109933793182783,0.14109218691231717,0.11860041184919012
70.68,-3.7493567766140607,-1.3158415372848287,-3.737629998443525,-1.3502581763219048,0.03635962553257873,-0.38296294681577975,-21.942160562437188,0.1413299704784876,0.11586518007700164
70.7,-3.7467267992775133,-1.3147949978500768,-3.737629998443525,-1.3502581763219048,0.03661132082755248,-0.39832119106421143,-22.822123138603395,0.14156252140908876,0.11326867315308853
70.72,-3.744094733085121,-1.313740773390488,-3.737629998443525,-1.3502581763219048,0.03708521957386397,-0.414596806744847,-23.754647226080756,0.14178983770793963,0.11081327711437439
70.74,-3.7414610685229936,-1.3126791796699038,-3.737629998443525,-1.3502581763219048,0.03777377512673186,-0.43188809162735914,-24.745364872207066,0.14201195534067068,0.10849970024873201
70.76,-3.738825650399472,-1.31161027256796,-3.737629998443525,-1.3502581763219048,0.03866639430014063,-0.4503000634144249,-25.800293148119877,0.14222964881511757,0.10629500489134358
70.78,-3.7361885336194494,-1.3105341873724417,-3.737629998443525,-1.3502581763219048,0.03975013357079594,-0.46995183440838373,-26.92625668603133,0.14244290023404105,0.10420197344207516
70.8,-3.7335497708912455,-1.3094510530068202,-3.737629998443525,-1.3502581763219048,0.04101060314273496,-0.4909768452199882,-28.13090106975319,0.1426519320908426,0.10221244756580816
70.82,-3.730909603445076,-1.3083610661806866,-3.737629998443525,-1.3502581763219048,0.042432670751680765,-0.5135250849047541,-29.422820039139673,0.1428569538435731,0.10031876400140582
70.84,-3.7282675074213114,-1.3072641169179404,-3.737629998443525,-1.3502581763219048,0.04400165203912969,-0.5377629325550402,-30.81154641398214,0.14305834884540403,0.09850519260390378
70.86,-3.725624096172577,-1.306160548831131,-3.737629998443525,-1.3502581763219048,0.045702761838368224,-0.5638794001006993,-32.30790978013879,0.14325572194540115,0.09679145940522105
70.88,-3.722979224941958,-1.3050503898022066,-3.737629998443525,-1.3502581763219048,0.04752251178341508,-0.592084009152365,-33.923914841615726,0.14344981898393172,0.09514524104137223
70.9,-3.7203331113212266,-1.3039338122889623,-3.737629998443525,-1.3502581763219048,0.04944824574419302,-0.6226102230004124,-35.672938059622645,0.14364060333278417,0.09356967994200716
70.92,-3.717685264626441,-1.302810698092429,-3.737629998443525,-1.3502581763219048,0.051468977038317994,-0.6557182089066704,-37.569885920229844,0.14382837291702089,0.09205257268884992
70.94,-3.7150971844805514,-1.3017060491298298,-3.6656775735280305,-1.3162921457653944,0.05152719827198597,-0.20466468240994093,-11.726422517474994,0.14009300906314692,0.1510019918804506
70.96,-3.712519105786416,-1.3005965780565643,-3.6656775735280305,-1.3162921457653944,0.049401214458916314,-0.2124546574568662,-12.172755210176037,0.14037620149789376,0.1466790236226423
70.98,-3.709939428824426,-1.2994775205690603,-3.6656775735280305,-1.3162921457653944,0.047348109305148156,-0.22046532883951547,-12.631732871468069,0.14067085643612032,0.14171868430223888
71.0,-3.7073576281192415,-1.2983489078850547,-3.6656775735280305,-1.3162921457653944,0.04537826281774998,-0.22871045408820598,-13.104143749774787,0.1409567739754536,0.13703141833687482
71.02,-3.704773288628969,-1.2972108282025172,-3.6656775735280305,-1.3162921457653944,0.043503696615220216,-0.23721069316315072,-13.591171573621308,0.14123318044605426,0.1326550181313113
71.04,-3.702187043853214,-1.296063795219115,-3.6656775735280305,-1.3162921457653944,0.04173880196230613,-0.24600552040348228,-14.095078056038995,0.14149980340283363,0.12860540128500908
71.06,-3.699598985532818,-1.2949080648547135,-3.6656775735280305,-1.3162921457653944,0.04009914099819456,-0.25512776189123754,-14.617743992986513,0.14175822909106017,0.1248150004662385
71.08,-3.697008963638954,-1.293743781388395,-3.6656775735280305,-1.3162921457653944,0.0386016157998704,-0.26460967810980157,-15.161017774006877,0.14200899621252816,0.1212628287394768
71.1,-3.69441774601613,-1.2925714626159923,-3.6656775735280305,-1.3162921457653944,0.03726484031523592,-0.27449843268788504,-15.72760167597173,0.14225223230504014,0.1179462786038421
71.12,-3.6918249388990962,-1.2913911076328062,-3.6656775735280305,-1.3162921457653944,0.03610742881913116,-0.28482942996228966,-16.31952421795627,0.14248945148294112,0.11480011180453609
71.14,-3.6892306067217726,-1.2902029152863053,-3.6656775735280305,-1.3162921457653944,0.03514816239316864,-0.29564822660737244,-16.93939560512981,0.14272031017297238,0.11184233081551476
71.16,-3.686635019303084,-1.2890071624858204,-3.6656775735280305,-1.3162921457653944,0.03440472127457134,-0.307007185523204,-17.590216010669455,0.14294517794821715,0.1090589176089285
71.18,-3.6840378210389715,-1.2878038413421593,-3.6656775735280305,-1.3162921457653944,0.033892214114364584,-0.3189574565822321,-18.2749161063891,0.1431646874905823,0.10642382693548669
71.2,-3.6814390773986325,-1.2865931322116184,-3.6656775735280305,-1.3162921457653944,0.03362226063682178,-0.33156107997295764,-18.997050533250036,0.1433785891810757,0.1039506460909223
71.22,-3.678839234853484,-1.2853753717457743,-3.6656775735280305,-1.3162921457653944,0.03360172978622085,-0.3448902214040056,-19.76075408178205,0.14358723242704485,0.10162603447660956
71.24,-3.676238145901596,-1.284150616670382,-3.6656775735280305,-1.3162921457653944,0.03383199050341027,-0.35901958773360754,-20.570307139662493,0.14379141434144316,0.09941619722786399
71.26,-3.673635489806727,-1.2829188470144173,-3.6656775735280305,-1.3162921457653944,0.03430897114488745,-0.3740324793089767,-21.430482465218656,0.14399113067078417,0.09732327693301457
71.28,-3.6710316852966107,-1.2816803748622105,-3.6656775735280305,-1.3162921457653944,0.03502343783646799,-0.390028400643411,-22.346981247105013,0.14418619580984782,0.09535769538104866
71.3,-3.668426947757701,-1.2804354043238306,-3.6656775735280305,-1.3162921457653944,0.03596199334661436,-0.4071170182507639,-23.32608691371928,0.14437730431646756,0.0934900136140282
71.32,-3.6658211362342974,-1.2791839697117897,-3.6656775735280305,-1.3162921457653944,0.037108453757546324,-0.42542011773610583,-24.37477726623744,0.14456484464879793,0.09170431764404796
71.34,-3.6632142862891643,-1.2779261855169621,-3.6656775735280305,-1.3162921457653944,0.03844495662379461,-0.44507704872612835,-25.501036450145648,0.14474878899353172,0.0900034455297849
71.36,-3.6606067605007415,-1.2766623117313567,-3.6656775735280305,-1.3162921457653944,0.03995293343827334,-0.4662469343846182,-26.713981551151644,0.14492930614666832,0.08838130889698981
71.38,-3.6579979340236393,-1.2753921412124807,-3.6656775735280305,-1.3162921457653944,0.04161474781067131,-0.4891078401635647,-28.02381496813151,0.1451068798330013,0.08681737164284442
71.4,-3.655388008180016,-1.274115862505071,-3.6656775735280305,-1.3162921457653944,0.04341329317969434,-0.5138656943241824,-29.442335521335313,0.1452809837577007,0.08533692866796727
71.42,-3.652777485176974,-1.2728337948023825,-3.6656775735280305,-1.3162921457653944,0.045332555055824786,-0.5407541157324348,-30.982928585797385,0.14545195370407882,0.08392624697761697
71.44,-3.65016592468397,-1.2715458025487092,-3.6656775735280305,-1.3162921457653944,0.04735870016297778,-0.5700381895505536,-32.66078242252515,0.14562037047021192,0.08256018620311778
71.46,-3.647553508194382,-1.2702520505808241,-3.6656775735280305,-1.3162921457653944,0.04947900674854593,-0.6020188843110412,-34.493141258197234,0.14578590066181008,0.08125510460588181
71.48,-3.644978175809658,-1.268970656835932,-3.5961637381485887,-1.2775663506117174,0.049565464545926495,-0.17966118211642884,-10.293827477602635,0.14333540828888047,0.12018844941841245
71.5,-3.6424110307258366,-1.2676857465334388,-3.5961637381485887,-1.2775663506117174,0.047290997110203396,-0.18638101637259463,-10.678845619508369,0.14356021184402934,0.11719363401385685
71.52,-3.639842902011809,-1.2663928889842702,-3.5961637381485887,-1.2775663506117174,0.045085647389497364,-0.1933124240574377,-11.075986025934421,0.14379519807539154,0.11364725767237793
71.54,-3.6372735956073585,-1.2650921857334534,-3.5961637381485887,-1.2775663506117174,0.04296073986432833,-0.2004739283780001,-11.486309998467352,0.1440235565036474,0.11030115476318159
71.56,-3.634703168204251,-1.2637838543085698,-3.5961637381485887,-1.2775663506117174,0.04092975535428431,-0.2078910692874555,-11.91128086863297,0.14424516264543996,0.1071634271143651
71.58,-3.632131674032483,-1.262468099843608,-3.5961637381485887,-1.2775663506117174,0.039008327162346305,-0.2155914663211754,-12.35248111924018,0.14446043081823845,0.10421818524730675
71.6,-3.629559163580944,-1.2611451152126196,-3.5961637381485887,-1.2775663506117174,0.03721439791049397,-0.22360506178999662,-12.811626318328795,0.14466975076166122,0.1014505099605767
71.62,-3.626985867817703,-1.259815169832555,-3.5961637381485887,-1.2775663506117174,0.03556835807841284,-0.23196669067650136,-13.290712363380191,0.14487348208502837,0.09884669751047959
71.64,-3.624411999224454,-1.2584785101553868,-3.5961637381485887,-1.2775663506117174,0.03409266647090815,-0.24071366317570195,-13.791876971101383,0.14507221700483797,0.09638242152609777
71.66,-3.6218367073029376,-1.2571348505531421,-3.5961637381485887,-1.2775663506117174,0.03281078389559922,-0.24987498358765783,-14.316781965473508,0.1452664604146392,0.09403703606913894
71.68,-3.6192605678545653,-1.2557846287381038,-3.5961637381485887,-1.2775663506117174,0.03174755030307599,-0.25950062518990047,-14.868290604387553,0.14545523810252092,0.09185634290753697
71.7,-3.6166836192242,-1.2544279897073232,-3.5961637381485887,-1.2775663506117174,0.030926513943527998,-0.26963897059858066,-15.449175007550764,0.14563960499645034,0.0897951812628417
71.72,-3.6141058953085636,-1.253065069539989,-3.5961637381485887,-1.2775663506117174,0.030368302186804554,-0.280343849287524,-16.062519376626756,0.14581981370831443,0.08784407659057081
71.74,-3.611527427973093,-1.251695997176963,-3.5961637381485887,-1.2775663506117174,0.03008850531120963,-0.291675530180768,-16.71177686659867,0.14599608719310098,0.08599477167803293
71.76,-3.6089484015406894,-1.2503209723210382,-3.5961637381485887,-1.2775663506117174,0.030095817919630178,-0.30370293919658037,-17.400896641682316,0.14616863152765447,0.08423967498338847
71.78,-3.6063685354837585,-1.2489399507008812,-3.5961637381485887,-1.2775663506117174,0.03039093056336075,-0.31650008134104546,-18.13411887638916,0.1463378129171744,0.08256385221505624
71.8,-3.6037880107093385,-1.2475531262811441,-3.5961637381485887,-1.2775663506117174,0.030966484572807415,-0.330154844920182,-18.916479199722634,0.14650344336830656,0.08097728459666165
71.82,-3.601206853109841,-1.2461606046349023,-3.5961637381485887,-1.2775663506117174,0.03180807898746236,-0.3447657646334949,-19.75362323409996,0.14666587390825825,0.07946565430683172
71.84,-3.5986249447616956,-1.2447624136132691,-3.5961637381485887,-1.2775663506117174,0.0328961368642363,-0.3604445867551126,-20.651953569405006,0.14682525870650665,0.0780233908970196
71.86,-3.596042731580659,-1.2433588706607008,-3.5961637381485887,-1.2775663506117174,0.034207693976482594,-0.3773221906900054,-21.618969043167752,0.1469815939416641,0.07665202335638277
71.88,-3.5934595417553488,-1.2419497010200806,-3.5961637381485887,-1.2775663506117174,0.03571916021222578,-0.3955436934436162,-22.662984247335658,0.14713544653455202,0.0753271654019283
71.9,-3.590876081759374,-1.2405353595409967,-3.5961637381485887,-1.2775663506117174,0.03740659847901436,-0.4152826139582185,-23.793941084966573,0.14728623335171775,0.0740763956119661
71.92,-3.5882920984764235,-1.2391157804441908,-3.5961637381485887,-1.2775663506117174,0.039248045267711015,-0.43673544865067176,-25.023097971435977,0.1474347613734217,0.07286441126796994
71.94,-3.585707480445604,-1.2376909763337116,-3.5961637381485887,-1.2775663506117174,0.041223522398774644,-0.4601313044180758,-26.363581765005033,0.1475808537922063,0.07170022908731255
71.96,-3.58312237745355,-1.2362610975506754,-3.5961637381485887,-1.2775663506117174,0.0433151361444798,-0.4857369968927463,-27.830679875313546,0.1477244870870642,0.07058599021836365
71.98,-3.580536931760398,-1.2348262846519777,-3.5961637381485887,-1.2775663506117174,0.04550725564277516,-0.5138625243140367,-29.44215389313295,0.14786588191499916,0.06951274183486511
72.0,-3.577951032506444,-1.2333865387986132,-3.5961637381485887,-1.2775663506117174,0.04778659245697187,-0.5448689822636209,-31.218693071293988,0.1480052293736378,0.06847275298982325
72.02,-3.575382463924259,-1.2319514371857478,-3.528823117546092,-1.235163759955272,0.04667003056285394,-0.15373274019249433,-8.808237186011125,0.1468917416374893,0.08684833525229863
72.04,-3.5728176347267313,-1.2305126443890329,-3.528823117546092,-1.235163759955272,0.04423969278790347,-0.15931299275442196,-9.127962106426642,0.14705808807145004,0.08502247146435771
72.06,-3.5702522692581296,-1.229067866457446,-3.528823117546092,-1.235163759955272,0.04187522572017806,-0.16509762056296412,-9.459396865910119,0.14722849818777917,0.08294640437833678
72.08,-3.5676865260430777,-1.2276173113549242,-3.528823117546092,-1.235163759955272,0.03958930924481089,-0.17110823440855974,-9.803779671545644,0.1473948062102437,0.08098256536914761
72.1,-3.5651201354705186,-1.2261609499012815,-3.528823117546092,-1.235163759955272,0.03739684611132844,-0.177363680529096,-10.162190333223858,0.14755736049343326,0.07911697508800053
72.12,-3.5625534088759196,-1.2246990660333121,-3.528823117546092,-1.235163759955272,0.03531631877865175,-0.18389194344325657,-10.536232245757033,0.14771596756180116,0.07735993900359617
72.14,-3.5599862256095625,-1.2232316968671169,-3.528823117546092,-1.235163759955272,0.03336934871577887,-0.19071835291372485,-10.927356697643,0.14787121455128727,0.07568676916758221
72.16,-3.557418740242255,-1.221759027607287,-3.528823117546092,-1.235163759955272,0.03158158461354368,-0.1978740802800248,-11.33734967507825,0.14802309004080527,0.07409942822556026
72.18,-3.5548508363406026,-1.2202810873226246,-3.528823117546092,-1.235163759955272,0.029982262928883018,-0.2053907444421983,-11.768022807588032,0.14817192383365096,0.07258453623704142
72.2,-3.552282404478279,-1.2187979090229255,-3.528823117546092,-1.235163759955272,0.028603832262591295,-0.21330406056685808,-12.221422423483858,0.148317698863476,0.07114417579834331
72.22,-3.5497134683285334,-1.2173095982076014,-3.528823117546092,-1.235163759955272,0.027480499404585693,-0.2216555400256875,-12.699926949164984,0.148460419322749,0.06977949656428173
72.24,-3.5471442960047126,-1.2158163893324714,-3.528823117546092,-1.235163759955272,0.026645568677148426,-0.23049370635619326,-13.20631657853759,0.14860025125260634,0.0684843767750909
72.26,-3.544574658317447,-1.2143182314771903,-3.528823117546092,-1.235163759955272,0.026127516035822827,-0.23986875746721065,-13.74346743991832,0.14873760854179352,0.06724142740166528
72.28,-3.542004810804237,-1.2128153458722906,-3.528823117546092,-1.235163759955272,0.025946264647849233,-0.2498416739122779,-14.314873461657287,0.14887233998663874,0.06605855200847444
72.3,-3.5394345321651417,-1.2113076784632062,-3.528823117546092,-1.235163759955272,0.026109667641957237,-0.26047800309123115,-14.924290233123156,0.14900481195434523,0.06492036801586387
72.32,-3.536864067430238,-1.2097954393046122,-3.528823117546092,-1.235163759955272,0.026612188329298295,-0.2718561040128733,-15.576207394807163,0.14913488032739508,0.06383436999657377
72.34,-3.5342933142452964,-1.2082786345110046,-3.528823117546092,-1.235163759955272,0.027435980428663086,-0.2840633038979873,-16.275628427896777,0.1492628748659186,0.0627867153379924
72.36,-3.5317222847994314,-1.2067573354595653,-3.528823117546092,-1.235163759955272,0.028553986120910042,-0.29720115845230755,-17.028372045716058,0.14938876259362743,0.061779793226746094
72.38,-3.529150991046828,-1.205231610998509,-3.528823117546092,-1.235163759955272,0.02993394464821389,-0.3113872724586094,-17.841176505968576,0.14951262425695333,0.06081087037812516
72.4,-3.5265794444127394,-1.2037015274322171,-3.528823117546092,-1.235163759955272,0.03154213284583182,-0.32675845901336026,-18.721880621664038,0.14963453667400373,0.05987735545498474
72.42,-3.524007551504967,-1.2021670892632503,-3.528823117546092,-1.235163759955272,0.033346213474008714,-0.3434743567168795,-19.679631010848112,0.14975457143950877,0.05897685712685785
72.44,-3.5214354288242204,-1.2006284214406173,-3.528823117546092,-1.235163759955272,0.035316675253668245,-0.36172327216586997,-20.725216846766354,0.14987270525388396,0.058111248946168814
72.46,-3.518863489976061,-1.1990858157638762,-3.528823117546092,-1.235163759955272,0.037427426286230185,-0.38172736426293713,-21.871366896919305,0.1499891008736931,0.05727399408628209
72.48,-3.5162909373335407,-1.1975388532825375,-3.528823117546092,-1.235163759955272,0.0396571449175536,-0.40374840503345066,-23.133079593555248,0.1501041512147694,0.05644804319304697
72.5,-3.5137180851366527,-1.195987777631581,-3.528823117546092,-1.235163759955272,0.04198713606709038,-0.42810055180513873,-24.528354825656105,0.1502172124919987,0.05566309983495721
72.52,-3.511145138838769,-1.1944327586728984,-3.528823117546092,-1.235163759955272,0.044401862535723556,-0.45515858802992015,-26.078666103248175,0.15032861718573542,0.05490499962013118
72.54,-3.5085721041007014,-1.1928738447048453,-3.463192914318971,-1.190152780968479,0.04546069789503534,-0.1222779376322809,-7.006009753893598,0.1504385788050122,0.054164780970422655
72.56,-3.505996956830504,-1.1913099051989648,-3.463192914318971,-1.190152780968479,0.04281967995926505,-0.12645616328337478,-7.245404449554577,0.15067873914791363,0.05136481213252608
72.58,-3.503421381486541,-1.1897420932662695,-3.463192914318971,-1.190152780968479,0.04023056344423969,-0.1308099000179655,-7.494855189557694,0.15078230876266474,0.05076092088662776
72.6,-3.500845562597973,-1.1881705605314468,-3.463192914318971,-1.190152780968479,0.03770478908949399,-0.13536025788168732,-7.7555714904231206,0.15088407216152788,0.05019419182406004
72.62,-3.498269424435016,-1.1865952994158622,-3.463192914318971,-1.190152780968479,0.035256449579023436,-0.1401241602310801,-8.028522989055784,0.1509846305646434,0.04963895038567756
72.64,-3.495693234303613,-1.1850165059628461,-3.463192914318971,-1.190152780968479,0.03290367943008222,-0.14512211876014613,-8.31488491895268,0.15108396398906265,0.0490966311372798
72.66,-3.4931173340219046,-1.1834344164386954,-3.463192914318971,-1.190152780968479,0.03066932207454829,-0.15037698396882665,-8.615966517320206,0.15118226571475546,0.04855892542843243
72.68,-3.4905408849679684,-1.1818485551573947,-3.463192914318971,-1.190152780968479,0.028580966830040997,-0.15590830893022428,-8.932888092723655,0.1512797599599658,0.04801602605630784
72.7,-3.4879643971446206,-1.1802592695327818,-3.463192914318971,-1.190152780968479,0.026674105981451823,-0.16174537701327463,-9.267327458612957,0.15137590059302042,0.047493093703332434
72.72,-3.4853877115022587,-1.1786664957338178,-3.463192914318971,-1.190152780968479,0.024990873744214555,-0.16791749280060764,-9.620963643893203,0.1514710436592459,0.046974494606333295
72.74,-3.482810915919917,-1.1770703206597404,-3.463192914318971,-1.190152780968479,0.0235800075179047,-0.1744590351146198,-9.995766409992342,0.1515650963693993,0.04646485408765777
72.76,-3.4802340955153555,-1.1754708275939303,-3.463192914318971,-1.190152780968479,0.02249359045284748,-0.1814088565227407,-10.393961845047336,0.15165812800459477,0.04596146181756744
72.78,-3.4776572536349315,-1.1738680489500817,-3.463192914318971,-1.190152780968479,0.021780946002372303,-0.18881074032147724,-10.818058547161202,0.15175020194666544,0.04546184391052144
72.8,-3.4750801594051297,-1.1722618755204142,-3.463192914318971,-1.190152780968479,0.021480016142684882,-0.19671385796324214,-11.270873833029714,0.1518413254808948,0.044966047989536406
72.82,-3.4725030523743663,-1.1706524867386374,-3.463192914318971,-1.190152780968479,0.021608797876349246,-0.20517672206221949,-11.755760228493902,0.15193135673756686,0.04448089517938847
72.84,-3.469925859554805,-1.1690398678415754,-3.463192914318971,-1.190152780968479,0.02216049756329765,-0.21426539709064357,-12.276502948988545,0.15202046407321035,0.04399918799302682
72.86,-3.4673485100179766,-1.1674240065997363,-3.463192914318971,-1.190152780968479,0.023105543921726056,-0.22405658771885867,-12.837496848393315,0.1521086069618427,0.0435231340156772
72.88,-3.464771158893967,-1.165805029296448,-3.463192914318971,-1.190152780968479,0.024398849715128002,-0.2346404133112131,-13.443905385937773,0.15219574844085315,0.04305479742727769
72.9,-3.4621938089724633,-1.1641829663271044,-3.463192914318971,-1.190152780968479,0.02598902622263444,-0.24612178593443984,-14.101739580265711,0.15228199853618563,0.04258959435676779
72.92,-3.459616317121746,-1.1625577586878635,-3.463192914318971,-1.190152780968479,0.027825838750680426,-0.2586240355194356,-14.818065715905153,0.15236736380588312,0.04212758201949107
72.94,-3.457038760871012,-1.1609294851429046,-3.463192914318971,-1.190152780968479,0.029864270015690444,-0.2722940262485696,-15.601298490667492,0.15245175757421237,0.04167303660151944
72.96,-3.4544611443337465,-1.1592981776249485,-3.463192914318971,-1.190152780968479,0.03206634301820959,-0.2873067645644921,-16.461465035104194,0.15253524001046515,0.04122362873504315
72.98,-3.451883471375688,-1.1576638676500923,-3.463192914318971,-1.190152780968479,0.03440106086005237,-0.3038724997490432,-17.41061174571034,0.15261782209110564,0.04077922961198688
73.0,-3.449305745750981,-1.1560265864108639,-3.463192914318971,-1.190152780968479,0.036843596537525794,-0.3222456564040282,-18.463316078373683,0.152699513869603,0.04033974674189089
73.02,-3.4467281773318934,-1.1543864922797913,-3.463192914318971,-1.190152780968479,0.03937403929769207,-0.34273615021885545,-19.637334894102203,0.1527803252081128,0.03990509281903698
73.04,-3.4441504255370785,-1.152743398478296,-3.463192914318971,-1.190152780968479,0.04197711611467992,-0.36572535546677726,-20.954519329168125,0.152860396186405,0.03946929434173185
73.06,-3.4415724959781557,-1.1510973401085776,-3.398759270651524,-1.1434407184363513,0.04349248346899209,-0.09128214627050646,-5.230081726195868,0.1529395090950736,0.03904246618113838
73.08,-3.4389707974581607,-1.149433959643757,-3.398759270651524,-1.1434407184363513,0.04065569859553532,-0.09401352626387628,-5.38657827206243,0.15470187204069674,0.011966159778609153
73.1,-3.436363961943153,-1.1477663719701467,-3.398759270651524,-1.1434407184363513,0.03785266286053299,-0.09682050034711015,-5.547406040234334,0.15473392725589008,0.012810285661135623
73.12,-3.433757103064625,-1.1460977952213909,-3.398759270651524,-1.1434407184363513,0.03509855168888152,-0.09980000737376177,-5.7181192178910445,0.15475929458963478,0.013934891779365799
73.14,-3.4311503047951044,-1.1444282094272706,-3.398759270651524,-1.1434407184363513,0.03240608324601636,-0.10296113171909543,-5.8992383013947185,0.15478693945158994,0.014951093552095784
73.16,-3.428543477624867,-1.1427574796010684,-3.398759270651524,-1.1434407184363513,0.02979204256738672,-0.10632123141233658,-6.091757832560639,0.15481643515764532,0.015876218354415883
73.18,-3.4259366895028878,-1.1410855852893864,-3.398759270651524,-1.1434407184363513,0.02727927322276747,-0.10989211674970817,-6.29635449151718,0.1548480025689969,0.016699961358224158
73.2,-3.423329914598204,-1.1394124513271364,-3.398759270651524,-1.1434407184363513,0.02489866421834139,-0.11369184390355265,-6.5140628207337254,0.1548811553696794,0.017442353863472704
73.22,-3.4207231236087186,-1.1377380035825004,-3.398759270651524,-1.1434407184363513,0.022692108615763273,-0.11774070810309811,-6.746045651189295,0.15491581735922466,0.018105999668449613
73.24,-3.4181163424167083,-1.1360622110612635,-3.398759270651524,-1.1434407184363513,0.020715660704083785,-0.12206032435240705,-6.993541431390827,0.154951896629818,0.0186942217195174
73.26,-3.415509570079939,-1.1343850311204182,-3.398759270651524,-1.1434407184363513,0.019041481132136523,-0.1266764746467198,-7.258027360853021,0.15498916742728852,0.01921612909239201
73.28,-3.412902837527053,-1.1327064477944453,-3.398759270651524,-1.1434407184363513,0.017755704722039224,-0.13161831575627342,-7.541173999454691,0.15502749530362792,0.019677006526386265
73.3,-3.410296145913536,-1.1310264300237596,-3.398759270651524,-1.1434407184363513,0.016947390583869786,-0.1369202385996004,-7.8449518016813276,0.1550667110547188,0.020083677246818255
73.32,-3.407689430073894,-1.1293449053823383,-3.398759270651524,-1.1434407184363513,0.016686512306729157,-0.14262292332813245,-8.171691568519922,0.15510671573988333,0.02044002406220713
73.34,-3.4050827223140514,-1.1276618686172362,-3.398759270651524,-1.1434407184363513,0.016998768853729126,-0.14877205675006847,-8.524010961259693,0.15514748888429963,0.020746635162049998
73.36,-3.4024760223447426,-1.1259772972193465,-3.398759270651524,-1.1434407184363513,0.01785456030686777,-0.15542158292361513,-8.905000746765694,0.1551888901711429,0.021009212857192594
73.38,-3.3998693301043157,-1.1242911719550932,-3.398759270651524,-1.1434407184363513,0.01918169341915872,-0.16263485314040094,-9.318290686674937,0.15523082982369374,0.021231361453377673
73.4,-3.397262680965518,-1.1226034999652243,-3.398759270651524,-1.1434407184363513,0.020890894052235615,-0.17048637806003664,-9.768149927311855,0.15527322590207504,0.021416385512784686
73.42,-3.3946560043486227,-1.1209142214256331,-3.398759270651524,-1.1434407184363513,0.022897158381039777,-0.1790656311314585,-10.259704919678978,0.15531598466340668,0.021568108617975312
73.44,-3.392049371871035,-1.1192233716985411,-3.398759270651524,-1.1434407184363513,0.025129715968624334,-0.1884783951629904,-10.7990165722383,0.15535907536365912,0.0216877514047642
73.46,-3.38944271175107,-1.1175308949213287,-3.398759270651524,-1.1434407184363513,0.027533928603184217,-0.1988533141936819,-11.393455645486883,0.15540240300975228,0.02177921854862319
73.48,-3.3868360603673353,-1.1158368076211138,-3.398759270651524,-1.1434407184363513,0.030068901472727057,-0.2103458558188802,-12.051929776489166,0.15544593400651507,0.021843908166729875
73.5,-3.384229381520543,-1.114141081042936,-3.398759270651524,-1.1434407184363513,0.03270453224775151,-0.22314714529556479,-12.785389635828425,0.155489602415404,0.021884550617246035
73.52,-3.3816227487434958,-1.1124437597640189,-3.398759270651524,-1.1434407184363513,0.03541852382636258,-0.2374930939462284,-13.607351946622847,0.15553336338909318,0.021903046046878316
73.54,-3.3790161259324565,-1.1107448185541808,-3.398759270651524,-1.1434407184363513,0.03819441886588873,-0.2536796478586994,-14.534773170668407,0.1555771639317527,0.02190158608694759
73.56,-3.3764095135956733,-1.1090442574136572,-3.398759270651524,-1.1434407184363513,0.041019850942455416,-0.27208121909286076,-15.589105538795195,0.15562096754218047,0.021881751676167127
73.58,-3.3738029122561133,-1.1073420776775424,-3.334913980262553,-1.095925745036336,0.04053000965426015,-0.05879338604548656,-3.368612883689729,0.15566473699557548,0.021845143685084167
73.6,-3.3711505842083835,-1.1056098911208783,-3.334913980262553,-1.095925745036336,0.03750832108897606,-0.05989798633501331,-3.4319018183285404,0.15917766468334094,-0.03402020045006893
73.62,-3.368484524439362,-1.103871226000759,-3.334913980262553,-1.095925745036336,0.034498001450563726,-0.06094031157028368,-3.4916226551895133,0.15912715795778354,-0.031518305632083354
73.64,-3.3658186224355107,-1.1021349835264682,-3.334913980262553,-1.095925745036336,0.03152223898243721,-0.06213347012551862,-3.5599856046944023,0.1590623700198357,-0.02837847737802157
73.66,-3.3631528079630333,-1.100400866714637,-3.334913980262553,-1.095925745036336,0.028591224246838468,-0.06347681641365267,-3.6369536774290485,0.1590046711168469,-0.025512795220894446
73.68,-3.360486926698569,-1.0986685789445372,-3.334913980262553,-1.095925745036336,0.025719617556785458,-0.06496715645762996,-3.7223438719882886,0.158953072388357,-0.022882377248567565
73.7,-3.3578210796441885,-1.0969379926553837,-3.334913980262553,-1.095925745036336,0.022929453707456433,-0.06661742011168903,-3.8168970144497107,0.15890625546717274,-0.020433573471034805
73.72,-3.3551553445407776,-1.0952089616429233,-3.334913980262553,-1.095925745036336,0.02025405160151549,-0.0684408635259458,-3.921372626267549,0.15886440879855357,-0.018176820283377637
73.74,-3.352489635646736,-1.0934812617980385,-3.334913980262553,-1.095925745036336,0.017744834755101888,-0.07044277324242243,-4.036073603987891,0.158827603806877,-0.016117595655895656
73.76,-3.3498239208900817,-1.0917547270613854,-3.334913980262553,-1.095925745036336,0.015482368050908378,-0.07263378542448362,-4.161609354881746,0.15879495677015854,-0.014220301700618165
73.78,-3.3471582325794915,-1.0900292390593531,-3.334913980262553,-1.095925745036336,0.013590088209332772,-0.07503109767867971,-4.298965229222175,0.15876594697799007,-0.012464507782583567
73.8,-3.3444925700702304,-1.0883046679019404,-3.334913980262553,-1.095925745036336,0.012240514670231236,-0.07765259540143034,-4.449165984738943,0.1587404912241297,-0.010848352558490149
73.82,-3.3418269321145773,-1.0865808937089338,-3.334913980262553,-1.095925745036336,0.011623904233933339,-0.08051948029416373,-4.613426389442382,0.15871830967268963,-0.009361456448919725
73.84,-3.339161317470378,-1.0848578062170329,-3.334913980262553,-1.095925745036336,0.011854920626676877,-0.08365693073504227,-4.793189058136182,0.15869914069090996,-0.007994080258866276
73.86,-3.3364957405900175,-1.0831353100238583,-3.334913980262553,-1.095925745036336,0.012887870015714582,-0.08709618202812504,-4.990243641914735,0.15868274231696233,-0.006737199849116138
73.88,-3.33383016926608,-1.0814132956295148,-3.334913980262553,-1.095925745036336,0.01455286343169687,-0.09087036376700441,-5.20648832666787,0.15866901654053578,-0.005587871874102035
73.9,-3.3311646173672296,-1.079691688002514,-3.334913980262553,-1.095925745036336,0.016661402398904294,-0.0950235957824822,-5.44445099249336,0.1586574959979714,-0.004527186272529349
73.92,-3.3284990749240757,-1.0779704058587536,-3.334913980262553,-1.095925745036336,0.019066861710403525,-0.0996064579705618,-5.70702965396041,0.15864812341979118,-0.003553683648460648
73.94,-3.3258335591971036,-1.076249386395357,-3.334913980262553,-1.095925745036336,0.021670559201236304,-0.10468346399785511,-5.9979206718867975,0.15864062665205125,-0.0026566155364449173
73.96,-3.323168072393699,-1.074528559142358,-3.334913980262553,-1.095925745036336,0.02440913590943085,-0.11033162290409337,-6.321536339233478,0.15863504429933784,-0.001838492575956252
73.98,-3.320502594160325,-1.0728078536519794,-3.334913980262553,-1.095925745036336,0.02724197040315568,-0.11664230768206697,-6.683111942848818,0.15863128550170913,-0.0010962667496006162
74.0,-3.3178371205012804,-1.0710872196822243,-3.334913980262553,-1.095925745036336,0.030142519487810306,-0.12373124336786367,-7.089278038884647,0.15862894452336462,-0.00041326658095641733
74.02,-3.3151716643995264,-1.0693666145548018,-3.334913980262553,-1.095925745036336,0.03309299695661727,-0.13174862355650993,-7.548640086445877,0.1586277764900501,0.00022041995784150004
74.04,-3.3125062231962663,-1.0676459894349493,-3.334913980262553,-1.095925745036336,0.0360811883620245,-0.14088139209425088,-8.071909178928298,0.15862796385475164,0.0007964103587720928
74.06,-3.3098407958461302,-1.0659253012807308,-3.334913980262553,-1.095925745036336,0.03909848081848172,-0.15137219383126904,-8.67298784216795,0.1586293262797689,0.0013218703609485516
74.08,-3.3071753844622354,-1.0642045155310027,-3.2710063148958786,-1.0484949155865166,0.03943340111772954,-0.021741018492976494,-1.2456686019634264,0.1586317598360587,0.001800756822545324
74.1,-3.3045441410350387,-1.0625074601972586,-3.2710063148958786,-1.0484949155865166,0.03634745092311929,-0.02101583618170999,-1.2041187161503135,0.15569000687891688,-0.0903892942949458
74.12,-3.301922638652972,-1.060823039625332,-3.2710063148958786,-1.0484949155865166,0.033283655402762506,-0.01983242796190532,-1.1363144197144157,0.15582029630287764,-0.08656552376917759
74.14,-3.2992953302613053,-1.0591411369516504,-3.2710063148958786,-1.0484949155865166,0.030225989143463583,-0.018749438997671453,-1.0742637228045708,0.15599457448205456,-0.08076029554771047
74.16,-3.2966626181011374,-1.05746160485165,-3.2710063148958786,-1.0484949155865166,0.027178068557894845,-0.017761009194019683,-1.0176308667103797,0.15615725612017073,-0.07539119395327809
74.18,-3.2940249826213206,-1.055784391474718,-3.2710063148958786,-1.0484949155865166,0.02414530021720534,-0.01685565997991767,-0.9657581777568485,0.15630911232804579,-0.07042852827376933
74.2,-3.291382386121247,-1.0541090959659536,-3.2710063148958786,-1.0484949155865166,0.021135356630871942,-0.016042913063413322,-0.9191912096288778,0.15645145818536932,-0.0658186789614934
74.22,-3.288735513347693,-1.0524358438446406,-3.2710063148958786,-1.0484949155865166,0.018161921519473285,-0.015302564211367442,-0.8767723450392935,0.15658355652936606,-0.06159722880538787
74.24,-3.286084620621037,-1.0507645143074278,-3.2710063148958786,-1.0484949155865166,0.015248159951132056,-0.014630930760908266,-0.8382905829481737,0.1567075952777941,-0.05767244347643086
74.26,-3.283429946121907,-1.049094993318168,-3.2710063148958786,-1.0484949155865166,0.012438115055118756,-0.014024822820483231,-0.8035631560324525,0.15682411760078452,-0.05402362027062679
74.28,-3.280771448202889,-1.04742697707796,-3.2710063148958786,-1.0484949155865166,0.009823355901205307,-0.013492002733574314,-0.7730348138127778,0.15693362437181335,-0.05063174235098167
74.3,-3.2781096448318165,-1.0457605591339614,-3.2710063148958786,-1.0484949155865166,0.007611438851388307,-0.013018475363325455,-0.7459036940135896,0.15703556623272164,-0.04752335110991268
74.32,-3.2754445720602474,-1.044095533902177,-3.2710063148958786,-1.0484949155865166,0.006249214819605367,-0.012608392710985239,-0.7224076887829646,0.15713154545222707,-0.04463159638867786
74.34,-3.272776659288748,-1.0424319814399692,-3.2710063148958786,-1.0484949155865166,0.006316113499196737,-0.012251077318431778,-0.701935024834591,0.1572213869965644,-0.04196638267894848
74.36,-3.270105847478147,-1.0407696701191722,-3.2710063148958786,-1.0484949155865166,0.0077775483991500945,-0.011953965927167687,-0.6849117960698985,0.1573063858475443,-0.039473785004018325
74.38,-3.267432383402431,-1.039108575389024,-3.2710063148958786,-1.0484949155865166,0.01004372284677968,-0.011713635800751689,-0.6711418941364162,0.15738608119777453,-0.0371757147588081
74.4,-3.264756422453269,-1.0374486306004984,-3.2710063148958786,-1.0484949155865166,0.012691791344665243,-0.011530104270199293,-0.6606263120281877,0.15746112204864104,-0.03504606804871635
74.42,-3.2620780506466613,-1.0357897313796047,-3.2710063148958786,-1.0484949155865166,0.015528541729197055,-0.01140627874157707,-0.6535316318421579,0.15753185307891826,-0.03307172204425335
74.44,-3.2593974673786015,-1.034131860661602,-3.2710063148958786,-1.0484949155865166,0.018467882592639255,-0.01134163087136919,-0.6498275817247369,0.1575983913923551,-0.03124931537978881
74.46,-3.2567147949332647,-1.0324749648112819,-3.2710063148958786,-1.0484949155865166,0.021468264151596816,-0.011338992167191921,-0.6496763951119958,0.15766125450422663,-0.029558071330537672
74.48,-3.2540301463890158,-1.0308189936224934,-3.2710063148958786,-1.0484949155865166,0.024507723567309122,-0.011402524602775355,-0.6533165355331133,0.15772070889630285,-0.027987913954197197
74.5,-3.251343672521948,-1.0291639332791864,-3.2710063148958786,-1.0484949155865166,0.027573653767526206,-0.011536480456265097,-0.6609916405791484,0.15777699875529905,-0.026529637099370618
74.52,-3.2486554182211,-1.0275097079187436,-3.2710063148958786,-1.0484949155865166,0.030658465764388708,-0.011750422623663881,-0.67324962383098,0.15783049551343353,-0.02516842473210268
74.54,-3.245965474513919,-1.0258562764119896,-3.2710063148958786,-1.0484949155865166,0.033757246195583186,-0.012055000175960617,-0.6907006321120082,0.1578812407267094,-0.023903623018739495
74.56,-3.2432739264051955,-1.0242036006930104,-3.2710063148958786,-1.0484949155865166,0.03686669704019668,-0.012464549627760224,-0.7141660872020221,0.15792942741388316,-0.02272799944247339
74.58,-3.2405808154410765,-1.022551618748692,-3.2063105262805567,-1.0021482378407034,0.03988421582057387,0.020266141991330144,1.161164403116071,0.15797523609926145,-0.021634789186819603
74.6,-3.2379984387148535,-1.020972148607857,-3.2063105262805567,-1.0021482378407034,0.0368573386317219,0.02341583916808765,1.3416287580885469,0.14959637818998672,-0.15620225606860494
74.62,-3.2354375858883384,-1.0194164907424246,-3.2063105262805567,-1.0021482378407034,0.03386116004618081,0.027079232589268476,1.5515257398181999,0.14985585370217436,-0.14919102610755353
74.64,-3.2328669154557526,-1.017865101413892,-3.2063105262805567,-1.0021482378407034,0.0308587363092315,0.030676506430715508,1.7576343486859276,0.15015633912547344,-0.1402205335954143
74.66,-3.2302873650833392,-1.0163179989378195,-3.2063105262805567,-1.0021482378407034,0.02785086943928258,0.03423683375880282,1.9616260782704198,0.15043857429271057,-0.13194512703207373
74.68,-3.227699206946138,-1.0147748176188023,-3.2063105262805567,-1.0021482378407034,0.024837596049273825,0.03776971273283536,2.164045133012993,0.15070494716988847,-0.12426368799389742
74.7,-3.2251031491486284,-1.0132355056751612,-3.2063105262805567,-1.0021482378407034,0.021819490880737206,0.041301282815635394,2.3663891938121013,0.1509557789785454,-0.11716658867899632
74.72,-3.2224992230935405,-1.0116996065316692,-3.2063105262805567,-1.0021482378407034,0.018796344016150483,0.04483623376888013,2.5689269642187718,0.15119295099781382,-0.11057506786982252
74.74,-3.219888086553292,-1.0101670790814306,-3.2063105262805567,-1.0021482378407034,0.015768701842693068,0.0484018643145675,2.773222545789587,0.15141607859021633,-0.10451037052439105
74.76,-3.217270139333216,-1.0086377647103402,-3.2063105262805567,-1.0021482378407034,0.012736839374654979,0.05201894104070981,2.9804657763725384,0.15162691874142098,-0.09889919544869841
74.78,-3.214646081357921,-1.007111736195402,-3.2063105262805567,-1.0021482378407034,0.009701432593430197,0.05571966780257076,3.1925018009582864,0.15182640048552187,-0.09370446565903912
74.8,-3.2120155582470673,-1.0055884256149143,-3.2063105262805567,-1.0021482378407034,0.006662002826533367,0.05950602040770925,3.409443824981086,0.15201640678190742,-0.08884679337683998
74.82,-3.2093793972574334,-1.0040680026201874,-3.2063105262805567,-1.0021482378407034,0.0036198709757756875,0.06341839126770608,3.633606163148873,0.15219555767238546,-0.08439029020923527
74.84,-3.2067377238009156,-1.0025502491398783,-3.2063105262805567,-1.0021482378407034,0.0005866095857255735,0.06747959678990467,3.866296099306076,0.15236612085383072,-0.08023870085138718
74.86,-3.204090673493076,-1.0010349592955117,-3.2063105262805567,-1.0021482378407034,0.002483371804074167,0.07171645304268981,4.109050080994277,0.1525282588922927,-0.07638789691566394
74.88,-3.201438653293221,-0.999522111794863,-3.2063105262805567,-1.0021482378407034,0.005534589814374096,0.07616776024856742,4.364091197207236,0.15268218992794402,-0.07283129721535886
74.9,-3.198781897183367,-0.9980116065267489,-3.2063105262805567,-1.0021482378407034,0.008590225533164972,0.08087281702630399,4.633671092940963,0.1528289195033672,-0.06952762502288046
74.92,-3.196120621278454,-0.9965033491131199,-3.2063105262805567,-1.0021482378407034,0.011648988483927472,0.08587680652261043,4.920378571807117,0.15296896585414999,-0.06645674387018019
74.94,-3.1934550263960584,-0.9949972511820643,-3.2063105262805567,-1.0021482378407034,0.014710557007549727,0.09123236295848569,5.227229352526895,0.15310280060685244,-0.06360041814312822
74.96,-3.1907851912329774,-0.9934931608623486,-3.2063105262805567,-1.0021482378407034,0.01777488075461659,0.09699893440898688,5.5576295589012465,0.15323085834220151,-0.06094190091121554
74.98,-3.1881114099878634,-0.991991068437372,-3.2063105262805567,-1.0021482378407034,0.02084168717073904,0.10325331632885903,5.91597924637285,0.15335327384811137,-0.05847749945608882
75.0,-3.1854339428350493,-0.9904909648517423,-3.2063105262805567,-1.0021482378407034,0.023910745490184838,0.11008685853934363,6.307512374158117,0.1534707217266451,-0.05617975753824389
75.02,-3.1827528291522684,-0.9889927208965354,-3.2063105262805567,-1.0021482378407034,0.026982081462638325,0.11760602117461216,6.7383286586314695,0.15358377056529093,-0.05402563843404096
75.04,-3.1800683013277853,-0.9874963296945592,-3.2063105262805567,-1.0021482378407034,0.030055495051569237,0.125947325728618,7.216250205209257,0.1536924680786811,-0.05201479439609358
75.06,-3.1773802107548312,-0.9860015646597915,-3.2063105262805567,-1.0021482378407034,0.03313122713135163,0.1352743134780101,7.7506472388196475,0.1537973020047545,-0.05012754082267534
75.08,-3.1746889621808596,-0.9845085302638831,-3.2063105262805567,-1.0021482378407034,0.03620887459597416,0.1458073711773631,8.35414699036035,0.1538979345381719,-0.048380274511039545
75.1,-3.1719945762068367,-0.983017122582671,-3.2063105262805567,-1.0021482378407034,0.039288471597634884,0.15782315232005825,9.042600537389664,0.153995219266978,-0.04673721563652755
75.12,-3.169442499054714,-0.9816108126835213,-3.1400502916071202,-0.9580762171946311,0.03765340679763367,0.07530412068131354,4.314608294983083,0.14224104470779153,-0.23421897623276955
75.14,-3.1669389914857753,-0.9802459115788164,-3.1400502916071202,-0.9580762171946311,0.034849641752140864,0.08176659371015209,4.684880724752658,0.14260691112850665,-0.22541782443430414
75.16,-3.1644220653319644,-0.9788880782194279,-3.1400502916071202,-0.9580762171946311,0.03204866477422201,0.0882091737510361,5.054013370270533,0.14305950700999048,-0.2124470431141834
75.18,-3.1618918785804855,-0.9775366646992073,-3.1400502916071202,-0.9580762171946311,0.02925344319210039,0.09463788986272936,5.42235167115831,0.14348829233297167,-0.20038834288693685
75.2,-3.159349186389529,-0.9761913887695438,-3.1400502916071202,-0.9580762171946311,0.026468977709972204,0.10108448235139178,5.791714212999405,0.143892686630398,-0.18927238084276432
75.22,-3.1567946915169904,-0.9748519870256966,-3.1400502916071202,-0.9580762171946311,0.023702349709818857,0.10758135059502633,6.163957343412236,0.14427456618246737,-0.17901959201482853
75.24,-3.1542287327467617,-0.9735180223426629,-3.1400502916071202,-0.9580762171946311,0.020963719597916333,0.11415227213733037,6.540443415297851,0.1446356812050631,-0.16955619608016725
75.26,-3.1516525525490353,-0.9721896200557745,-3.1400502916071202,-0.9580762171946311,0.01827021070719268,0.12085047677418709,6.9242222713047,0.1449766862782198,-0.1608577520251231
75.28,-3.149066367396473,-0.9708663894323304,-3.1400502916071202,-0.9580762171946311,0.015648582316279316,0.127702047849877,7.316788376975641,0.1453010113166009,-0.1527752797214621
75.3,-3.1464706842456587,-0.9695481203582218,-3.1400502916071202,-0.9580762171946311,0.013146330432017938,0.134744691011698,7.720302106764654,0.1456089866185728,-0.14529846480759723
75.32,-3.1438659744767103,-0.9682346164855948,-3.1400502916071202,-0.9580762171946311,0.010851382949464828,0.14201894496511352,8.137086157401717,0.14590182659377504,-0.1383774831553719
75.34,-3.141252432379642,-0.9669255534011032,-3.1400502916071202,-0.9580762171946311,0.00893061552929793,0.1495626064151761,8.569306120565841,0.14618065785594325,-0.13196634654599748
75.36,-3.1386309632689864,-0.965621025718333,-3.1400502916071202,-0.9580762171946311,0.0076771497699832745,0.15743629661904956,9.020435338441292,0.14644587277778953,-0.12605180434110963
75.38,-3.136001460615456,-0.9643206184295162,-3.1400502916071202,-0.9580762171946311,0.00744214882821468,0.16568173158442756,9.49286396220705,0.14669975074941277,-0.12053627574282189
75.4,-3.1333647271388783,-0.9630244182710719,-3.1400502916071202,-0.9580762171946311,0.008317539669391987,0.17436889316767656,9.990601656875404,0.14694192640742898,-0.11543981373041134
75.42,-3.130720645199138,-0.9617320541770771,-3.1400502916071202,-0.9580762171946311,0.010020351597633615,0.18355522175410954,10.516939514098393,0.14717433497430932,-0.11067995872027225
75.44,-3.128069932118832,-0.9604436079173527,-3.1400502916071202,-0.9580762171946311,0.012212024905913398,0.19332601914978248,11.076764967347868,0.14739664686374,-0.10627481216163304
75.46,-3.1254128377226675,-0.9591589515745277,-3.1400502916071202,-0.9580762171946311,0.014677444258347211,0.2037682987234115,11.67506351541248,0.14761051803233727,-0.10215408863700759
75.48,-3.1227490504064916,-0.9578776697800827,-3.1400502916071202,-0.9580762171946311,0.017302380418836943,0.21497310012270926,12.31705134587452,0.1478164744996846,-0.0982973931540343
75.5,-3.1200793835570204,-0.9565999335444323,-3.1400502916071202,-0.9580762171946311,0.020025398417044947,0.2270701274464128,13.010159956177171,0.14801384062623768,-0.09473775659629702
75.52,-3.117403871170863,-0.9553255480468046,-3.1400502916071202,-0.9580762171946311,0.022812859078522738,0.24019645409039497,13.762243073387472,0.14820438403075897,-0.09139965497007019
75.54,-3.1147227214217885,-0.9540544137032386,-3.1400502916071202,-0.9580762171946311,0.02564489646725603,0.25451912546840727,14.5828716947004,0.14838818477214133,-0.08828213096667703
75.56,-3.112036129759741,-0.9527864373818313,-3.1400502916071202,-0.9580762171946311,0.028509209643184843,0.2702386746163786,15.483535516727626,0.14856568429166828,-0.08536813427273415
75.58,-3.1093444312635254,-0.9515216105911867,-3.1400502916071202,-0.9580762171946311,0.0313976548036038,0.2875998394294315,16.478256987946587,0.14873729475999298,-0.082641784734383
75.6,-3.1066473365495755,-0.950259621106212,-3.1400502916071202,-0.9580762171946311,0.03430534332995144,0.30689385577922107,17.583722694645935,0.14890366886897155,-0.08007635257434309
75.62,-3.103945468112916,-0.9490006128490633,-3.1400502916071202,-0.9580762171946311,0.03722801195047803,0.32849244556854734,18.821230733008687,0.1490643346611975,-0.07769496777720875
75.64,-3.1014548901155834,-0.9478492389192202,-3.1400502916071202,-0.9580762171946311,0.03992738535064186,0.35481658591613613,20.329492874235566,0.13380098116204664,-0.3141359558234136
75.66,-3.0990107657443344,-0.9467374863409809,-3.071405639740321,-0.9178383970465228,0.039964988974682744,0.14265291231149668,8.173409810698582,0.13433509465086146,-0.3009697744593698
75.68,-3.096549259872854,-0.9456353116733945,-3.071405639740321,-0.9178383970465228,0.03748159676618252,0.15178473543780813,8.696624735096186,0.13494098405582022,-0.28416814460530126
75.7,-3.094071576276233,-0.944542473128248,-3.071405639740321,-0.9178383970465228,0.035026452267230154,0.1609268764191992,9.220430829043485,0.13551436083689694,-0.2686492782311145
75.72,-3.0915775855378667,-0.9434581206558731,-3.071405639740321,-0.9178383970465228,0.03260793822182899,0.17008945030532274,9.745407642195145,0.13605786694235178,-0.2542947372075055
75.74,-3.0890686985307965,-0.9423821571193847,-3.071405639740321,-0.9178383970465228,0.030238713668904578,0.17932932359643314,10.274813385011424,0.13657076278201785,-0.24114178380885143
75.76,-3.0865457123879274,-0.9413142710941359,-3.071405639740321,-0.9178383970465228,0.02793453887348403,0.1886882303190644,10.811039241074809,0.13705699223720558,-0.22901527301000257
75.78,-3.0840101892444247,-0.9402545679274273,-3.071405639740321,-0.9178383970465228,0.02571690854599967,0.19822959766203035,11.35771932061071,0.13751866073787866,-0.21782404689862922
75.8,-3.081463077440517,-0.9392029420060041,-3.071405639740321,-0.9178383970465228,0.02361346722569595,0.20800242036701896,11.917660815536182,0.13795990444682715,-0.207385209386457
75.82,-3.0789009898833504,-0.9381573320447193,-3.071405639740321,-0.9178383970465228,0.021657317313728924,0.21795603528505655,12.48796094123819,0.13838302593729424,-0.1975989597369221
75.84,-3.0763282167058836,-0.9371190163511096,-3.071405639740321,-0.9178383970465228,0.019899096581259462,0.22822693124286125,13.076439931438378,0.13877920248317466,-0.1888680288730793
75.86,-3.0737437986348235,-0.9360871196718574,-3.071405639740321,-0.9178383970465228,0.01839790380647589,0.2388330243298915,13.68412430244809,0.13915955782168865,-0.18069691593125548
75.88,-3.071149312605144,-0.9350618774331656,-3.071405639740321,-0.9178383970465228,0.01722538766557365,0.2498525302666889,14.315495484945936,0.13952176876665945,-0.1731949173733316
75.9,-3.0685451589442203,-0.9340430805665237,-3.071405639740321,-0.9178383970465228,0.01645521553697341,0.26134304781549395,14.973853644913472,0.13986965900185666,-0.16619474217605124
75.92,-3.065931403921363,-0.9330303946975159,-3.071405639740321,-0.9178383970465228,0.016148190314377153,0.2733621639599542,15.662498273468596,0.14020414854041263,-0.15965926767558258
75.94,-3.0633084352259203,-0.9320236323100979,-3.071405639740321,-0.9178383970465228,0.016333573412790167,0.2859811558542299,16.38551325072039,0.14052542771780807,-0.15358416433408628
75.96,-3.060676615258793,-0.9310226177705155,-3.071405639740321,-0.9178383970465228,0.016998107024730265,0.29927920364129795,17.14743526468267,0.14083441857870582,-0.1479322689501572
75.98,-3.0580362809557258,-0.9300271857668034,-3.071405639740321,-0.9178383970465228,0.018091609236850003,0.313344723426844,17.953330185052216,0.141131978686726,-0.14266918700100994
76.0,-3.0553877458522574,-0.929037180684909,-3.071405639740321,-0.9178383970465228,0.01954445393426628,0.32827706457509914,18.808890311096768,0.14141889598606738,-0.13776349942484778
76.02,-3.052731046311371,-0.9280523488391953,-3.071405639740321,-0.9178383970465228,0.02128532947735671,0.34418512670396656,19.720355131312772,0.14169589469181787,-0.13318648953153378
76.04,-3.0500669776670457,-0.9270727575230865,-3.071405639740321,-0.9178383970465228,0.02325106260988007,0.36120354377262776,20.69543860334046,0.14196318307382327,-0.12893251844947606
76.06,-3.0473952871389813,-0.9260980816102881,-3.071405639740321,-0.9178383970465228,0.02539132570649995,0.37947184950946083,21.742135420915623,0.14222232430327608,-0.12493492550724739
76.08,-3.044716700856152,-0.9251283867925695,-3.071405639740321,-0.9178383970465228,0.0276666479585146,0.39916279746761524,22.870343633529618,0.1424729936722713,-0.12121153077249147
76.1,-3.0420311912384257,-0.9241634683540842,-3.071405639740321,-0.9178383970465228,0.030047707929827902,0.4204663689276801,24.090948366746687,0.14271653375388382,-0.11770522379217496
76.12,-3.0393387452711913,-0.923203129474654,-3.071405639740321,-0.9178383970465228,0.032512552574655684,0.44360396651451467,25.416635056544386,0.14295299609399237,-0.11441655718313903
76.14,-3.036640220060625,-0.9222475189363328,-3.071405639740321,-0.9178383970465228,0.0350438976334625,0.4688392283475199,26.862509054483155,0.14318248694173974,-0.11134366341591928
76.16,-3.0339351353907222,-0.9212962989624391,-3.071405639740321,-0.9178383970465228,0.03762971939668704,0.49646879150296175,28.445566413080137,0.14340640342691557,-0.10842641552821775
76.18,-3.0312238837537784,-0.920349453758494,-3.071405639740321,-0.9178383970465228,0.04026014058560647,0.5268449481845048,30.185991988760666,0.1436241314326736,-0.10569485274336543
76.2,-3.0287319270945257,-0.9194888665937743,-3.071405639740321,-0.9178383970465228,0.04270561790563774,0.5615546341143647,32.17471050076625,0.12705460510380462,-0.3642947251580875
76.22,-3.0263152256679793,-0.918673389617759,-2.9996351566768475,-0.8835254226327465,0.0441271533701312,0.21518838690051248,12.329386369627615,0.12764780777789753,-0.35109176702796674
76.24,-3.023879287101398,-0.9178700733446953,-2.9996351566768475,-0.8835254226327465,0.04203965856864668,0.2266754818599433,12.987548429669003,0.12835527249643874,-0.33217283603614867
76.26,-3.021425300804674,-0.9170785117040416,-2.9996351566768475,-0.8835254226327465,0.04000775134068036,0.238191028556582,13.647340654172218,0.12902529385225847,-0.3147424821325906
76.28,-3.018954260906995,-0.9162982830295819,-2.9996351566768475,-0.8835254226327465,0.03804324075109492,0.24978204613329089,14.311457041579592,0.12966000792413723,-0.29870178370972056
76.3,-3.0164670831804714,-0.9155289864930131,-2.9996351566768475,-0.8835254226327465,0.03615994814130072,0.26149535868631885,14.982580414985701,0.1302622237046691,-0.2839246064145762
76.32,-3.0139640713385574,-0.9147700440831532,-2.9996351566768475,-0.8835254226327465,0.03437359691626379,0.27336546282148977,15.662687284311781,0.13083450607229707,-0.2702971661205922
76.34,-3.011447108972481,-0.9140214618328099,-2.9996351566768475,-0.8835254226327465,0.032703679057961024,0.28546565486936565,16.35597721995283,0.1313778258953846,-0.2577791299462895
76.36,-3.0089163409616675,-0.9132827303213982,-2.9996351566768475,-0.8835254226327465,0.03117110428916304,0.2978315492466549,17.06449077767606,0.13189713956789362,-0.2461500803307981
76.38,-3.006372421532624,-0.9125535242596827,-2.9996351566768475,-0.8835254226327465,0.029799688283615018,0.3105132660748272,17.791099628910366,0.13239292844531292,-0.23539266602368158
76.4,-3.0038159589361215,-0.9118335374947424,-2.9996351566768475,-0.8835254226327465,0.028615179093814953,0.32356325055918544,18.5388086625753,0.13286694100269614,-0.22543269688091172
76.42,-3.001247515414845,-0.9111224810061666,-2.9996351566768475,-0.8835254226327465,0.02764411929445305,0.337036624941587,19.31077615048659,0.13332079438983513,-0.21620218498275
76.44,-2.9986717736401514,-0.9104213595014482,-2.9996351566768475,-0.8835254226327465,0.0269131850014186,0.35106248631232484,20.114398811065445,0.1336254158561978,-0.21020831225793124
76.46,-2.9960806923569336,-0.9097275381210879,-2.9996351566768475,-0.8835254226327465,0.026442107946718637,0.36555715641563336,20.944882233419477,0.13418237841120728,-0.19930275818480503
76.48,-2.993478687140803,-0.9090417336480092,-2.9996351566768475,-0.8835254226327465,0.0262485093857892,0.38065617601726287,21.809992331378147,0.13458348495429817,-0.19193911172443734
76.5,-2.990867352668996,-0.9083640616877876,-2.9996351566768475,-0.8835254226327465,0.026340698115781085,0.3964502278435066,22.714924842432804,0.13496883590855546,-0.1851268945063378
76.52,-2.988246635294263,-0.9076942088430279,-2.9996351566768475,-0.8835254226327465,0.02671757186122778,0.4130102138839196,23.66374215134403,0.13534181458414452,-0.1787188498081349
76.54,-2.9856158127771604,-0.9070316708661463,-2.9996351566768475,-0.8835254226327465,0.027369430198451523,0.43040742677345456,24.660529025204976,0.13570245630774025,-0.1727176457344548
76.56,-2.98297596332291,-0.9063764399572389,-2.9996351566768475,-0.8835254226327465,0.02827892706536318,0.448745628443703,25.71123058476997,0.1360496919616594,-0.16717592537407455
76.58,-2.980327400774218,-0.905728338140478,-2.9996351566768475,-0.8835254226327465,0.029423781113904875,0.46812784580860656,26.82174983738412,0.13638570633007774,-0.1620001974067531
76.6,-2.9776704139469614,-0.905087196695249,-2.9996351566768475,-0.8835254226327465,0.030779214153588953,0.4886673666995429,27.99857769765556,0.13671125944334506,-0.15716050350444988
76.62,-2.975005272615159,-0.9044528565342189,-2.9996351566768475,-0.8835254226327465,0.03232009713154848,0.5104892069032386,29.248877042536222,0.13702703235916047,-0.1526302231991128
76.64,-2.972332229109965,-0.9038251676063107,-2.9996351566768475,-0.8835254226327465,0.03402248520778844,0.5337314746610162,30.58056089136987,0.13733365189079194,-0.14838498810565426
76.66,-2.9696515197231146,-0.9032039883158357,-2.9996351566768475,-0.8835254226327465,0.03586452888742466,0.5585467652895497,32.00237231177538,0.1376316954374346,-0.1444024657915044
76.68,-2.966963365988582,-0.902589184971919,-2.9996351566768475,-0.8835254226327465,0.03782688119978032,0.5851035244702759,33.523962530376295,0.13792169512685248,-0.14066217676744763
76.7,-2.9642677022791575,-0.9019805604831809,-2.9996351566768475,-0.8835254226327465,0.039892968599130635,0.613586370138688,35.15590937569878,0.13820414156731076,-0.13714532989150818
76.72,-2.9615655457837824,-0.9013781965283999,-2.9996351566768475,-0.8835254226327465,0.04204779196722117,0.644201473085802,36.91002556392695,0.13847913559663638,-0.1338506665848893
76.74,-2.95905406367142,-0.9008283720009955,-2.9996351566768475,-0.8835254226327465,0.04411595138218526,0.6780214939149563,38.847770020482024,0.12529505317928624,-0.33271942299073487
76.76,-2.956593159837101,-0.900306393744563,-2.9996351566768475,-0.8835254226327465,0.04619755927977539,0.7142384324413538,40.92284774492935,0.12586893950299327,-0.32103061810895284
76.78,-2.9541165731902703,-0.8997974048453643,-2.9996351566768475,-0.8835254226327465,0.048339619855272464,0.752764048419857,43.130202943639354,0.12651450738294656,-0.30571955779490345
76.8,-2.9516247994125613,-0.8993008968860199,-2.924339994006968,-0.8579461414033452,0.049544691007744675,0.28693454838702537,16.440138619068858,0.12713053981920908,-0.29152372267637894
76.82,-2.949118599797058,-0.8988164510038412,-2.924339994006968,-0.8579461414033452,0.047794994630620875,0.2987953684681033,17.119713551278636,0.12771784601710578,-0.27840841752224676
76.84,-2.946598680221096,-0.8983436718942625,-2.924339994006968,-0.8579461414033452,0.04612385046528099,0.31082496029644957,17.808958392307943,0.1282785974461298,-0.26627965140968435
76.86,-2.944066214736625,-0.8978823064766028,-2.924339994006968,-0.8579461414033452,0.04454235136399552,0.3230735691543437,18.510751984771833,0.12881479538116025,-0.25505179839679926
76.88,-2.941520734423366,-0.8974317854843863,-2.924339994006968,-0.8579461414033452,0.04306151332396824,0.33556167315211294,19.226267637964458,0.1293293901204251,-0.244596867176039
76.9,-2.9389633401164437,-0.8969918696900899,-2.924339994006968,-0.8579461414033452,0.041694257984521185,0.34834166540592604,19.958507256317834,0.12982172033542128,-0.23494971104875972
76.92,-2.9363950124169467,-0.896562343754278,-2.924339994006968,-0.8579461414033452,0.040454104277231354,0.3614645196350982,20.7103914188148,0.13029451390638158,-0.22599328872385804
76.94,-2.9338152824501114,-0.8961427366275617,-2.924339994006968,-0.8579461414033452,0.039354300626531294,0.37495961075807027,21.483603184305565,0.13075008305403202,-0.2176290330457853
76.96,-2.931225072032344,-0.8957328453682851,-2.924339994006968,-0.8579461414033452,0.03840884398090521,0.38888192552928513,22.28129306174882,0.1311878503982733,-0.2098881589140955
76.98,-2.9286268689165076,-0.8953327991439164,-2.924339994006968,-0.8579461414033452,0.03763162863205163,0.4033092880750174,23.1079200451244,0.13160994898040457,-0.20268046165616838
77.0,-2.926016829086606,-0.8949416505911991,-2.924339994006968,-0.8579461414033452,0.03703349127415461,0.4182355656596549,23.963132754564853,0.13202107606096192,-0.1957998166346453
77.02,-2.9233970640991,-0.8945593956908507,-2.924339994006968,-0.8579461414033452,0.03662539428228306,0.4337417091039051,24.851569330444836,0.1324147398903186,-0.189542116585395
77.04,-2.9207687032166634,-0.8941859462846788,-2.924339994006968,-0.8579461414033452,0.03641534807943,0.44989720819397805,25.77721124423346,0.13279507566297255,-0.1837279430672023
77.06,-2.918132018255723,-0.8938211031600743,-2.924339994006968,-0.8579461414033452,0.03640812881726856,0.4667644610218915,26.743633643253006,0.13316427580347678,-0.1782636786351599
77.08,-2.9154865546553044,-0.8934645583449357,-2.924339994006968,-0.8579461414033452,0.036605209060873355,0.484404023485028,27.754306124848114,0.13352298886699643,-0.17312443918116038
77.1,-2.9128326115131737,-0.8931161203598554,-2.924339994006968,-0.8579461414033452,0.03700469256269878,0.5028906222319119,28.8135102105964,0.13387077951794168,-0.16833415737771418
77.12,-2.9101714714002913,-0.8927757717666005,-2.924339994006968,-0.8579461414033452,0.03760119923748315,0.5223123865745116,29.926295338125037,0.1342084058899573,-0.16386323268724468
77.14,-2.907501689482054,-0.8924431067331984,-2.924339994006968,-0.8579461414033452,0.03838709569950339,0.542742369742164,31.096847149154833,0.1345379207255526,-0.15962307478356585
77.16,-2.904825462518829,-0.8921182447438157,-2.924339994006968,-0.8579461414033452,0.039351614781522944,0.5642871056506933,32.33126958743751,0.13485759089126859,-0.15569582885288646
77.18,-2.902141381923022,-0.8918008282013035,-2.924339994006968,-0.8579461414033452,0.04048355464434127,0.5870366636842588,33.63472324854875,0.13517055344856033,-0.1519434686225729
77.2,-2.8994505901442666,-0.8914908387264855,-2.924339994006968,-0.8579461414033452,0.0417699550292043,0.611104315504696,35.01369812065016,0.13547519085790327,-0.14844250819878724
77.22,-2.896752955365525,-0.891188109910112,-2.924339994006968,-0.8579461414033452,0.043198069068065295,0.636604654259705,36.474759907466066,0.13577312616339654,-0.14512287748735808
77.24,-2.8940489381383316,-0.8908925567740839,-2.924339994006968,-0.8579461414033452,0.0447550483344404,0.6636628094745156,38.02507800268461,0.13606436780797537,-0.1419872425167945
77.26,-2.8913378354398915,-0.8906039542493299,-2.924339994006968,-0.8579461414033452,0.04642924950900915,0.69241000138688,39.672170772115706,0.13634959654735823,-0.1390075746965369
77.28,-2.8886206678309208,-0.8903222892523621,-2.924339994006968,-0.8579461414033452,0.048208766962164265,0.7229883536299586,41.4241813001085,0.13662820763169492,-0.136214349020225
77.3,-2.886040521957243,-0.890063923639265,-2.924339994006968,-0.8579461414033452,0.049984012394380925,0.756111056904158,43.32197240378428,0.1272136622231912,-0.2773877948558656
77.32,-2.8834988943523254,-0.8898233321434894,-2.924339994006968,-0.8579461414033452,0.0518087898959625,0.7912867400511217,45.337390589594754,0.12769806729213684,-0.2689781485498699
77.34,-2.880945924599562,-0.8895953127320815,-2.924339994006968,-0.8579461414033452,0.05370954575799805,0.8284193238872862,47.464930925822685,0.12823770552037317,-0.25780966765087676
77.36,-2.8783814239666277,-0.8893793973735574,-2.846044591050865,-0.8442406245150339,0.05552638632393901,0.3054322674989597,17.499979854801175,0.128756675402375,-0.2473707376682288
77.38,-2.875805416152493,-0.889175144402607,-2.846044591050865,-0.8442406245150339,0.05389636154933273,0.316823305937471,18.152638281599163,0.12925454855787777,-0.23768472254936945
77.4,-2.873219393779729,-0.8889822982486285,-2.846044591050865,-0.8442406245150339,0.05234775326445345,0.32844791971567844,18.818679589560077,0.12973185520728236,-0.22873331443351574
77.42,-2.8706228371601306,-0.888800434466253,-2.846044591050865,-0.8442406245150339,0.050888769337609115,0.34032516310339245,19.49919550792575,0.1301920072602769,-0.22036888313037295
77.44,-2.8680170903027173,-0.8886293206690647,-2.846044591050865,-0.8442406245150339,0.04952925468475695,0.3525060497726156,20.197108904799407,0.13063441791452135,-0.21262313643966024
77.46,-2.8654020676073055,-0.8884686298139993,-2.846044591050865,-0.8442406245150339,0.048278653164296664,0.3650206275610271,20.91414139446355,0.13106198791250634,-0.20537135359322
77.48,-2.862778125235794,-0.8883180820701222,-2.846044591050865,-0.8442406245150339,0.04714693447976003,0.37790801967818743,21.652534571707005,0.1314749061555709,-0.19861013019872864
77.5,-2.860144801393632,-0.8881773405173574,-2.846044591050865,-0.8442406245150339,0.0461438072202446,0.3911994057453433,22.41407489723402,0.13187415478377318,-0.19230052634711114
77.52,-2.857504021431174,-0.8880462737816428,-2.846044591050865,-0.8442406245150339,0.04527972451672275,0.40495883720783277,23.202432248534183,0.13225938679806148,-0.1864634251691477
77.54,-2.8548552583466433,-0.8879246089314138,-2.846044591050865,-0.8442406245150339,0.04456364384436506,0.4192216629031601,24.019631964807186,0.1326340647794133,-0.18094818162617266
77.56,-2.852198778417268,-0.8878121259735468,-2.846044591050865,-0.8442406245150339,0.044003974382889326,0.4340365541413589,24.868462706701315,0.1329976157171231,-0.1757848368999504
77.58,-2.8495348345480083,-0.8877086177654913,-2.846044591050865,-0.8442406245150339,0.04360789191065255,0.4494556428629982,25.751911414389017,0.133350734394444,-0.17094657611127495
77.6,-2.8468636634111126,-0.8876138890243452,-2.846044591050865,-0.8442406245150339,0.04338099761100484,0.4655347392058704,26.673175773219832,0.1336940790261032,-0.16640805148404603
77.62,-2.8441854867096485,-0.8875277555383746,-2.846044591050865,-0.8442406245150339,0.04332703522263432,0.48233374312431804,27.635687797770615,0.1340282566878237,-0.16214600264574663
77.64,-2.8415001872341157,-0.8874500242036483,-2.846044591050865,-0.8442406245150339,0.043447713720057984,0.4999147646325073,28.643006129718582,0.13435382730735412,-0.1581390801652649
77.66,-2.8388083009161083,-0.8873805415721766,-2.846044591050865,-0.8442406245150339,0.04374261467506867,0.5183500901292056,29.699272474629314,0.13467090685335137,-0.15438590663219287
77.68,-2.8361106291199607,-0.887319184682602,-2.846044591050865,-0.8442406245150339,0.04420911609335161,0.5377179320366022,30.808968074199747,0.1349804293019119,-0.15084792112540768
77.7,-2.8334060930533735,-0.8872657640692622,-2.846044591050865,-0.8442406245150339,0.04484299572166669,0.5580916222433406,31.976294536152874,0.13528354033862655,-0.14747634486278471
77.72,-2.8306957810791116,-0.8872201656148943,-2.846044591050865,-0.8442406245150339,0.045637998649191304,0.5795631567435973,33.20652284268712,0.1355791673445239,-0.14432302517297657
77.74,-2.8279798296212544,-0.8871822636601148,-2.846044591050865,-0.8442406245150339,0.046586693142732234,0.6022254900748049,34.50497889648397,0.13586875939024523,-0.14132530559263223
77.76,-2.8252577989959144,-0.8871519187609318,-2.846044591050865,-0.8442406245150339,0.047680917543539286,0.6261772038150856,35.87731100590755,0.13615260909043414,-0.13847256426724464
77.78,-2.822530121199697,-0.8871290144740399,-2.846044591050865,-0.8442406245150339,0.04891159663778384,0.6515272267643065,37.32976033145769,0.13643041004112177,-0.1357815138103291
77.8,-2.81979720023241,-0.8871134453020644,-2.846044591050865,-0.8442406245150339,0.050269317550704344,0.6783907157444995,38.86892487301895,0.13670278038446781,-0.13322667636650465
77.82,-2.8170594134340887,-0.8871051138428875,-2.846044591050865,-0.8442406245150339,0.051744612925537975,0.706888702240486,40.50173922385979,0.13697025567358523,-0.13078597393634261
77.84,-2.814315537726686,-0.8871039000043068,-2.846044591050865,-0.8442406245150339,0.053329102847487625,0.7371495198039314,42.23555635486056,0.13723329204253787,-0.1284406304979946
77.86,-2.8115664998001586,-0.887109703350499,-2.846044591050865,-0.8442406245150339,0.05501360464915355,0.7693066834543226,44.07802611313949,0.13749087690753115,-0.12623941486933354
77.88,-2.8089135733980917,-0.8871235051482709,-2.846044591050865,-0.8442406245150339,0.05672436798532909,0.8038567573564598,46.057599529597034,0.1311797464460085,-0.22363990823448532
77.9,-2.806283247901236,-0.8871487492629179,-2.846044591050865,-0.8442406245150339,0.058498475009546434,0.8405048480034717,48.157380450883686,0.13158291000001654,-0.21734542222318076
77.92,-2.803644424283236,-0.8871853987746902,-2.7665425514618707,-0.8438052934050554,0.05708224337509323,0.2943327340663938,16.864023434550795,0.1320194891907711,-0.2093574152894906
77.94,-2.8009973073855514,-0.8872331120211907,-2.7665425514618707,-0.8438052934050554,0.055435598991229115,0.30494066179526536,17.47181292279493,0.13244060042456596,-0.20189578145313192
77.96,-2.7983422379118776,-0.88729156482349,-2.7665425514618707,-0.8438052934050554,0.05387277475865265,0.31580321235417985,18.094191224568203,0.13284663047912204,-0.19494728437097208
77.98,-2.7956795342052256,-0.8873604527539828,-2.7665425514618707,-0.8438052934050554,0.0524024395357413,0.3269532109650383,18.733039086547127,0.1332386095985072,-0.1884706694710303
78.0,-2.7930094920177004,-0.8874394898931929,-2.7665425514618707,-0.8438052934050554,0.05103373438766966,0.33842490183213775,19.390318557110696,0.1336174939220669,-0.18242788395239629
78.02,-2.790332019503005,-0.8875284060581276,-2.7665425514618707,-0.8438052934050554,0.04977599190125076,0.35024961731396165,20.067824848162207,0.1339841625276783,-0.17678417213340403
78.04,-2.78764811573106,-0.8876269367968772,-2.7665425514618707,-0.8438052934050554,0.048639297617059506,0.3624748092830239,20.768276751726702,0.13433885961422476,-0.17153327726004974
78.06,-2.7849572996964,-0.8877348610456869,-2.7665425514618707,-0.8438052934050554,0.04763307533252415,0.3751319862689317,21.493479573569335,0.13468350143872598,-0.16659342354619078
78.08,-2.7822604900464647,-0.887851938560598,-2.7665425514618707,-0.8438052934050554,0.04676708824384251,0.38827185688548227,22.246338703245648,0.13501767625765382,-0.16198734135164372
78.1,-2.77955754347719,-0.88797797487323,-2.7665425514618707,-0.8438052934050554,0.046050144465002996,0.40193618360164196,23.02924695396945,0.1353430327649896,-0.15764480132296477
78.12,-2.7768489702213426,-0.8881127652978178,-2.7665425514618707,-0.8438052934050554,0.04549037626986092,0.41617694396882965,23.84518242006648,0.13565962513073515,-0.15356707754987653
78.14,-2.774134313596468,-0.8882561463478931,-2.7665425514618707,-0.8438052934050554,0.04509449167752185,0.43104123910030123,24.69684379653666,0.13596839037610664,-0.14971544187947217
78.16,-2.771414368301505,-0.8884079147454509,-2.7665425514618707,-0.8438052934050554,0.04486789976980923,0.4465916422279769,25.58781626547951,0.13626897675091953,-0.14610928865455008
78.18,-2.768688690405112,-0.8885679302118591,-2.7665425514618707,-0.8438052934050554,0.044814055454304884,0.46288547183092404,26.521383933833704,0.1365626377903162,-0.14269529922672497
78.2,-2.7659580236413444,-0.888736005922271,-2.7665425514618707,-0.8438052934050554,0.04493451457485262,0.4799942039422448,27.501642076632326,0.13684905258593005,-0.13949119751943684
78.22,-2.7632222149019143,-0.8889120108034847,-2.7665425514618707,-0.8438052934050554,0.04522875843236411,0.49798879998332224,28.532656483828884,0.13712931662244188,-0.13645036247345033
78.24,-2.7604811249324923,-0.8890958140591815,-2.7665425514618707,-0.8438052934050554,0.04569433392328718,0.5169474564872754,29.618907486743648,0.13740343368118246,-0.13357541251646232
78.26,-2.7577351665734615,-0.8892872616895247,-2.7665425514618707,-0.8438052934050554,0.046326876298775486,0.5369584226465376,30.765451391648487,0.13767144699201594,-0.13086722506105986
78.28,-2.7549841991675166,-0.8894862389926099,-2.7665425514618707,-0.8438052934050554,0.04712052947000403,0.5581150458842691,31.977636611918903,0.13793399389907535,-0.12829950486459296
78.3,-2.7522286086375543,-0.8896926060615076,-2.7665425514618707,-0.8438052934050554,0.04806801870275908,0.5805208924410677,33.2613970560412,0.13819110645272303,-0.12587336971847662
78.32,-2.74946875500308,-0.8899062351381043,-2.7665425514618707,-0.8438052934050554,0.04916107560041977,0.6042873848580872,34.623116765366085,0.13844333842056855,-0.12356596150620014
78.34,-2.7467047278416987,-0.8901270226214314,-2.7665425514618707,-0.8438052934050554,0.05039089048211308,0.6295340663439438,36.06964506121675,0.13869116256559622,-0.12135778126309837
78.36,-2.7439361262098636,-0.8903548991725732,-2.7665425514618707,-0.8438052934050554,0.0517485870317819,0.6563899299973135,37.608372703733615,0.13893476140021122,-0.1192424174500939
78.38,-2.7411632938688353,-0.8905897436131688,-2.7665425514618707,-0.8438052934050554,0.05322491425309284,0.684994244411017,39.24727919550405,0.13917388084543347,-0.11723353817272297
78.4,-2.738385851490002,-0.8908314910232993,-2.7665425514618707,-0.8438052934050554,0.05481115776679005,0.7154958404839289,40.99489191889471,0.13940895058510705,-0.1153134077092055
78.42,-2.7356048283125967,-0.891079977473016,-2.7665425514618707,-0.8438052934050554,0.05649812799895778,0.748049038912741,42.86005279851754,0.13963976941386846,-0.11349328279619542
78.44,-2.732891088210221,-0.8913299414001604,-2.7665425514618707,-0.8438052934050554,0.05823240632187354,0.7830630120041834,44.866205680641826,0.13583441911908523,-0.17299658999991863
78.46,-2.730181419847831,-0.8915888958747008,-2.6876643321498395,-0.8540418435583043,0.056722869144366576,0.25978788119005686,14.884749160836325,0.1361673488933235,-0.1680569721851377
78.48,-2.727465244701567,-0.8918575746303469,-2.6876643321498395,-0.8540418435583043,0.05490120359758349,0.26897991970412455,15.411414172814107,0.1365054386859299,-0.1627468082388006
78.5,-2.724743753338771,-0.8921356310381064,-2.6876643321498395,-0.8540418435583043,0.053160324681688347,0.2784329318107285,15.953031870208584,0.1368319943362728,-0.1578206392893744
78.52,-2.7220164916209755,-0.8924228771964313,-2.6876643321498395,-0.8540418435583043,0.05150897595042441,0.28816697806012614,16.51075163788422,0.13714911346607295,-0.15318786593887523
78.54,-2.719284289382605,-0.8927190254597033,-2.6876643321498395,-0.8540418435583043,0.04995744284124069,0.2982206720979197,17.086785874765628,0.13745641575289014,-0.14886948810244327
78.56,-2.716547301957336,-0.8930238706387249,-2.6876643321498395,-0.8540418435583043,0.04851622800877451,0.30862564304267553,17.682946795856388,0.1377554502440148,-0.14479945251277826
78.58,-2.713805093340611,-0.8933372670116984,-2.6876643321498395,-0.8540418435583043,0.04719607716764715,0.3194096484824565,18.300824793801958,0.13804667716321717,-0.14096033392307916
78.6,-2.7110584058714653,-0.893658961069088,-2.6876643321498395,-0.8540418435583043,0.04600868054135127,0.33061624057374406,18.94291522335742,0.13832974956811128,-0.13737114533118877
78.62,-2.708306543806551,-0.8939888546066923,-2.6876643321498395,-0.8540418435583043,0.04496514865738248,0.34227731486634205,19.611045564911787,0.13860592753403012,-0.13397826446270855
78.64,-2.7055502192567973,-0.8943267066368884,-2.6876643321498395,-0.8540418435583043,0.04407692311020714,0.3544423221231219,20.308049138471294,0.1388745626394794,-0.13081416541549373
78.66,-2.7027895625488623,-0.8946723562784423,-2.6876643321498395,-0.8540418435583043,0.04335448256552977,0.3671585131767102,21.03663321732392,0.13913682379138592,-0.12782912705344707
78.68,-2.700024439728378,-0.8950256765178594,-2.6876643321498395,-0.8540418435583043,0.04280708847153429,0.3804754458819426,21.799637257393467,0.13939307905381781,-0.12500925236968996
78.7,-2.697255479448501,-0.8953864652096366,-2.6876643321498395,-0.8540418435583043,0.042442524029520715,0.3944532885383636,22.600508648304324,0.13964337954588402,-0.12235494334489339
78.72,-2.6944827746588844,-0.8957545937285141,-2.6876643321498395,-0.8540418435583043,0.04226635405392201,0.40915311944087485,23.4427469185742,0.1398886202951033,-0.11982805365295945
78.74,-2.6917059353841264,-0.8961299917327287,-2.6876643321498395,-0.8540418435583043,0.042281754616568405,0.42463950216556445,24.330051288623224,0.140129034469183,-0.11742017902438562
78.76,-2.688925305762097,-0.8965125021197197,-2.6876643321498395,-0.8540418435583043,0.04248937388443302,0.44098867616778525,25.266789957475485,0.14036435640241152,-0.11514565594228365
78.78,-2.6861409781698757,-0.8969020075950302,-2.6876643321498395,-0.8540418435583043,0.042887227336391553,0.45828294275615966,26.257678442763453,0.1405951026204555,-0.1129831896518052
78.8,-2.683353489525986,-0.8972983428544227,-2.6876643321498395,-0.8540418435583043,0.04347077288803048,0.47661474822230576,27.308013526828475,0.1408215014927272,-0.11092440905913215
78.82,-2.6805620175688927,-0.8977015207537358,-2.6876643321498395,-0.8540418435583043,0.04423358774976332,0.49608112420051415,28.423354712794666,0.14104417382325707,-0.10894276478601306
78.84,-2.677767313097384,-0.8981113458891449,-2.6876643321498395,-0.8540418435583043,0.04516715645037483,0.5167955666920444,29.610204842525807,0.14126245568171214,-0.10707045475344401
78.86,-2.674969229491001,-0.8985277532015672,-2.6876643321498395,-0.8540418435583043,0.04626188267145001,0.5388803221827622,30.875568123722307,0.14147715828531915,-0.10527219381994968
78.88,-2.6721678385942504,-0.8989506489143619,-2.6876643321498395,-0.8540418435583043,0.04750728482061132,0.5624713175923803,32.227232595205926,0.14168824215108344,-0.10355141806694945
78.9,-2.66936300385154,-0.8993799702385002,-2.6876643321498395,-0.8540418435583043,0.04889257968599767,0.5877186515560442,33.673798275281165,0.14189586122075326,-0.10190266967358141
78.92,-2.666556216612388,-0.8998154314589183,-2.6876643321498395,-0.8540418435583043,0.05040608981896574,0.6147862866395091,35.22465952696394,0.14209999630958592,-0.10032842729601477
78.94,-2.663745300654657,-0.9002572854699615,-2.6876643321498395,-0.8540418435583043,0.05203832375045615,0.6438567255736987,36.89027298648579,0.14230191255828473,-0.09877174201089467
78.96,-2.660931728109158,-0.900705231749641,-2.6876643321498395,-0.8540418435583043,0.05377828480242973,0.6751255399994571,38.68184408345954,0.14249992304753434,-0.09731154189895896
78.98,-2.6581151590887746,-0.9011592570244032,-2.6876643321498395,-0.8540418435583043,0.055616582781829446,0.7088064327853014,40.61161709032103,0.1426952762328959,-0.09589185854363969
79.0,-2.655321195101807,-0.9016154789958821,-2.61012297825781,-0.8718653400720336,0.05411053106249525,0.21963688902853895,12.584266766718498,0.1409308115244201,-0.12466959377288589
79.02,-2.6525371501174666,-0.9020770839818678,-2.61012297825781,-0.8718653400720336,0.0520740957157577,0.22729781180313396,13.023205308878444,0.14116000629176284,-0.12239678867320691
79.04,-2.649749224332459,-0.9025462943257742,-2.61012297825781,-0.8718653400720336,0.05011546998571174,0.2352115159890406,13.476627159045908,0.14140593627356424,-0.1192798909976922
79.06,-2.6469574279877763,-0.9030229498957426,-2.61012297825781,-0.8718653400720336,0.048244930685367435,0.24339836690517253,13.945699164043079,0.1416457428146778,-0.11633867969762512
79.08,-2.644162348991511,-0.9035068129236383,-2.61012297825781,-0.8718653400720336,0.04647431079817296,0.25189047676008797,14.432261217891186,0.1418793025381504,-0.11358066314581805
79.1,-2.64136452852912,-0.903997670777585,-2.61012297825781,-0.8718653400720336,0.04481652753087528,0.2607207452850575,14.938198336339152,0.14210756707138117,-0.11096543110711288
79.12,-2.6385622568894154,-0.9044956724399466,-2.61012297825781,-0.8718653400720336,0.04328430615738867,0.2699035662127369,15.46433521951959,0.14233132859580166,-0.10845933412051423
79.14,-2.6357578451662222,-0.9050003053493367,-2.61012297825781,-0.8718653400720336,0.04189358334327698,0.279493592684483,16.013803261769375,0.14254874848482757,-0.1061477702823943
79.16,-2.6329494291389337,-0.9055117770520031,-2.61012297825781,-0.8718653400720336,0.0406586962564642,0.2895116641516372,16.587796475697743,0.14276266211963318,-0.10390478463961905
79.18,-2.6301410410044896,-0.9060292763150595,-2.61012297825781,-0.8718653400720336,0.03959668389837134,0.30002870753727756,17.190378674650916,0.14280435861220298,-0.10348771644741461
79.2,-2.6273263532929962,-0.9065538641538264,-2.61012297825781,-0.8718653400720336,0.038720147411578774,0.31104242058657133,17.82141794914361,0.14317853708591954,-0.09969680231924904
79.22,-2.624510540513087,-0.9070844636436024,-2.61012297825781,-0.8718653400720336,0.03804456088324461,0.3226395494390575,18.48588448686046,0.14335837340508917,-0.09801839374490307
79.24,-2.621690501116774,-0.9076215568753603,-2.61012297825781,-0.8718653400720336,0.037580774675080246,0.3348553029587511,19.185795607110986,0.1435760704151079,-0.09597928736004846
79.26,-2.6188676881123616,-0.9081647657713787,-2.61012297825781,-0.8718653400720336,0.03733789303834065,0.34776040513944056,19.925203496249566,0.14376877003607902,-0.09427273376050316
79.28,-2.6160419837887057,-0.9087140254589716,-2.61012297825781,-0.8718653400720336,0.037321042874232636,0.36142306090013243,20.708016008277312,0.14395799812545462,-0.09264409469245116
79.3,-2.613213456810895,-0.9092692387750196,-2.61012297825781,-0.8718653400720336,0.037531356168813236,0.3759205719179193,21.53866220304091,0.14414377490759023,-0.0910940713572117
79.32,-2.610382352656125,-0.9098302817875169,-2.61012297825781,-0.8718653400720336,0.03796582772097221,0.3913401951604725,22.42214153652104,0.14432627305556167,-0.08961634274884389
79.34,-2.6075492557157456,-0.9103969760836722,-2.61012297825781,-0.8718653400720336,0.03861749631264217,0.4077804119225572,23.364096571268725,0.1445058012865985,-0.08819824216299565
79.36,-2.6047136749028224,-0.9109693507048373,-2.61012297825781,-0.8718653400720336,0.039476375344713474,0.4253481791623458,24.3706554895768,0.14468290682136953,-0.08681594008908
79.38,-2.6018758297793507,-0.9115472957199475,-2.61012297825781,-0.8718653400720336,0.04052990330692582,0.4441668934066867,25.44888839164026,0.14485722985266847,-0.08548699368837731
79.4,-2.5990349183010686,-0.9121308980088936,-2.61012297825781,-0.8718653400720336,0.04176434160346496,0.4643745594229848,26.60670236818408,0.14502900120820783,-0.08420200350078844
79.42,-2.5961918445689705,-0.9127199105846739,-2.61012297825781,-0.8718653400720336,0.04316448097253824,0.4861306100974787,27.853232250705332,0.14519766221336994,-0.08298779817117463
79.44,-2.593346647569575,-0.9133142682666707,-2.61012297825781,-0.8718653400720336,0.04471530968074806,0.5096133437182805,29.198693778607236,0.14536400207072475,-0.08180949928049408
79.46,-2.5904987190057045,-0.9139140316903361,-2.61012297825781,-0.8718653400720336,0.04640262942986041,0.5350255655839499,30.65470683956016,0.145528092388858,-0.08066480998270009
79.48,-2.5876489117853865,-0.9145189706770283,-2.61012297825781,-0.8718653400720336,0.048212196253585464,0.5625958621829666,32.234368474607706,0.1456895364791322,-0.07957300535821332
79.5,-2.584796785126874,-0.9151291220048675,-2.61012297825781,-0.8718653400720336,0.05013153583960166,0.5925836982729185,33.95254491929204,0.14584901003047435,-0.07850408717313684
79.52,-2.5819426909200303,-0.9157443602014977,-2.61012297825781,-0.8718653400720336,0.05214879674509988,0.6252793651402382,35.82586863915518,0.14600623198859353,-0.0774718640617067
79.54,-2.579089147950085,-0.916364135778463,-2.5339052191403675,-0.8947405852045767,0.05009156977080099,0.17890253012437748,10.2503599203389,0.14600305463927654,-0.07890737917626289
79.56,-2.5762341367194397,-0.9169889278429718,-2.5339052191403675,-0.8947405852045767,0.04781972410597241,0.18490374785499392,10.5942043682423,0.1461602951916774,-0.07781574059784191
79.58,-2.573376891401986,-0.9176188474930443,-2.5339052191403675,-0.8947405852045767,0.04562266757291331,0.19114836489203355,10.95199456914016,0.14631636332778086,-0.07671314755541836
79.6,-2.570517753081926,-0.9182537663395531,-2.5339052191403675,-0.8947405852045767,0.04351261114559753,0.19765873061158717,11.325011047957235,0.14647012040152063,-0.07565086774463659
79.62,-2.567656456777967,-0.9188936873582692,-2.5339052191403675,-0.8947405852045767,0.04150323343688315,0.20445595146473,11.714463115260632,0.14662184704841152,-0.07461696575172816
79.64,-2.56479333638238,-0.9195384858498656,-2.5339052191403675,-0.8947405852045767,0.03961075186322443,0.21156674096456565,12.121881342607155,0.1467713911506685,-0.0736193080397296
79.66,-2.5619279885274886,-0.9201881976231059,-2.5339052191403675,-0.8947405852045767,0.03785309210523567,0.21901666925381544,12.548730791256286,0.14691902882999486,-0.07264613272384146
79.68,-2.5590607418098377,-0.9208426988830078,-2.5339052191403675,-0.8947405852045767,0.036250802187758176,0.22683808721425863,12.996865030197501,0.1470645157299444,-0.0717095036506521
79.7,-2.5561917695617606,-0.9215019049615237,-2.5339052191403675,-0.8947405852045767,0.03482611900311123,0.23506581059900927,13.468278855144804,0.1472081220644128,-0.07079792057940182
79.72,-2.553320959943839,-0.922165795278711,-2.5339052191403675,-0.8947405852045767,0.03360227877031534,0.24373728508122758,13.965117745131305,0.14734999137946403,-0.06990556132402403
79.74,-2.550448343362116,-0.9228343174272061,-2.5339052191403675,-0.8947405852045767,0.03260264942014694,0.2528951693337326,14.489825862069159,0.14749007021039873,-0.06903560786031271
79.76,-2.54757394968251,-0.9235074201404267,-2.5339052191403675,-0.8947405852045767,0.03184909711216536,0.262587347542989,15.045146767748218,0.14762840241289155,-0.06818678625064578
79.78,-2.544697807961427,-0.9241850532950429,-2.5339052191403675,-0.8947405852045767,0.03136011279620878,0.2728677245768961,15.634168983594314,0.14776503063149704,-0.06735785995859445
79.8,-2.5418198146594553,-0.9248671968633178,-2.5339052191403675,-0.8947405852045767,0.03114889327516082,0.2837968001804159,16.260358889655393,0.1478999950293769,-0.0665476859684766
79.82,-2.5389402617848456,-0.9255537421894686,-2.5339052191403675,-0.8947405852045767,0.031221824062781928,0.2954443957193901,16.927716955514015,0.1480332524364414,-0.0657589479180487
79.84,-2.5360591723283,-0.926244645128723,-2.5339052191403675,-0.8947405852045767,0.03157760766809298,0.3078888191203691,17.640729894863952,0.148165006954315,-0.0649829471699448
79.86,-2.5331761871850498,-0.9269399482185188,-2.5339052191403675,-0.8947405852045767,0.03220761503271388,0.3212187104560963,18.404476409769124,0.1482952832483342,-0.06421915167087455
79.88,-2.5302917161009146,-0.9276395150823861,-2.5339052191403675,-0.8947405852045767,0.033096782189831614,0.3355374960463154,19.22488239184142,0.1484238743110211,-0.06347769865078234
79.9,-2.527405656621464,-0.9283433322576277,-2.5339052191403675,-0.8947405852045767,0.034225559490656386,0.35096274229239,20.10868389969151,0.14855105214390818,-0.06274675838691124
79.92,-2.524518032910746,-0.929051355998177,-2.5339052191403675,-0.8947405852045767,0.03557173397180084,0.3676303934265584,21.0636699640758,0.14867676494283444,-0.062029285674558565
79.94,-2.5216287477278807,-0.9297635711142139,-2.5339052191403675,-0.8947405852045767,0.03711227953613541,0.3856978553762017,22.098859280303568,0.14880103875762885,-0.06132467145758547
79.96,-2.518738186940176,-0.93047984927346,-2.5339052191403675,-0.8947405852045767,0.03882439776670093,0.40534801156534933,23.224730296714597,0.14892382902207402,-0.06063555350488414
79.98,-2.5158460119084505,-0.9312002369132862,-2.5339052191403675,-0.8947405852045767,0.04068711305273123,0.4267940587780481,24.453498289240542,0.1490453757774013,-0.05995147942416956
80.0,-2.512952130965322,-0.931924717458815,-2.5339052191403675,-0.8947405852045767,0.0426812792166767,0.45028576733007974,25.799474042823338,0.14916548395831342,-0.059281914439601735
80.02,-2.510057150833219,-0.9326531091472887,-2.5339052191403675,-0.8947405852045767,0.0447893942098923,0.47611430737069405,27.279340378135192,0.1492841147436863,-0.05862923646349216
80.04,-2.507160397843013,-0.9333855421843883,-2.5339052191403675,-0.8947405852045767,0.04699700167243561,0.5046247298931745,28.91286726080805,0.14940163428747155,-0.05797719845102023
80.06,-2.504262805711698,-0.9341217538358144,-2.4586657388515407,-0.9206722298313188,0.04753927010585205,0.13395485454661477,7.675047810809852,0.14951765388824256,-0.05734410964630676
80.08,-2.5013449972518877,-0.93486634304563,-2.4586657388515407,-0.9206722298313188,0.04497768277206237,0.13819396305208864,7.917930837071516,0.15118117160435318,-0.03243153392618048
80.1,-2.49841433589696,-0.935616331811684,-2.4586657388515407,-0.9206722298313188,0.04246501090402151,0.14247198858387958,8.163043644692346,0.15126347347855784,-0.032531672449209736
80.12,-2.4954828746894946,-0.9363685787340297,-2.4586657388515407,-0.9206722298313188,0.040023453876270855,0.14697811963901566,8.421225936084475,0.15132851679533488,-0.033359465433369095
80.14,-2.4925506343204336,-0.9371231295416244,-2.4586657388515407,-0.9206722298313188,0.037667203801401636,0.15173013231235555,8.693496206459532,0.15139507016765918,-0.03409624923289556
80.16,-2.489617663704531,-0.9378800155303162,-2.4586657388515407,-0.9206722298313188,0.035413691430967315,0.15674541545276285,8.980850763467988,0.15146311530926937,-0.03474205286790877
80.18,-2.4866839514431343,-0.9386392783924773,-2.4586657388515407,-0.9206722298313188,0.03328415645358551,0.16204466282711547,9.284475272614175,0.1515324056737377,-0.03530676933816146
80.2,-2.4837493520925933,-0.9394009926213215,-2.4586657388515407,-0.9206722298313188,0.03130422030447168,0.16765248445662745,9.605779784247387,0.15160279332624427,-0.035796215352990046
80.22,-2.480813990167779,-0.9401651562941816,-2.4586657388515407,-0.9206722298313188,0.02950456267179401,0.1735939324129347,9.94619967634042,0.15167423892314957,-0.03621174156309692
80.24,-2.4778777889199266,-0.9409318160512254,-2.4586657388515407,-0.9206722298313188,0.02792048892179357,0.17989945768391985,10.307479661980954,0.15174649619558167,-0.0365633531196341
80.26,-2.4749406707114168,-0.9417010160594163,-2.4586657388515407,-0.9206722298313188,0.026591037160491306,0.18660342800353172,10.691588867275685,0.15181948225748698,-0.03685433665578941
80.28,-2.4720027703129754,-0.9424727398915449,-2.4586657388515407,-0.9206722298313188,0.025556577374314403,0.19374359359255333,11.100690220551165,0.15189310363474817,-0.037088475834945456
80.3,-2.469064013021916,-0.9432470229725572,-2.4586657388515407,-0.9206722298313188,0.024854484325610108,0.2013645450377327,11.537338574234068,0.15196718693122335,-0.0372728124142796
80.32,-2.466124323952841,-0.9440238984215523,-2.4586657388515407,-0.9206722298313188,0.02451389234008831,0.2095172112358337,12.004451939164221,0.1520416588213891,-0.03741037636784128
80.34,-2.463183772706028,-0.9448033580290384,-2.4586657388515407,-0.9206722298313188,0.024550437430014747,0.21825942707500492,12.505344010341153,0.15211643830497223,-0.037504562087065096
80.36,-2.4602424309962516,-0.9455853899962335,-2.4586657388515407,-0.9206722298313188,0.024963002774543924,0.2276580831148301,13.043847334518276,0.1521914191733309,-0.0375597288992946
80.38,-2.457300081769817,-0.9463700572231791,-2.4586657388515407,-0.9206722298313188,0.025734089296625764,0.23779183475042542,13.624468533871681,0.15226651656474743,-0.03757935916115507
80.4,-2.454356943715199,-0.947157304346776,-2.4586657388515407,-0.9206722298313188,0.0268332794793384,0.24875056955013156,14.252357786697987,0.15234167135655952,-0.03756617714456567
80.42,-2.4514128736686804,-0.9479471703407685,-2.4586657388515407,-0.9206722298313188,0.028222799881563235,0.2606408282992536,14.933619430341183,0.15241680766582277,-0.03752317979666131
80.44,-2.4484680196102264,-0.9487396146759364,-2.4586657388515407,-0.9206722298313188,0.029862544595873605,0.27358688921019925,15.675374081857656,0.1524918626239824,-0.03745322989745503
80.46,-2.4455223846930045,-0.9495346340049154,-2.4586657388515407,-0.9206722298313188,0.031714131443518354,0.28773623500467027,16.48607187875203,0.15256679006956375,-0.037358179583169004
80.48,-2.442575755733947,-0.9503322811424592,-2.4586657388515407,-0.9206722298313188,0.03374323933032994,0.3032650561729028,17.375807792505164,0.15264154444887268,-0.037240032563223835
80.5,-2.439628498285451,-0.9511324525021723,-2.4586657388515407,-0.9206722298313188,0.03591993448670454,0.3203821710853654,18.356546234429715,0.15271604814390827,-0.0371024280454435
80.52,-2.436680185048051,-0.9519352561906114,-2.4586657388515407,-0.9206722298313188,0.038219646691040464,0.3393421905654871,19.442875330126512,0.15279032180162133,-0.03694417614164003
80.54,-2.433731037817986,-0.9527406236886952,-2.4586657388515407,-0.9206722298313188,0.040621683867419524,0.36045142004281255,20.652345087950412,0.15286424180400715,-0.03677115180678037
80.56,-2.4307810625176134,-0.9535485442745842,-2.4586657388515407,-0.9206722298313188,0.04310924756499875,0.3840848288081314,22.006439665710666,0.1529378187128394,-0.036582798893514124
80.58,-2.427830336048541,-0.954358987344653,-2.383945617182181,-0.9480721324116285,0.044332754199669915,0.09121551500440285,5.226264035864518,0.1530110219820635,-0.036380561324600436
80.6,-2.4248318961648097,-0.9551838106892455,-2.383945617182181,-0.9480721324116285,0.04150016598725434,0.09352438916900252,5.358552780922873,0.15638988320940683,0.01596499952905006
80.62,-2.421816060604828,-0.9560125015520216,-2.383945617182181,-0.9480721324116285,0.038693926488708875,0.09579132458783848,5.488438612850895,0.1563792995112223,0.014000503405497966
80.64,-2.4188005381053865,-0.9568402692297808,-2.383945617182181,-0.9480721324116285,0.03594086442790075,0.09824904649796173,5.629255705517789,0.15635070915527294,0.011246781407292517
80.66,-2.4157852773148494,-0.9576672941138896,-2.383945617182181,-0.9480721324116285,0.033254038633771445,0.10090378628687816,5.781361091128151,0.1563276648473888,0.008717740476171798
80.68,-2.412770250796392,-0.9584937422972282,-2.383945617182181,-0.9480721324116285,0.030650765987184327,0.10376892144021797,5.94552124314909,0.15630947065430334,0.0063861447252566705
80.7,-2.409755419126882,-0.9593197774981098,-2.383945617182181,-0.9480721324116285,0.028154136399757366,0.10685908878643093,6.122574790076234,0.1562959988863355,0.004248859473143796
80.72,-2.4067406911096274,-0.9601455486084872,-2.383945617182181,-0.9480721324116285,0.02579501451870715,0.11018249121145884,6.3129917226538765,0.15628707370929362,0.0023005804861142565
80.74,-2.403726064337972,-0.9609711876055828,-2.383945617182181,-0.9480721324116285,0.023614650422560106,0.11376443536061286,6.51822200485198,0.1562816932365152,0.0005002618808092052
80.76,-2.400711471568724,-0.9617968224519634,-2.383945617182181,-0.9480721324116285,0.02166704848413887,0.11761918473722868,6.739082875212752,0.15628033264896146,-0.001129924525056225
80.78,-2.3976968809865116,-0.9626225637865548,-2.383945617182181,-0.9480721324116285,0.02002029743567083,0.12177197346052099,6.977020142266923,0.15628210344171833,-0.0026264324248792548
80.8,-2.3946822577673768,-0.9634485151843837,-2.383945617182181,-0.9480721324116285,0.01875389554812422,0.12625005179367643,7.233595131085709,0.1562869073539197,-0.003992047160616963
80.82,-2.3916675631897895,-0.9642747765836109,-2.383945617182181,-0.9480721324116285,0.017948652548542353,0.13108646492121687,7.510701191275442,0.1562944817633749,-0.005236704949673765
80.84,-2.3886527886520716,-0.9651014223671881,-2.383945617182181,-0.9480721324116285,0.017667885545177033,0.13631448584575187,7.81024472545738,0.1563047062414391,-0.006364339574238542
80.86,-2.385637873358948,-0.9659285450911373,-2.383945617182181,-0.9480721324116285,0.017936421180066293,0.14198236750862134,8.134990423519392,0.15631698386657789,-0.007399500695504102
80.88,-2.3826228096928417,-0.9667562124241069,-2.383945617182181,-0.9480721324116285,0.01873084796709827,0.14813875587505088,8.487725493959244,0.15633157583501145,-0.008330004355183718
80.9,-2.379607590734674,-0.9675844820622321,-2.383945617182181,-0.9480721324116285,0.019988753396514836,0.15484300236636397,8.871850522726875,0.15634804974293814,-0.00917346856255108
80.92,-2.376592167087049,-0.9684134224724409,-2.383945617182181,-0.9480721324116285,0.02162963960956592,0.162168457843145,9.291568204557421,0.15636614364087364,-0.009940354426252185
80.94,-2.3735765356027296,-0.9692430827436413,-2.383945617182181,-0.9480721324116285,0.023573862448947068,0.1701995042388632,9.751713268105826,0.15638587097281942,-0.010629372033665874
80.96,-2.3705607000185793,-0.9700735031941596,-2.383945617182181,-0.9480721324116285,0.02575298669643772,0.17903787212014297,10.25811444548714,0.15640699191337148,-0.011250145526275901
80.98,-2.3675446278185848,-0.9709047316113864,-2.383945617182181,-0.9480721324116285,0.028112631294875,0.18880825455712757,10.817916123355102,0.15642930597188354,-0.011810706992410047
81.0,-2.364528306083776,-0.9717368068335422,-2.383945617182181,-0.9480721324116285,0.030611252600758178,0.19966178094408496,11.439777378161633,0.1564527592170073,-0.012312866476404949
81.02,-2.361511746344726,-0.9725697560953266,-2.383945617182181,-0.9480721324116285,0.033217647823103,0.2117838593852663,12.134321311767849,0.15647723430243232,-0.012761189923660154
81.04,-2.3584948677979654,-0.9734036320857146,-2.383945617182181,-0.9480721324116285,0.0359085716780323,0.22540732084158616,12.914888155574126,0.15650257735249085,-0.01316186238664585
81.06,-2.355477757165141,-0.9742384343583059,-2.383945617182181,-0.9480721324116285,0.038666450723004,0.24082057361274006,13.798002487929566,0.15652882094219223,-0.013513129293318826
81.08,-2.3524603323890427,-0.975074208424617,-2.383945617182181,-0.9480721324116285,0.04147812999058953,0.25839472231067356,14.804927036856487,0.15655570669501628,-0.013825710782899847
81.1,-2.3494425848914746,-0.97591097735491,-2.3092687973302604,-0.9755904545674681,0.04017506617133123,0.048465215342345686,2.776852292309093,0.15658326434202507,-0.014098075764579221
81.12,-2.3463964301579954,-0.9767547096313943,-2.3092687973302604,-0.9755904545674681,0.03714588280341422,0.04871970701911449,2.791433591309153,0.15838150884714963,0.06709413981065282
81.14,-2.343341003677002,-0.9775967612990164,-2.3092687973302604,-0.9755904545674681,0.03413122488332338,0.04880215499274154,2.796157512227389,0.15848805045930447,0.06317982305770187
81.16,-2.3402819158316968,-0.9784357894929859,-2.3092687973302604,-0.9755904545674681,0.031143369278588153,0.04903305667751831,2.809387204247558,0.1586159758330652,0.058295148972487
81.18,-2.3372198139308367,-0.9792718997489691,-2.3092687973302604,-0.9755904545674681,0.028192416846203334,0.049396863979528166,2.830231827208764,0.15873354306625842,0.05380669706567254
81.2,-2.3341545891432744,-0.9801054128893264,-2.3092687973302604,-0.9755904545674681,0.025292043863808178,0.04990876730369315,2.8595617272021348,0.15884295184278585,0.049622973472551735
81.22,-2.3310865008119355,-0.9809365349575037,-2.3092687973302604,-0.9755904545674681,0.022463142272420866,0.05056978028669501,2.8974349813314944,0.15894345290652367,0.04577948763961892
81.24,-2.328015964208616,-0.9817653861081457,-2.3092687973302604,-0.9755904545674681,0.019737934175008333,0.051374818100374586,2.943560250403773,0.15903578058020784,0.04224782341855082
81.26,-2.3249430752968463,-0.9825921626435439,-2.3092687973302604,-0.9755904545674681,0.01716702961366312,0.0523326768093631,2.9984415117986645,0.15912133572735243,0.038970472878707696
81.28,-2.3218680906977736,-0.983416994814221,-2.3092687973302604,-0.9755904545674681,0.014832293335647891,0.05344661695107251,3.062265580548819,0.1592002598785669,0.03594393251038497
81.3,-2.3187910928917868,-0.9842400515925417,-2.3092687973302604,-0.9755904545674681,0.012864277727771104,0.05472840913042342,3.135706862638502,0.15927335835996814,0.033135965720187954
81.32,-2.3157121752512655,-0.9850614939323897,-2.3092687973302604,-0.9755904545674681,0.011455029711213855,0.05619123862871106,3.219520819037623,0.15934075347852072,0.030543569286001215
81.34,-2.312631558308563,-0.985881429013918,-2.3092687973302604,-0.9755904545674681,0.01082646370957201,0.057845026674448685,3.3142758942675776,0.15940261833620184,0.02816151652540455
81.36,-2.309549429711502,-0.9866999524729523,-2.3092687973302604,-0.9755904545674681,0.01111304180885501,0.059703358964102525,3.420750491397625,0.15945965598582745,0.025961647089900453
81.38,-2.3064657996190747,-0.9875172066614596,-2.3092687973302604,-0.9755904545674681,0.012251702399276726,0.061790416085830274,3.5403300560753466,0.15951245922778412,0.023920303557911637
81.4,-2.303380794627635,-0.9883332945462814,-2.3092687973302604,-0.9755904545674681,0.014037398140387923,0.06412955227362466,3.6743526873422856,0.1595609122380992,0.022044190826076004
81.42,-2.3002945738502474,-0.989148293840106,-2.3092687973302604,-0.9755904545674681,0.01625889580543221,0.066747447625474,3.824347042210168,0.15960537584254197,0.020319508625687988
81.44,-2.297207271651747,-0.9899622741566143,-2.3092687973302604,-0.9755904545674681,0.018762451865265435,0.06967771718107543,3.992239120581806,0.15964635979699437,0.018725891253179583
81.46,-2.294118930753558,-0.9907753255308824,-2.3092687973302604,-0.9755904545674681,0.021449912901161893,0.07296556487238476,4.180618916975662,0.1596842896646855,0.017246409395044182
81.48,-2.2910296328873807,-0.9915875210214502,-2.3092687973302604,-0.9755904545674681,0.02426052873924074,0.07666446522365489,4.392550295942898,0.15971922632784796,0.01587969946759138
81.5,-2.2879394238365145,-0.9923989396561814,-2.3092687973302604,-0.9755904545674681,0.02715634998694058,0.0808422661026778,4.631920653956956,0.15975139574084807,0.014617259405103056
81.52,-2.284848437282363,-0.9932096238666599,-2.3092687973302604,-0.9755904545674681,0.03011293927305215,0.08557966391217253,4.903353554315526,0.1597808827476399,0.01345658436235908
81.54,-2.281756704866173,-0.9940196392990549,-2.3092687973302604,-0.9755904545674681,0.03311419758386786,0.09098399500318571,5.212998916921912,0.15980814411911126,0.012379104326054602
81.56,-2.2786642860133104,-0.9948290394078728,-2.3092687973302604,-0.9755904545674681,0.036149125295237367,0.09719158538688319,5.568667646853773,0.15983322557211466,0.0113837833981556
81.58,-2.2755712359849616,-0.9956378735190091,-2.3092687973302604,-0.9755904545674681,0.0392100069783057,0.10438048043070575,5.98056099222732,0.15985629173549398,0.010464444648583537
81.6,-2.2724776058126523,-0.9964461872308337,-2.2341765005289105,-1.001948608009766,0.0386943316311925,0.003848855425341247,0.22052317182808276,0.15987749642638605,0.009615311206134791
81.62,-2.2694698960673194,-0.9972294919827495,-2.2341765005289105,-1.001948608009766,0.035607496748676776,0.0022712186129558165,0.1301312408739251,0.15441867424401678,0.0985344726067705
81.64,-2.266476993736036,-0.9980028304504514,-2.2341765005289105,-1.001948608009766,0.03254060574069199,0.0004198556345637594,0.024055955865290423,0.1545849600275595,0.09366493255336117
81.66,-2.2634789090628975,-0.9987716698029581,-2.2341765005289105,-1.001948608009766,0.029474125640340056,-0.0013599687740435407,-0.07792047102227558,0.15477375075532152,0.08772989302907597
81.68,-2.260476066166886,-0.9995362566553061,-2.2341765005289105,-1.001948608009766,0.026409971446473425,-0.0030803342367850543,-0.1764901512574352,0.15495039755046847,0.0822511253006919
81.7,-2.2574690825107924,-1.0002967346112313,-2.2341765005289105,-1.001948608009766,0.02335108265386158,-0.004761486902787632,-0.2728131037365494,0.15511599555608768,0.07718470315776216
81.72,-2.254457880522962,-1.0010534261353619,-2.2341765005289105,-1.001948608009766,0.02030112620155286,-0.00640149054934791,-0.3667783910705181,0.15527239153163563,0.07245352857565557
81.74,-2.251442579413051,-1.001806599442724,-2.2341765005289105,-1.001948608009766,0.01726666286421525,-0.008005317128633893,-0.4586708851345088,0.1554191910588365,0.06807809653452956
81.76,-2.2484234504171035,-1.002556464691788,-2.2341765005289105,-1.001948608009766,0.0142599113202909,-0.009583475341885,-0.5490926901577042,0.15555665988218337,0.06405018669775053
81.78,-2.2454009886275954,-1.0033031330278142,-2.2341765005289105,-1.001948608009766,0.011305921948343624,-0.011154131862776057,-0.6390846798694632,0.1556855658381373,0.06033960533113891
81.8,-2.242375259699858,-1.0040468127621602,-2.2341765005289105,-1.001948608009766,0.008462985000941881,-0.012722941111833364,-0.7289708287015348,0.15580735822435798,0.05688615240195816
81.82,-2.2393463429513663,-1.0047877035527375,-2.2341765005289105,-1.001948608009766,0.005898112763854588,-0.014296873049958997,-0.8191504859969795,0.15592216656505897,0.05368681616491067
81.84,-2.236314640694979,-1.0055258939922276,-2.2341765005289105,-1.001948608009766,0.00416756744037479,-0.015893513653396283,-0.9106312539731569,0.1560301800653363,0.05073596334170816
81.86,-2.2332801990460354,-1.0062615522965084,-2.2341765005289105,-1.001948608009766,0.004405093048818431,-0.01752119767490498,-1.0038906787864865,0.1561325372486877,0.04798649409165634
81.88,-2.230243910717263,-1.006994588235355,-2.2341765005289105,-1.001948608009766,0.00639743535049076,-0.01921341693050746,-1.1008477001432784,0.15621965529470927,0.04569136791920947
81.9,-2.2272043811964353,-1.0077255165725687,-2.2341765005289105,-1.001948608009766,0.009054453077312766,-0.02094218360534303,-1.1998987343742216,0.15632301293946327,0.0429815273739198
81.92,-2.2241625289597553,-1.0084542870939681,-2.2341765005289105,-1.001948608009766,0.01194167019032405,-0.022744685816201288,-1.3031745036193998,0.1564097124431285,0.04079101555198861
81.94,-2.221118480653109,-1.0091810040067726,-2.2341765005289105,-1.001948608009766,0.014927137533175736,-0.024639496269720562,-1.4117391455833237,0.1564919516281016,0.038758051704723684
81.96,-2.218072347396105,-1.0099057657661579,-2.2341765005289105,-1.001948608009766,0.01796274220950008,-0.02664786030649946,-1.5268099286166115,0.15657007762097663,0.036869291768493184
81.98,-2.215024232243577,-1.01062866409288,-2.2341765005289105,-1.001948608009766,0.021027428613109144,-0.02879485851014205,-1.649823864307501,0.15664438283300441,0.035113650543872055
82.0,-2.211974230903845,-1.0113497844441683,-2.2341765005289105,-1.001948608009766,0.02411063862395326,-0.03111056368514492,-1.7825039974317693,0.1567151368263353,0.0334809337321218
82.02,-2.208922432311821,-1.0120692064703607,-2.2341765005289105,-1.001948608009766,0.02720651529898694,-0.033631600387428184,-1.9269487604701794,0.156782588508797,0.03196174882980074
82.04,-2.205868980985228,-1.0127869861312035,-2.2341765005289105,-1.001948608009766,0.030311484671972606,-0.036404734292728586,-2.085837629268524,0.15684696776290252,0.03054744019514999
82.06,-2.202813767662924,-1.0135032433092157,-2.2341765005289105,-1.001948608009766,0.03342350385172883,-0.03948276057281527,-2.262195544347844,0.15690862836672537,0.029223879237649797
82.08,-2.1997569940515054,-1.014218013205604,-2.2341765005289105,-1.001948608009766,0.03654094593750674,-0.04294167128295204,-2.460376529751279,0.15696734083761044,0.028002162228979444
82.1,-2.196698726746248,-1.0149313555774597,-2.2341765005289105,-1.001948608009766,0.039662769218889324,-0.04687695356377089,-2.6858515956348157,0.1570235895052896,0.026862450371867297
82.12,-2.1937214335467057,-1.015622374057061,-2.158258015526834,-1.0258089627921005,0.03689743361954856,-0.03545521698035889,-2.0314342946951354,0.15192064208742195,0.10855180478830384
82.14,-2.190757112216472,-1.0163037732870228,-2.158258015526834,-1.0258089627921005,0.03386059528670292,-0.038522532020164674,-2.2071785009130087,0.15210984933720084,0.10370142330629051
82.16,-2.187787396150468,-1.0169800585640798,-2.158258015526834,-1.0258089627921005,0.030820997224019514,-0.041587975112139575,-2.3828154524207044,0.1523187072976384,0.09789468285781311
82.18,-2.1848126897289415,-1.0176514605240967,-2.158258015526834,-1.0258089627921005,0.027779409015178096,-0.04466765762230837,-2.5592682624936316,0.15251623868692832,0.09250331219678998
82.2,-2.181833072786518,-1.018318273641563,-2.158258015526834,-1.0258089627921005,0.024736486184325973,-0.04777099203348495,-2.737076226671766,0.15270340186051,0.0874887493151899
82.22,-2.178848476351346,-1.0189808311010236,-2.158258015526834,-1.0258089627921005,0.021693097043908777,-0.050904633786422404,-2.916620673621059,0.15288038518468383,0.08284619480991573
82.24,-2.175859694177628,-1.0196392183400222,-2.158258015526834,-1.0258089627921005,0.01865167118329507,-0.05410017813762377,-3.0997118781917683,0.1530470060858491,0.07858720530107277
82.26,-2.172866779142268,-1.0202936722687714,-2.158258015526834,-1.0258089627921005,0.015615197851079272,-0.0573705067602418,-3.287087905888613,0.1532054581936393,0.07461885771720134
82.28,-2.1698699438555193,-1.020944379386707,-2.158258015526834,-1.0258089627921005,0.012589720061167134,-0.06073440963126464,-3.4798253430901624,0.1533558864143636,0.07093770999833104
82.3,-2.1668693866291537,-1.0215915132015836,-2.158258015526834,-1.0258089627921005,0.009588670049095348,-0.06421227595544679,-3.679092405176477,0.15349886617936903,0.06752137906129718
82.32,-2.163865159990426,-1.022235272356267,-2.158258015526834,-1.0258089627921005,0.006649160275309895,-0.06782324089503974,-3.8859854561848652,0.15363493383713234,0.06434904376018125
82.34,-2.1608577040695596,-1.0228757419337284,-2.158258015526834,-1.0258089627921005,0.003919459799917274,-0.07159842437674843,-4.102287536574277,0.15376426639228669,0.061415520384855427
82.36,-2.157847038825083,-1.0235130904718073,-2.158258015526834,-1.0258089627921005,0.002332366086288979,-0.07556214239343462,-4.32939185011036,0.15388797749089633,0.058674456331342384
82.38,-2.1548331957869453,-1.0241474805796793,-2.158258015526834,-1.0258089627921005,0.0038065618861281734,-0.0797429906277011,-4.5689368087185525,0.154006148723429,0.05612442844360466
82.4,-2.1518165455827996,-1.0247789791290078,-2.158258015526834,-1.0258089627921005,0.0065232968187978095,-0.08418166605427982,-4.823254177289943,0.15411890758647573,0.0537619923102195
82.42,-2.148797200121458,-1.0254076967582195,-2.158258015526834,-1.0258089627921005,0.009469321124797953,-0.08891875850630607,-5.094669581954325,0.15422714030215445,0.05155038813375867
82.44,-2.1457750619345344,-1.026033790089293,-2.158258015526834,-1.0258089627921005,0.012484978081721658,-0.09399762437604584,-5.385667161003455,0.15433112571967555,0.04947917777831101
82.46,-2.142750350489543,-1.0266573378214736,-2.158258015526834,-1.0258089627921005,0.015530853650050275,-0.09947668231051286,-5.699594056356082,0.1544307054399674,0.04755699061997909
82.48,-2.1397230761566473,-1.0272784572765292,-2.158258015526834,-1.0258089627921005,0.018593100642342226,-0.10542106365491413,-6.0401820192065765,0.15452639607760332,0.04576295384972617
82.5,-2.1366935239769385,-1.027897192518167,-2.158258015526834,-1.0258089627921005,0.02166536404481462,-0.11191448610184349,-6.41222772001114,0.15461828079219586,0.0440949988045336
82.52,-2.1336616003588773,-1.0285136661332193,-2.158258015526834,-1.0258089627921005,0.024744677392884943,-0.11905120679805634,-6.821131695467804,0.15470697117718757,0.042527873008735284
82.54,-2.130627563586323,-1.0291279153499244,-2.158258015526834,-1.0258089627921005,0.027829073296068933,-0.1269538907357804,-7.273922131925218,0.15479234034767586,0.041068446301473216
82.56,-2.127591402038391,-1.0297400294627044,-2.158258015526834,-1.0258089627921005,0.03091754304627554,-0.1357700323874728,-7.779049840156687,0.15487491506940287,0.03969500739775533
82.58,-2.1245531880044433,-1.0303500761209186,-2.158258015526834,-1.0258089627921005,0.034009367953246064,-0.1456874840491469,-8.347277963895618,0.15495471711508557,0.038407758907732514
82.6,-2.1215129896794007,-1.0309581187555388,-2.158258015526834,-1.0258089627921005,0.037104052766030224,-0.15694672221943656,-8.992384791585815,0.15503191880821277,0.037200305578188875
82.62,-2.118470798274902,-1.0315642346215197,-2.08124532446485,-1.0458384359122788,0.03986839252932039,-0.05887737732810191,-3.373425229699479,0.15510668165505948,0.03606665967104128
82.64,-2.115503448265505,-1.0321516244691278,-2.08124532446485,-1.0458384359122788,0.03689102673850879,-0.062403863772616586,-3.5754780194802653,0.1504367904863635,0.11112249850619982
82.66,-2.1125472436314974,-1.0327301504208235,-2.08124532446485,-1.0458384359122788,0.03393578188344591,-0.06623399220699563,-3.7949282137632347,0.15063378914179637,0.10653452032438615
82.68,-2.1095858768334113,-1.0333032568976708,-2.08124532446485,-1.0458384359122788,0.030988991940420152,-0.07011460328268537,-4.017270850331979,0.15084777577927255,0.10110267491314495
82.7,-2.106619343401437,-1.0338712514700619,-2.08124532446485,-1.0458384359122788,0.028054488775743198,-0.07405496734317066,-4.243037080742818,0.1510516106844051,0.09603321492690498
82.72,-2.103647720827273,-1.0344344197450142,-2.08124532446485,-1.0458384359122788,0.025137998081039233,-0.07806920841323564,-4.473036152005621,0.15124519795230995,0.09133375616587891
82.74,-2.1006716433415007,-1.0349928976748515,-2.08124532446485,-1.0458384359122788,0.022248765465904128,-0.08218680282645266,-4.708956933629603,0.15142880535705672,0.08699597240591217
82.76,-2.0976909725587087,-1.0355469687614698,-2.08124532446485,-1.0458384359122788,0.019400351474734057,-0.08642006292790055,-4.9515048710236895,0.15160409863756996,0.08294971843625376
82.78,-2.094706107172079,-1.0360967904280178,-2.08124532446485,-1.0458384359122788,0.016616026234700588,-0.09079616294199008,-5.20223693255816,0.15177080732575732,0.07920991867638172
82.8,-2.0917172432121216,-1.0366425402871566,-2.08124532446485,-1.0458384359122788,0.013936483724297045,-0.09533977084601292,-5.46256648922095,0.15192997512381012,0.07573360307433497
82.82,-2.0887247098498003,-1.0371843486865076,-2.08124532446485,-1.0458384359122788,0.01143828795964951,-0.10008106101483785,-5.734222405341488,0.15208213759425604,0.07249991844870962
82.84,-2.0857287983490633,-1.0377223336729895,-2.08124532446485,-1.0458384359122788,0.009272143960757848,-0.10505228630231218,-6.019052633322477,0.15222810753705573,0.06947562474435287
82.86,-2.08272880895638,-1.038256822927806,-2.08124532446485,-1.0458384359122788,0.007725385536200524,-0.11026940128885776,-6.31797130328599,0.15236857093334777,0.06663282968055739
82.88,-2.0797258761882733,-1.0387877597210113,-2.08124532446485,-1.0458384359122788,0.00721254170312363,-0.11578993595453514,-6.634274640284969,0.15250212087272175,0.06403565246171361
82.9,-2.076719460703023,-1.0393154010703556,-2.08124532446485,-1.0458384359122788,0.007939359315433658,-0.12164381146881001,-6.969677001047893,0.152631231048872,0.061577759431497014
82.92,-2.0737100809448252,-1.0398397931993086,-2.08124532446485,-1.0458384359122788,0.00963138667606833,-0.1278875190748645,-7.327415095388547,0.15275487814685462,0.059305987424318474
82.94,-2.07069749218572,-1.0403611217247462,-2.08124532446485,-1.0458384359122788,0.0118851897964484,-0.13457165106867544,-7.7103876483422775,0.15287417165357198,0.05717362687729377
82.96,-2.0676822796552807,-1.0408793979534579,-2.08124532446485,-1.0458384359122788,0.014441199464844102,-0.14177071913766456,-8.12286386512275,0.15298873214426578,0.05519914398233183
82.98,-2.0646641962462327,-1.0413947835661213,-2.08124532446485,-1.0458384359122788,0.017166241847758737,-0.14955710736370179,-8.568991048125039,0.1530997227769504,0.05333320875822167
83.0,-2.0616435582533894,-1.0419073284870426,-2.08124532446485,-1.0458384359122788,0.019992069532629917,-0.15802699654631816,-9.054279951232466,0.15320676238133046,0.05159406310184522
83.02,-2.0586203436360493,-1.0424171373463267,-2.08124532446485,-1.0458384359122788,0.022882199225183548,-0.16728983673465825,-9.58500160032852,0.15331047225126682,0.04995596408208236
83.04,-2.05559463637886,-1.0429242914573875,-2.08124532446485,-1.0458384359122788,0.02581569362207279,-0.1774801147095895,-10.168861520357199,0.15341087561031586,0.04841925920540113
83.06,-2.052566611157863,-1.0434288475446407,-2.08124532446485,-1.0458384359122788,0.02877976221315615,-0.18876340453942542,-10.815346406629681,0.15350817514043769,0.04697639339523718
83.08,-2.0495361485146026,-1.0439309128665626,-2.08124532446485,-1.0458384359122788,0.03176649939187022,-0.20134048976371743,-11.535960308557963,0.15360270507374096,0.04561394398527874
83.1,-2.0465035065192367,-1.0444305215759633,-2.08124532446485,-1.0458384359122788,0.03477033415060238,-0.2154675478728804,-12.345381115149065,0.15369434169612006,0.044338511272501435
83.12,-2.0434685688004497,-1.0449277701728406,-2.08124532446485,-1.0458384359122788,0.0377877305565814,-0.23146447700626752,-13.261937639662017,0.15378352889277025,0.043131772086146825
83.14,-2.0404314046318954,-1.0454227214147362,-2.003250457059892,-1.0616211776881734,0.0405562923354011,-0.07545761558983555,-4.323402905418141,0.15387015445949004,0.04199969641405232
83.16,-2.0374622054512703,-1.0459026146291237,-2.003250457059892,-1.0616211776881734,0.03764992632975915,-0.07939711818335157,-4.549119777407451,0.14967935564369483,0.1093597805834623
83.18,-2.0345026529009784,-1.0463744465133413,-2.003250457059892,-1.0616211776881734,0.03477301477305655,-0.08363932254520128,-4.792180183173428,0.1498759030517327,0.10509913425660322
83.2,-2.0315379975678,-1.0468408111078977,-2.003250457059892,-1.0616211776881734,0.03191620566787135,-0.08795808589302269,-5.039627095719385,0.15008737951536233,0.10008636767144807
83.22,-2.028568414792892,-1.0473019604651441,-2.003250457059892,-1.0616211776881734,0.029086748970111202,-0.09236920043431708,-5.29236534188434,0.15028905608067689,0.09542156713782113
83.24,-2.025596031038968,-1.0477577497292092,-2.003250457059892,-1.0616211776881734,0.026296754766087473,-0.09693534012014615,-5.553985874549537,0.1504236258834446,0.09239073199718284
83.26,-2.022617015546016,-1.048209051337199,-2.003250457059892,-1.0616211776881734,0.02355734961431258,-0.1015874978199609,-5.820534876378211,0.15066911095482638,0.08687915213800856
83.28,-2.0196339251257283,-1.0486557496379143,-2.003250457059892,-1.0616211776881734,0.02089306943440141,-0.10640134463858,-6.096347982307564,0.15084371179030498,0.08317305273508602
83.3,-2.0166466078954075,-1.049098084638905,-2.003250457059892,-1.0616211776881734,0.018338067420764725,-0.11139506965069854,-6.382467349550872,0.15101116972653372,0.07971023405439759
83.32,-2.0136555746776774,-1.0495361678305866,-2.003250457059892,-1.0616211776881734,0.015947223454191566,-0.11660304389596239,-6.680862293617321,0.15117128275861091,0.07650230041678086
83.34,-2.010660817999377,-1.0499701811791768,-2.003250457059892,-1.0616211776881734,0.013807938619000693,-0.12205214361568029,-6.993072709703076,0.15132524973981987,0.07349899480812994
83.36,-2.0076623435845793,-1.0504003014353953,-2.003250457059892,-1.0616211776881734,0.012057064592465121,-0.12777341427079061,-7.320877371692945,0.15147314872168138,0.07069921303615168
83.38,-2.004660589663385,-1.0508266178287384,-2.003250457059892,-1.0616211776881734,0.010886275603637792,-0.13381016330226775,-7.666757613176273,0.1516151071040639,0.06809967358245572
83.4,-2.0016555373942544,-1.0512492802875557,-2.003250457059892,-1.0616211776881734,0.010493808861837475,-0.14020240053374047,-8.033005828186049,0.1517520863145272,0.06566021365617125
83.42,-1.9986473089113836,-1.0516684104998155,-2.003250457059892,-1.0616211776881734,0.010965698681924967,-0.14699879170272664,-8.422410358088941,0.15188413857947225,0.06338049293730386
83.44,-1.9956360190823779,-1.0520841224007047,-2.003250457059892,-1.0616211776881734,0.012203896478979443,-0.15425522629124053,-8.838173434323537,0.15201158348219224,0.061248359388699214
83.46,-1.9926218965257168,-1.052496501143405,-2.003250457059892,-1.0616211776881734,0.014008069855453888,-0.1620381155055957,-9.284100138723977,0.15213471984072413,0.05925246985505339
83.48,-1.9896047947818782,-1.0529056850507894,-2.003250457059892,-1.0616211776881734,0.01619147648974319,-0.1704191023428853,-9.764295312655367,0.15225402313738812,0.05737357378521324
83.5,-1.9865849329412504,-1.0533117525503057,-2.003250457059892,-1.0616211776881734,0.018622197514548532,-0.1794884607328098,-10.283931271289605,0.15236933395357255,0.055620272285672456
83.52,-1.9835623996214309,-1.0537147920836327,-2.003250457059892,-1.0616211776881734,0.0212162800468847,-0.1893509009595392,-10.849007471981245,0.15248110048986518,0.05397442230048455
83.54,-1.9805373842758782,-1.0541148688263464,-2.003250457059892,-1.0616211776881734,0.023921294865058125,-0.20013264367818343,-11.466755825555467,0.15258954308876582,0.052427762988749294
83.56,-1.9775097471252463,-1.0545120932577485,-2.003250457059892,-1.0616211776881734,0.026704367234190077,-0.21198164181272264,-12.145653410122948,0.1526950172788588,0.050965977809180885
83.58,-1.9744795698635262,-1.0549065427045174,-2.003250457059892,-1.0616211776881734,0.029544039551654876,-0.22508115174103588,-12.896200042705017,0.1527973877704092,0.04959628000844596
83.6,-1.97144712634796,-1.055298256795131,-2.003250457059892,-1.0616211776881734,0.03242577945080419,-0.23965790824861205,-13.73138666957899,0.15289685426997934,0.04831116402370661
83.62,-1.9684123773479147,-1.0556873141747314,-2.003250457059892,-1.0616211776881734,0.03533981514120085,-0.25598957194053334,-14.667122071553123,0.1529938621334992,0.04709218470955179
83.64,-1.965375383177564,-1.0560737771944868,-2.003250457059892,-1.0616211776881734,0.03827917023433462,-0.2744258910789581,-15.723445347941128,0.15308841219718872,0.045940346248274366
83.66,-1.9623361100942012,-1.056457719304644,-2.003250457059892,-1.0616211776881734,0.04123887838081178,-0.29541065753192713,-16.925783899763967,0.15318063844089735,0.044850774193472276
83.68,-1.9593537158731416,-1.0568306508929857,-1.9245441388345574,-1.0733628412373741,0.03853595686093981,-0.08858588061572065,-5.075597083730564,0.1494991465726514,0.10393270452269121
83.7,-1.956383002209229,-1.0571959973517457,-1.9245441388345574,-1.0733628412373741,0.03570826322034275,-0.09296075942624739,-5.326259175454959,0.1496822393793451,0.10034125108804304
83.72,-1.953407423444052,-1.0575559896731803,-1.9245441388345574,-1.0733628412373741,0.032908141163261385,-0.09742751858093912,-5.582185623120219,0.1498839993169021,0.09583697690440651
83.74,-1.9504273292155203,-1.0579108349526487,-1.9245441388345574,-1.0733628412373741,0.0301447183188094,-0.10200667430939829,-5.844551920094084,0.1500765741266008,0.09165695008750419
83.76,-1.9474431073529765,-1.0582607084510975,-1.9245441388345574,-1.0733628412373741,0.027430588289387443,-0.10672264529079012,-6.114757153634004,0.15026072403250268,0.08777061493270288
83.78,-1.9444547516469048,-1.0586058266669292,-1.9245441388345574,-1.0733628412373741,0.024783098708505726,-0.11159320445582523,-6.393819637659278,0.15043743116391894,0.08413748336377758
83.8,-1.9414624399741987,-1.0589463718747503,-1.9245441388345574,-1.0733628412373741,0.022227539277550667,-0.11664212770685373,-6.6831016310286815,0.15060679607072913,0.08075583892153126
83.82,-1.9384663389025327,-1.0592825142687656,-1.9245441388345574,-1.0733628412373741,0.01980109245157082,-0.121895347142058,-6.984088933521985,0.15076932224271644,0.07760612669160949
83.84,-1.9354662946457706,-1.0596144633583993,-1.9245441388345574,-1.0733628412373741,0.01755879784801632,-0.12737569185321682,-7.298089555748227,0.15092547941062406,0.07467014488504731
83.86,-1.932462932405166,-1.0599423066586853,-1.9245441388345574,-1.0733628412373741,0.015582619805144969,-0.13312354850439034,-7.627417483106669,0.15107511329857104,0.07195718862873512
83.88,-1.9294563681138883,-1.060266176820356,-1.9245441388345574,-1.0733628412373741,0.01398758790301969,-0.13917341639951944,-7.974049380109261,0.15121957026700272,0.06941020962214495
83.9,-1.9264464337500653,-1.0605862410825289,-1.9245441388345574,-1.0733628412373741,0.0129174392765114,-0.14555968712002137,-8.339955739221994,0.15135915478028394,0.06701777570117251
83.92,-1.923433526200688,-1.0609025862834773,-1.9245441388345574,-1.0733628412373741,0.012509652830459362,-0.15233141347344048,-8.727947079290423,0.1514936688189472,0.06479058650588065
83.94,-1.9204176120020748,-1.0612153412070473,-1.9245441388345574,-1.0733628412373741,0.012829262671174412,-0.1595370262824742,-9.140798282053462,0.15162391814884657,0.06269503450062608
83.96,-1.917398792361157,-1.0615246137724168,-1.9245441388345574,-1.0733628412373741,0.013827494557475159,-0.167234709329671,-9.58184303268724,0.15174993688473748,0.06073133661410601
83.98,-1.9143771627554886,-1.0618305052843309,-1.9245441388345574,-1.0733628412373741,0.015374074773013544,-0.17549173927579179,-10.054935999913095,0.15187198866772889,0.05888955857402678
84.0,-1.9113525780975846,-1.062133144065569,-1.9245441388345574,-1.0733628412373741,0.017324069188492934,-0.1843834575242942,-10.56439392817174,0.15199032031771864,0.05716041578396336
84.02,-1.9083255981879557,-1.0624325631167881,-1.9245441388345574,-1.0733628412373741,0.019557915034554042,-0.1940077589509445,-11.11582578068054,0.15210481406358056,0.05555066992957158
84.04,-1.9052961715484404,-1.062728854702543,-1.9245441388345574,-1.0733628412373741,0.021990132202203746,-0.2044712812776875,-11.71534144884382,0.15221639832878608,0.05402084597316836
84.06,-1.9022640388723908,-1.0630221381029858,-1.9245441388345574,-1.0733628412373741,0.024562837695137847,-0.2158995200140117,-12.370131295703118,0.15232505194955337,0.05257309644290942
84.08,-1.8992296016977122,-1.0633124537150143,-1.9245441388345574,-1.0733628412373741,0.027236667927672906,-0.2284512026412059,-13.089289736029023,0.1524304876935112,0.05122135642188219
84.1,-1.896192815735262,-1.0635998823693515,-1.9245441388345574,-1.0733628412373741,0.029985211143817848,-0.24231309874035012,-13.883517878558846,0.1525333359285952,0.04993910292405701
84.12,-1.8931537423675555,-1.0638844912110936,-1.9245441388345574,-1.0733628412373741,0.03279018312812935,-0.2577149446129988,-14.765978643772604,0.15263359881032557,0.04872733700755916
84.14,-1.8901123428952749,-1.0641663558727275,-1.9245441388345574,-1.0733628412373741,0.03563879788470084,-0.27493976955727994,-15.752888415931576,0.15273141701381832,0.04758093302248412
84.16,-1.887068869022189,-1.06444551552018,-1.9245441388345574,-1.0733628412373741,0.03852161140783626,-0.2943429234801085,-16.864607244952357,0.1528268081615991,0.04650015879903435
84.18,-1.8840232738115503,-1.0647220358559444,-1.9245441388345574,-1.0733628412373741,0.041431920301290726,-0.3163703091410952,-18.126683477033882,0.15292013271102078,0.04547009667343893
84.2,-1.8810300482372635,-1.0649899727228715,-1.8453679766264754,-1.0813604254035565,0.03923996779488382,-0.09193026835087927,-5.267216386010468,0.14977753112859205,0.09582441784061757
84.22,-1.8780429451078267,-1.0652516939452215,-1.8453679766264754,-1.0813604254035565,0.03642999855138684,-0.09622748105045939,-5.513428537366429,0.14995380396065627,0.09241544244309452
84.24,-1.875051695516852,-1.0655082910164904,-1.8453679766264754,-1.0813604254035565,0.033651349628038646,-0.10063132224425154,-5.765750051416573,0.15013965753833958,0.08850360880163777
84.26,-1.8720569592682132,-1.0657598991281536,-1.8453679766264754,-1.0813604254035565,0.030914045586440432,-0.1051687297655281,-6.025724352316636,0.15031783830607992,0.08485465487595434
84.28,-1.8690578277437022,-1.06600681703206,-1.8453679766264754,-1.0813604254035565,0.028230167126350077,-0.10983783799931653,-6.293244548202495,0.15048973698945645,0.08140972516779144
84.3,-1.8660550129865132,-1.0662491832279446,-1.8453679766264754,-1.0813604254035565,0.025618413562348393,-0.11467126785834285,-6.570179679697215,0.15065358991916966,0.07824921158916531
84.32,-1.8630486692055082,-1.066487161580867,-1.8453679766264754,-1.0813604254035565,0.023104563765922594,-0.11969250132385556,-6.857875165220943,0.15081103649707828,0.07530361121443896
84.34,-1.860038785880686,-1.0667209246571938,-1.8453679766264754,-1.0813604254035565,0.020725530783943298,-0.12492438405288753,-7.157639964501861,0.1509625273996562,0.07255544001827374
84.36,-1.8570257994854964,-1.066950585707125,-1.8453679766264754,-1.0813604254035565,0.01853505634977033,-0.1304003412386287,-7.471389200039167,0.15110818791450598,0.07000147725144679
84.38,-1.8540096761082325,-1.0671762899699198,-1.8453679766264754,-1.0813604254035565,0.01660929462478011,-0.13614874805603366,-7.8007486496007,0.1512489570583142,0.06760245951920041
84.4,-1.8509905281093564,-1.0673981636859236,-1.8453679766264754,-1.0813604254035565,0.015051838341190242,-0.14220431480996726,-8.147707067160832,0.15138488168293662,0.06535825878284385
84.42,-1.8479684613062162,-1.0676163252032456,-1.8453679766264754,-1.0813604254035565,0.013987952347851088,-0.14860613768234193,-8.514504498938217,0.15151627146110513,0.06325711803922829
84.44,-1.8449434481784823,-1.0678308998722934,-1.8453679766264754,-1.0813604254035565,0.01353618430371923,-0.15539671314813935,-8.903575813593493,0.15164341604005926,0.06128806021798994
84.46,-1.8419159603001027,-1.0680419558563081,-1.8453679766264754,-1.0813604254035565,0.013758562708310981,-0.16263186186403977,-9.318119299164085,0.1517663859728735,0.0594497031236596
84.48,-1.8388858253641676,-1.068249608088486,-1.8453679766264754,-1.0813604254035565,0.014625724448949232,-0.170365886782044,-9.761246285614739,0.1518860207206707,0.05770662238169244
84.5,-1.8358530081873865,-1.0684539616858455,-1.8453679766264754,-1.0813604254035565,0.01603469457437368,-0.1786643703240502,-10.236714368930468,0.15200213119896944,0.05606855701945079
84.52,-1.8328175957322406,-1.0686551079349846,-1.8453679766264754,-1.0813604254035565,0.017858811622489687,-0.1876056806939839,-10.749013716444226,0.1521147597329353,0.05453509992592309
84.54,-1.8297799963652044,-1.0688530992000331,-1.8453679766264754,-1.0813604254035565,0.019985453144402757,-0.1972851442662937,-11.303606127088202,0.1522241366240351,0.05309753166704567
84.56,-1.8267399422815418,-1.069048037064002,-1.8453679766264754,-1.0813604254035565,0.022329320862489812,-0.2078070657763064,-11.906467821979847,0.1523309067155587,0.05172868360436844
84.58,-1.8236976079372447,-1.0692399883388441,-1.8453679766264754,-1.0813604254035565,0.02482961686709737,-0.21930122273262712,-12.56503450463796,0.15243477473685374,0.050442719554677495
84.6,-1.820652952908065,-1.0694290316361506,-1.8453679766264754,-1.0813604254035565,0.02744431734684762,-0.23192102778985985,-13.288096072695248,0.15253604596585646,0.04922736253409887
84.62,-1.8176062378376385,-1.0696152167138866,-1.8453679766264754,-1.0813604254035565,0.03014405526374163,-0.24585491543960344,-14.086449027235018,0.15263474376236985,0.04808268968314877
84.64,-1.8145575094414295,-1.0697986027589936,-1.8453679766264754,-1.0813604254035565,0.032908367188681995,-0.2613305067613061,-14.973135095437863,0.15273125254351427,0.04699277876052399
84.66,-1.8115068117993227,-1.0699792463645939,-1.8453679766264754,-1.0813604254035565,0.03572267794788806,-0.2786284162475837,-15.96423230340088,0.1528256740660261,0.04595405780016826
84.68,-1.8084539106644284,-1.0701572248945848,-1.8453679766264754,-1.0813604254035565,0.038576676470305014,-0.2980968200393353,-17.079689674524737,0.1529181015414771,0.04496328956604678
84.7,-1.8053990437411218,-1.0703325816711524,-1.8453679766264754,-1.0813604254035565,0.04146237973609603,-0.32017734532591646,-18.344810582877727,0.15300832535229958,0.04403060949509374
84.72,-1.8023881820859686,-1.0705018408298386,-1.7659207816501483,-1.0859670245140653,0.039611149957219635,-0.09078606511968312,-5.201658369957698,0.1503876958932615,0.08602412295277695
84.74,-1.799382181974838,-1.0706657254546768,-1.7659207816501483,-1.0859670245140653,0.03679395418535472,-0.0948671424116092,-5.435486874651742,0.15054714607920516,0.08310616157913842
84.76,-1.7963727695101632,-1.0708248418533775,-1.7659207816501483,-1.0859670245140653,0.03400895853089495,-0.09906304337248736,-5.675894290964947,0.15071423379069415,0.07978014784359999
84.78,-1.7933597112218658,-1.070979394564252,-1.7659207816501483,-1.0859670245140653,0.031265378736778655,-0.1033826769332343,-5.923391063038815,0.15087512449243334,0.07665855410343703
84.8,-1.7903433213870334,-1.0711295428741756,-1.7659207816501483,-1.0859670245140653,0.028576411751894223,-0.10784831197693145,-6.17925310388838,0.15102937807931482,0.07376314164808662
84.82,-1.7873235861877612,-1.071275456444073,-1.7659207816501483,-1.0859670245140653,0.025960011834174557,-0.11247780861761578,-6.444503722669585,0.15117777298634394,0.07106202859041844
84.84,-1.784300930079024,-1.071417259554781,-1.7659207816501483,-1.0859670245140653,0.023441960597141157,-0.11729873723870535,-6.72072258599184,0.15132043726628908,0.06855184198184539
84.86,-1.7812751785337508,-1.0715551068816072,-1.7659207816501483,-1.0859670245140653,0.021058510714291788,-0.12233050910216509,-7.009021877240761,0.15145829400715627,0.06619400994001268
84.88,-1.778246584902988,-1.0716891193637033,-1.7659207816501483,-1.0859670245140653,0.018862237441789626,-0.12760253704579905,-7.3110868278860215,0.15159115359315578,0.06399883741514678
84.9,-1.7752156334313505,-1.071819383554692,-1.7659207816501483,-1.0859670245140653,0.01692778822970836,-0.13315053777940508,-7.6289638546571314,0.15171959030295668,0.06194294087769059
84.92,-1.7721817612109454,-1.0719460471138889,-1.7659207816501483,-1.0859670245140653,0.015355379263208666,-0.13899799358114515,-7.963998392986125,0.1518445041340577,0.059988316231107675
84.94,-1.7691451981692456,-1.0720692171305988,-1.7659207816501483,-1.0859670245140653,0.01426695174017792,-0.14518502804889433,-8.318489355690122,0.1519650671538031,0.05817298695420803
84.96,-1.766106271859181,-1.0721889783919558,-1.7659207816501483,-1.0859670245140653,0.013779294668473583,-0.15175804726070355,-8.695095615185197,0.15208177619445706,0.056476795478044295
84.98,-1.7630649361869757,-1.0723054282299416,-1.7659207816501483,-1.0859670245140653,0.013956900312745246,-0.15876436926976922,-9.09652829621428,0.15219523864287154,0.05487448303420628
85.0,-1.7600212629665757,-1.0724186545235135,-1.7659207816501483,-1.0859670245140653,0.014777098839038365,-0.16626036532968747,-9.52601723369429,0.15230546830267144,0.05336679025802482
85.02,-1.7569753202689884,-1.0725287400940768,-1.7659207816501483,-1.0859670245140653,0.016143381537779795,-0.17431131637407687,-9.987302749604245,0.15241265419110306,0.05194671158337272
85.04,-1.7539271721391982,-1.072635763086532,-1.7659207816501483,-1.0859670245140653,0.017932350664382833,-0.1829933006664078,-10.48474380735368,0.15251697363822814,0.05060768581532926
85.06,-1.750876878895974,-1.0727397973089474,-1.7659207816501483,-1.0859670245140653,0.020031938239043735,-0.19239560242081188,-11.023456015589485,0.15261859071831196,0.04934366783837518
85.08,-1.7478246952450105,-1.0728409000952401,-1.7659207816501483,-1.0859670245140653,0.022355390523108594,-0.20262562235921883,-11.609592982394885,0.1527176572595046,0.04814908830419462
85.1,-1.7447702749331124,-1.0729391554680137,-1.7659207816501483,-1.0859670245140653,0.02484087974022764,-0.2138052834703122,-12.250140380447071,0.15281455272582178,0.0470082454828713
85.12,-1.7417138704415966,-1.073034621128807,-1.7659207816501483,-1.0859670245140653,0.02744488308551785,-0.2260875199661225,-12.953860694638552,0.15290891146966246,0.04593823239473771
85.14,-1.7386553464599943,-1.0731273676351116,-1.7659207816501483,-1.0859670245140653,0.030137364597418802,-0.23965393011629763,-13.731158739387029,0.15300110893905483,0.04492353189777809
85.16,-1.7355951203747209,-1.073217434762994,-1.7659207816501483,-1.0859670245140653,0.032896774471254574,-0.25473082907244055,-14.595001417719214,0.15309105747229879,0.04396896293390462
85.18,-1.7325330478881613,-1.0733048808899297,-1.7659207816501483,-1.0859670245140653,0.0357081313837558,-0.27159272783974747,-15.561117051662746,0.15317928177003282,0.04305225821732428
85.2,-1.729469255579918,-1.0733897524546854,-1.7659207816501483,-1.0859670245140653,0.03856036210027517,-0.29058410357702075,-16.649242728555656,0.15326566129703068,0.04217949558849021
85.22,-1.7264037775625967,-1.0734720961200688,-1.7659207816501483,-1.0859670245140653,0.04144534771993928,-0.3121386532218027,-17.88422745250687,0.1533503693939231,0.04134379110287689
85.24,-1.7233736709982126,-1.0735502416455893,-1.686355185514198,-1.087574801942829,0.03958606521316698,-0.08649922725851775,-4.956040653056033,0.15123901382665395,0.07526217923770062
85.26,-1.7203473989611795,-1.07362380233067,-1.686355185514198,-1.087574801942829,0.03674372007845166,-0.09027043971751902,-5.172115210603959,0.15137936266205188,0.07283454931061861
85.28,-1.7173181152585089,-1.0736930797310489,-1.686355185514198,-1.087574801942829,0.03393236257492482,-0.0941538932871687,-5.3946207100798995,0.15152576005101892,0.07007857224627934
85.3,-1.7142859033234548,-1.0737582267983579,-1.686355185514198,-1.087574801942829,0.03116123787758037,-0.09816417612108863,-5.624392991117275,0.15166674398896518,0.06750016376622092
85.32,-1.7112508766612657,-1.0738193863442564,-1.686355185514198,-1.087574801942829,0.028443046531263835,-0.10231878476456349,-5.862434531916956,0.15180251783979415,0.06509240799590366
85.34,-1.7082131415611945,-1.0738766920683402,-1.686355185514198,-1.087574801942829,0.02579551233617968,-0.10663673324549232,-6.1098347560291035,0.15193342498207585,0.06284219799423951
85.36,-1.70517279717207,-1.0739302692301103,-1.686355185514198,-1.087574801942829,0.023243833191944348,-0.11113881127714861,-6.367784826281574,0.15205978444159385,0.060737388226650424
85.38,-1.7021299360654296,-1.0739802352681664,-1.686355185514198,-1.087574801942829,0.020824384697402908,-0.1158479127500982,-6.637596465980425,0.15218189066192878,0.05876680867045181
85.4,-1.699084644757884,-1.0740267003737356,-1.686355185514198,-1.087574801942829,0.018590056179665918,-0.1207894229140016,-6.920724142793089,0.15230001545267768,0.05692018493319573
85.42,-1.6960371185107093,-1.074069762008953,-1.686355185514198,-1.087574801942829,0.0166170373461854,-0.12599329958348304,-7.218884313060971,0.1524144098102198,0.055188063883271354
85.44,-1.6929872014720933,-1.0741095243740444,-1.686355185514198,-1.087574801942829,0.015009907916779254,-0.13148805856292062,-7.533710812024355,0.15252547878619183,0.053554096642871585
85.46,-1.6899350817514305,-1.0741460784614913,-1.686355185514198,-1.087574801942829,0.013897707415526563,-0.13731138124796619,-7.867362624620257,0.1526330771702611,0.052026068831922956
85.48,-1.686880722164978,-1.074179515398312,-1.686355185514198,-1.087574801942829,0.013405591757958038,-0.14350295481221165,-8.222113658396294,0.15273758771678914,0.050588531229633915
85.5,-1.6838243967725586,-1.0742099105063854,-1.686355185514198,-1.087574801942829,0.01360239739026674,-0.1501123543864824,-8.600804359117571,0.15283905228704597,0.04924093468861024
85.52,-1.6807659589370954,-1.074237345100223,-1.686355185514198,-1.087574801942829,0.014461231232456385,-0.15719118068146348,-9.006391229726217,0.1529379384349383,0.04796391126937749
85.54,-1.677705663566787,-1.0742618865808573,-1.686355185514198,-1.087574801942829,0.015876017931262486,-0.16480443007134754,-9.442598288147122,0.15303412166272068,0.04676405216841317
85.56,-1.6746434621499091,-1.0742836035564294,-1.686355185514198,-1.087574801942829,0.01771497724266857,-0.1730242138064604,-9.91355720467937,0.15312800972431262,0.04562449037459615
85.58,-1.6715794952279424,-1.0743025574274763,-1.686355185514198,-1.087574801942829,0.019861356900037406,-0.18193757366514926,-10.424255105863566,0.1532196005746833,0.04454629184746928
85.6,-1.6685135349936864,-1.0743188162159327,-1.686355185514198,-1.087574801942829,0.02222713771243959,-0.19164406584157337,-10.98039614144942,0.15330912443811684,0.043520263124374736
85.62,-1.6654460741183896,-1.0743324292078296,-1.686355185514198,-1.087574801942829,0.02474977525180752,-0.20226965281559095,-11.58919742990981,0.15339637017026675,0.04255661890328888
85.64,-1.6623767114982595,-1.0743434569435786,-1.686355185514198,-1.087574801942829,0.0273867797782476,-0.2139574809731734,-12.25886065501345,0.15348196523037316,0.04162860794632017
85.66,-1.659305663924363,-1.0743519525853953,-1.686355185514198,-1.087574801942829,0.030108476603248058,-0.22688750903977475,-12.999696692215407,0.15356550084941745,0.04075499810740624
85.68,-1.656232887980659,-1.0743579684922417,-1.686355185514198,-1.087574801942829,0.03289433834506512,-0.2412781711395883,-13.824220894933594,0.153647272929458,0.03992360211868551
85.7,-1.6531585044465489,-1.074361552116923,-1.686355185514198,-1.087574801942829,0.03572967401011412,-0.257401314907024,-14.748008985290317,0.1537272864124084,0.039134966042242425
85.72,-1.6500826257556724,-1.0743627464602976,-1.686355185514198,-1.087574801942829,0.0386038469781096,-0.2755970284513409,-15.790546576608703,0.1538057140720639,0.03838221005247888
85.74,-1.6470052799195756,-1.0743615927639667,-1.686355185514198,-1.087574801942829,0.0415090829471102,-0.29629571677224487,-16.97649405885323,0.1538827043185087,0.03765945151390504
85.76,-1.643956153118938,-1.0743575575122528,-1.606778224119142,-1.0866091426275717,0.03914460042651828,-0.08004811178034527,-4.58641896300523,0.1522047977040586,0.06477581605768279
85.78,-1.640910125002207,-1.074349634803078,-1.606778224119142,-1.0866091426275717,0.036266819408244076,-0.08346479490509737,-4.782180485987095,0.15232621442278216,0.06278078427013334
85.8,-1.6378613488944038,-1.0743379304371266,-1.606778224119142,-1.0866091426275717,0.03341770929338855,-0.0869864962294974,-4.98395910858085,0.15245257400424705,0.060515277250372534
85.82,-1.6348101495202625,-1.074322575130608,-1.606778224119142,-1.0866091426275717,0.03060634872949452,-0.09063122324397807,-5.1927865839879095,0.15257405766018195,0.058411298571314774
85.84,-1.6317567338288492,-1.0743036842241604,-1.606778224119142,-1.0866091426275717,0.027845111848150743,-0.0944169325804366,-5.4096917514302545,0.1526913010533093,0.05644273266325328
85.86,-1.6287009468369327,-1.0742813735043313,-1.606778224119142,-1.0866091426275717,0.025151136414028233,-0.09835716361447419,-5.635450359987076,0.15280477708845552,0.05459044429834137
85.88,-1.6256430964498623,-1.0742557464914673,-1.606778224119142,-1.0866091426275717,0.022549718493806006,-0.1024747784958354,-5.871372314349335,0.1529143284359158,0.052862906564365986
85.9,-1.6225830335398024,-1.0742269046289967,-1.606778224119142,-1.0866091426275717,0.020077644749241636,-0.10678761696804732,-6.118479756528728,0.15302057251096457,0.05123451312649685
85.92,-1.6195211443754616,-1.0741949370116606,-1.606778224119142,-1.0866091426275717,0.017790292795034038,-0.11132394153718737,-6.378392008841955,0.15312336721535758,0.049712895364706355
85.94,-1.6164571765303801,-1.0741599310942564,-1.606778224119142,-1.0866091426275717,0.015769114990393168,-0.1161056968079482,-6.652366404520986,0.15322340165351278,0.04826911015998192
85.96,-1.6133911980658129,-1.074121974557855,-1.606778224119142,-1.0866091426275717,0.01413013767875959,-0.12116297974646091,-6.942127372701283,0.15332037300943568,0.04691765085773625
85.98,-1.6103234626153056,-1.0740811448103806,-1.606778224119142,-1.0866091426275717,0.013019963337207374,-0.1265322891019961,-7.249766137673558,0.15341447860404145,0.04565111162202484
86.0,-1.6072539246226607,-1.0740375137315332,-1.606778224119142,-1.0866091426275717,0.012580625742337197,-0.13225101691072608,-7.577425105297883,0.1535061607886412,0.04445120054596963
86.02,-1.6041827232536983,-1.0739911494646421,-1.606778224119142,-1.0866091426275717,0.012882172805946049,-0.1383646060678908,-7.927707961680364,0.15359542316275565,0.043318782394496935
86.04,-1.6011097254877393,-1.0739421175737214,-1.606778224119142,-1.0866091426275717,0.013877514202806094,-0.14492237713396097,-8.30344056677919,0.1536825136951414,0.04224395051655172
86.06,-1.5980349822233038,-1.0738904838365417,-1.606778224119142,-1.0866091426275717,0.015434006618237012,-0.1519843173155144,-8.708059934356053,0.1537673240465942,0.04123240216924451
86.08,-1.5949586247954957,-1.073836308784201,-1.606778224119142,-1.0866091426275717,0.01740253465912057,-0.15962151299844218,-9.145639014303347,0.15384999115957143,0.04027907878012549
86.1,-1.5918807738369372,-1.0737796469628316,-1.606778224119142,-1.0866091426275717,0.01966036581354348,-0.16791742265442097,-9.620959624812759,0.15393073998231088,0.03937498017747565
86.12,-1.5888014618287287,-1.073720548789985,-1.606778224119142,-1.0866091426275717,0.022119670737972122,-0.17697026097596172,-10.13964905325134,0.15400976117323495,0.03851251693776092
86.14,-1.5857204874563102,-1.0736590642221804,-1.606778224119142,-1.0866091426275717,0.024721100381393822,-0.18689597134824965,-10.708350366252663,0.1540871311922487,0.037689055638612246
86.16,-1.5826381212908418,-1.073595244505359,-1.606778224119142,-1.0866091426275717,0.02742455303001742,-0.19783920118964538,-11.335351250406255,0.15416267399546157,0.036913071680411136
86.18,-1.5795543174458886,-1.073529133380253,-1.606778224119142,-1.0866091426275717,0.030203108059667482,-0.20997346565929792,-12.030593392012896,0.1542367329351535,0.03617020539525839
86.2,-1.5764691064966128,-1.0734607744638223,-1.606778224119142,-1.0866091426275717,0.03303819299577095,-0.22351348263125245,-12.806379219041396,0.15430929620574574,0.035461616465504164
86.22,-1.57338258900081,-1.073390209298702,-1.606778224119142,-1.0866091426275717,0.03591669031675763,-0.23872726176913378,-13.678064554086177,0.15438043201543294,0.03478493921238446
86.24,-1.5702946495949812,-1.073317475883962,-1.606778224119142,-1.0866091426275717,0.038829365368019696,-0.255951623413638,-14.66494778112328,0.15445027256539845,0.03413495364368302
86.26,-1.5672053872158525,-1.0732426144455718,-1.5272556961352068,-1.0834883487747327,0.041242610118453475,-0.06960277663943884,-3.987945343831605,0.15451873746679112,0.033515765486269444
86.28,-1.564147901092887,-1.0731658020890498,-1.5272556961352068,-1.0834883487747327,0.03830913411599873,-0.07263146247265942,-4.161476259546207,0.1526408719516148,0.06394918027452512
86.3,-1.5610940084423999,-1.0730852404286984,-1.5272556961352068,-1.0834883487747327,0.03540135651438318,-0.07584492589915122,-4.345594151503835,0.15275964028331757,0.061891394002033806
86.32,-1.5580377441587145,-1.0730008878676254,-1.5272556961352068,-1.0834883487747327,0.032519552838248526,-0.0791562403649427,-4.535318495034304,0.1528838346285255,0.059543001573736376
86.34,-1.5549793012158266,-1.0729128779222727,-1.5272556961352068,-1.0834883487747327,0.029672190050911235,-0.08258081458664036,-4.731532144566879,0.1530033903108574,0.05734631843834492
86.36,-1.5519186412871127,-1.0728213349480489,-1.5272556961352068,-1.0834883487747327,0.026870914527506826,-0.08613160275321077,-4.934977320456359,0.15311874195287345,0.05528402910126573
86.38,-1.548855848001916,-1.0727263798447078,-1.5272556961352068,-1.0834883487747327,0.024132686048505162,-0.08982534894008753,-5.146613387556938,0.1532299286981953,0.05335609591039514
86.4,-1.5457908927577668,-1.0726281273273395,-1.5272556961352068,-1.0834883487747327,0.021482502734164327,-0.09367870467191691,-5.367394407953307,0.15333721927044408,0.05155237541409896
86.42,-1.5427239632496221,-1.0725266872756198,-1.5272556961352068,-1.0834883487747327,0.018958515510029625,-0.09771396194366481,-5.598597618873936,0.15344068476608186,0.049871329130812825
86.44,-1.53965512793512,-1.072422158512672,-1.5272556961352068,-1.0834883487747327,0.016619460757702792,-0.10195373148394014,-5.841518519639834,0.15354076363420788,0.04829523509441991
86.46,-1.5365845474567614,-1.0723146332206666,-1.5272556961352068,-1.0834883487747327,0.014556077296540076,-0.10642473333845297,-6.097688056098582,0.15363766932283696,0.04681609931833641
86.48,-1.533512084979584,-1.0722041953896175,-1.5272556961352068,-1.0834883487747327,0.012902500493735793,-0.11115262735164849,-6.368576429039855,0.15373174526231992,0.045420124732409306
86.5,-1.530437987030275,-1.072090931146104,-1.5272556961352068,-1.0834883487747327,0.011833347114920977,-0.11617251700592685,-6.656194919851391,0.15382286470648765,0.044114068601386336
86.52,-1.5273621218856621,-1.071974914181857,-1.5272556961352068,-1.0834883487747327,0.011513926461671702,-0.12151894907404336,-6.962522912807867,0.1539114846615064,0.04287906076649861
86.54,-1.5242847182752475,-1.071856221602633,-1.5272556961352068,-1.0834883487747327,0.012005544218912638,-0.127236860112552,-7.290135082945678,0.15399748978541794,0.0417212286674129
86.56,-1.5212058165396742,-1.0717349190572947,-1.5272556961352068,-1.0834883487747327,0.013219082919900153,-0.1333754077156788,-7.641847952944991,0.15408127959180007,0.04062409636240716
86.58,-1.5181253727756256,-1.0716110681855304,-1.5272556961352068,-1.0834883487747327,0.014981074689258916,-0.13999103237654756,-8.020895324855438,0.15416296663754991,0.03958364833689387
86.6,-1.5150432692927058,-1.0714847298849937,-1.5272556961352068,-1.0834883487747327,0.017123966708491877,-0.14714962770360732,-8.431052624338035,0.15424255011309285,0.03860080905915275
86.62,-1.5119599446184668,-1.071355972713198,-1.5272556961352068,-1.0834883487747327,0.019523180154891576,-0.15493544497144654,-8.8771470938453,0.15431994829961937,0.0376800729540161
86.64,-1.5088750426563184,-1.0712248387693304,-1.5272556961352068,-1.0834883487747327,0.022096201030122206,-0.1634399039265935,-9.36441669901746,0.15439576881428607,0.036795636336739435
86.66,-1.505788681730583,-1.071091387547811,-1.5272556961352068,-1.0834883487747327,0.024789460565129835,-0.17277877971250125,-9.899494866946892,0.15446962541814102,0.035965164780771275
86.68,-1.5027010448076792,-1.0709556732475474,-1.5272556961352068,-1.0834883487747327,0.027568076786133714,-0.18309288165049184,-10.490449377461458,0.1545417218419054,0.03518054193185627
86.7,-1.4996121590071307,-1.0708177407000616,-1.5272556961352068,-1.0834883487747327,0.030409035728435067,-0.19455304962549072,-11.14706863493988,0.1546123183130632,0.03443106809886132
86.72,-1.4965218424138511,-1.0706776289752717,-1.5272556961352068,-1.0834883487747327,0.03329691136345819,-0.2073696477048467,-11.881405612602455,0.1546814802391161,0.03371450701838974
86.74,-1.4934303346197615,-1.070535389218917,-1.5272556961352068,-1.0834883487747327,0.03622063283413426,-0.22180994173633983,-12.708773515534963,0.15474905256400717,0.03303830295786625
86.76,-1.4903376590944737,-1.0703910601868716,-1.5272556961352068,-1.0834883487747327,0.03917244474493086,-0.23821123730427954,-13.648498530124531,0.1548153320318768,0.03239007517197301
86.78,-1.4872437728780448,-1.0702446775468817,-1.4478199899307937,-1.0786233062654467,0.04030429358114991,-0.06545729667771666,-3.75042683796887,0.1548803714730873,0.03176805307592012
86.8,-1.4841908276678315,-1.0700974229117577,-1.4478199899307937,-1.0786233062654467,0.03735677347757218,-0.0685036133153089,-3.9249679243633886,0.15246197569709352,0.07104071754637786
86.82,-1.481143124804227,-1.0699461582004588,-1.4478199899307937,-1.0786233062654467,0.034434346463012036,-0.0717543975992013,-4.111224143937881,0.15259227532737896,0.06855319742316013
86.84,-1.4780927601192866,-1.0697906381783668,-1.4478199899307937,-1.0786233062654467,0.03153500658667791,-0.07508924188407379,-4.302296646794398,0.1527301279789839,0.0656756499783917
86.86,-1.475040216369384,-1.0696310382172716,-1.4478199899307937,-1.0786233062654467,0.02866708237715104,-0.07852951079791991,-4.499409535947836,0.1528620547883719,0.06300109418821975
86.88,-1.471985189236889,-1.0694675007319363,-1.4478199899307937,-1.0786233062654467,0.025841548569518077,-0.08208268665922652,-4.702991516668467,0.15298912679888588,0.06048462318775094
86.9,-1.468927912563168,-1.0693001836300031,-1.4478199899307937,-1.0786233062654467,0.02307520343420221,-0.08576865134835797,-4.914181736789949,0.1531108509873036,0.05814982407592595
86.92,-1.4658685965542233,-1.06912922720631,-1.4478199899307937,-1.0786233062654467,0.020393374861175942,-0.08960831888415353,-5.134178481324432,0.15322785107638737,0.05597136393031832
86.94,-1.4628074281528016,-1.0689547576318332,-1.4478199899307937,-1.0786233062654467,0.017835474121509945,-0.09362390901556968,-5.364254848108961,0.15334066518830625,0.0539274504973708
86.96,-1.459743920528931,-1.0687768769216661,-1.4478199899307937,-1.0786233062654467,0.015463902862190343,-0.09782831122585012,-5.605149350133504,0.15344974643793918,0.05199984235537691
86.98,-1.4566783912196968,-1.0685957227086236,-1.4478199899307937,-1.0786233062654467,0.013379974042736695,-0.10225154240909325,-5.8585818287439935,0.15355432440484762,0.05022388750108853
87.0,-1.4536111239025595,-1.0684114100639441,-1.4478199899307937,-1.0786233062654467,0.011739678731089775,-0.10692591208912064,-6.12640348329348,0.15365512737064435,0.04856942773634465
87.02,-1.4505422718436096,-1.0682240360066302,-1.4478199899307937,-1.0786233062654467,0.010749680959393609,-0.11188515444525396,-6.410547139882433,0.15375276256506254,0.04701131191664487
87.04,-1.447471499679627,-1.068033676478292,-1.4478199899307937,-1.0786233062654467,0.010595362404568823,-0.11716039096025979,-6.712795928125568,0.15384756424658974,0.04553615332802963
87.06,-1.4443990637693294,-1.0678404343028134,-1.4478199899307937,-1.0786233062654467,0.01131251800284686,-0.12279739338908101,-7.035772376402019,0.1539390791012174,0.044165038907140186
87.08,-1.4413250184455983,-1.067644392485017,-1.4478199899307937,-1.0786233062654467,0.012756222104981181,-0.12884568803308316,-7.382314132754923,0.15402782051356922,0.04287678005976403
87.1,-1.4382494136753745,-1.0674456290543592,-1.4478199899307937,-1.0786233062654467,0.014715175761643407,-0.13536300124352202,-7.755728673477926,0.15411396055098336,0.04166497478697018
87.12,-1.4351721289258625,-1.0672442129479922,-1.4478199899307937,-1.0786233062654467,0.017013293412135,-0.14241517049002875,-8.159788207714715,0.15419765404285357,0.0405239100542687
87.14,-1.4320935466213054,-1.0670402296335308,-1.4478199899307937,-1.0786233062654467,0.019531735289712113,-0.15008673680548495,-8.599336579845083,0.15427881596981052,0.03945836401619829
87.16,-1.4290135378411302,-1.066833732325327,-1.4478199899307937,-1.0786233062654467,0.022196321629728684,-0.15847169233885738,-9.07975914331219,0.1543580523619248,0.038442756168377556
87.18,-1.4259321409423567,-1.0666247827887012,-1.4478199899307937,-1.0786233062654467,0.024960819276671164,-0.16768583451863106,-9.607690602046693,0.15443524255713825,0.0374832104077516
87.2,-1.4228493928530577,-1.0664134394986868,-1.4478199899307937,-1.0786233062654467,0.02779589115104367,-0.1778701340823206,-10.19120798434303,0.15451049684127582,0.03657574736859459
87.22,-1.4197653284625023,-1.066199757817833,-1.4478199899307937,-1.0786233062654467,0.030682382341184696,-0.18919792506886773,-10.840242599078517,0.15458392057512427,0.03571656036371884
87.24,-1.4166801240785665,-1.0659837961806389,-1.4478199899307937,-1.0786233062654467,0.03360726797106049,-0.20188583277299063,-11.56720616137628,0.15465561145129314,0.03490213613566162
87.26,-1.4135935218874767,-1.0657655873918148,-1.4478199899307937,-1.0786233062654467,0.03656189340493123,-0.21620273348424865,-12.387504147839211,0.1547258229368076,0.03412207013053781
87.28,-1.4105056284757396,-1.065545187304192,-1.4478199899307937,-1.0786233062654467,0.039539837712908796,-0.2324952312623748,-13.320995508252112,0.15479430109754944,0.03338815869891043
87.3,-1.407416610471761,-1.0653226489535643,-1.3684813837396161,-1.0723661334607657,0.03956719038151063,-0.06584919276646688,-3.7728808298619416,0.15486122419652304,0.03269331415811649
87.32,-1.4043787955862215,-1.065100724741355,-1.3684813837396161,-1.0723661334607657,0.03662526916139851,-0.06909849692915027,-3.9590522447379897,0.15183513156067363,0.08197499596906965
87.34,-1.401347997916977,-1.0648744127281486,-1.3684813837396161,-1.0723661334607657,0.03370964560803063,-0.07258017474888791,-4.158537689433267,0.15198413488839435,0.07892595796477053
87.36,-1.398314259500068,-1.0646431506768097,-1.3684813837396161,-1.0723661334607657,0.030816309630126593,-0.07613956880108312,-4.36247594624802,0.15214290151615018,0.07537991869810412
87.38,-1.3952781354912336,-1.0644071654882894,-1.3684813837396161,-1.0723661334607657,0.027953730978613856,-0.07980086097476895,-4.572252535364497,0.15229437056154538,0.07208950897230615
87.4,-1.39224000803259,-1.0641666471291593,-1.3684813837396161,-1.0723661334607657,0.025133718475324952,-0.08358611251804808,-4.789131473189773,0.15243986574429158,0.06899903304713462
87.42,-1.3891985302145764,-1.0639216974236165,-1.3684813837396161,-1.0723661334607657,0.022372050823526703,-0.08748317498733554,-5.012416705178776,0.1525803361918321,0.0660689860354502
87.44,-1.3861548452283712,-1.0636725792520516,-1.3684813837396161,-1.0723661334607657,0.019695916474598434,-0.09153386360879032,-5.2445040673098,0.1527130601728821,0.06342102632950208
87.46,-1.3831092981763329,-1.0634194546776492,-1.3684813837396161,-1.0723661334607657,0.017146980550994187,-0.09576465382693021,-5.486910490814449,0.15284069661394284,0.060941138431136466
87.48,-1.3800612051051306,-1.0631624226929648,-1.3684813837396161,-1.0723661334607657,0.014791908421652714,-0.10018499276470066,-5.740177255966037,0.15296406682505648,0.058595171597009
87.5,-1.3770110457243558,-1.0629016624773715,-1.3684813837396161,-1.0723661334607657,0.012740931856399846,-0.10482941834671608,-6.006283240078111,0.15308196095862314,0.05643801556542982
87.52,-1.3739590173770486,-1.0626373100881237,-1.3684813837396161,-1.0723661334607657,0.01116487682341357,-0.10973031457554987,-6.2870839098218685,0.1531954841363259,0.05442324456428338
87.54,-1.3709049657965735,-1.0623694726266766,-1.3684813837396161,-1.0723661334607657,0.010286251883879624,-0.11491806073679528,-6.584319870046425,0.1533051365339766,0.05253060841980961
87.56,-1.367848971979015,-1.0620982718800183,-1.3684813837396161,-1.0723661334607657,0.010287318701991104,-0.1204320957890389,-6.9002508066271835,0.15341076554209465,0.05076838399342698
87.58,-1.3647913162993994,-1.0618238302811132,-1.3684813837396161,-1.0723661334607657,0.0111694563003335,-0.12632074385986303,-7.23764548812326,0.15351265475587184,0.04912574415705251
87.6,-1.3617319525283602,-1.0615462383770233,-1.3684813837396161,-1.0723661334607657,0.012752448835367582,-0.13263423795752569,-7.599382053900086,0.15361139903546928,0.04757805404098647
87.62,-1.358670842100663,-1.0612655862010034,-1.3684813837396161,-1.0723661334607657,0.014814481992828804,-0.1394317975181125,-7.988853527710512,0.15370701945141008,0.04612568537787354
87.64,-1.3556082322028304,-1.060981977084248,-1.3684813837396161,-1.0723661334607657,0.017184791150725656,-0.14678727626600013,-8.410291416262645,0.15379956129546457,0.044767945563961575
87.66,-1.3525441659352702,-1.060695490321165,-1.3684813837396161,-1.0723661334607657,0.01975345090446408,-0.15478473665969528,-8.868512143644411,0.15388950450878625,0.04348500615480866
87.68,-1.3494785087720773,-1.0604061906352034,-1.3684813837396161,-1.0723661334607657,0.022453273467862855,-0.1635226103154303,-9.369155426036576,0.15397698769783474,0.04227185838368008
87.7,-1.3464113967655988,-1.0601141618972056,-1.3684813837396161,-1.0723661334607657,0.025242724342423452,-0.17312349906580904,-9.919245831007908,0.1540618953581152,0.04113461392507567
87.72,-1.3433427898223178,-1.0598194693573206,-1.3684813837396161,-1.0723661334607657,0.028095688001248627,-0.18373441834067253,-10.527206722211602,0.1541445057601898,0.04006212336871151
87.74,-1.3402728137696933,-1.0595221876316816,-1.3684813837396161,-1.0723661334607657,0.03099500547198659,-0.1955381980630107,-11.203513482603682,0.15422484450509089,0.03905423772487815
87.76,-1.337201662107895,-1.0592223891164991,-1.3684813837396161,-1.0723661334607657,0.033929028880081445,-0.2087623652288113,-11.961202448779536,0.1543031545574891,0.038101234962617525
87.78,-1.334129130510717,-1.058920111312747,-1.3684813837396161,-1.0723661334607657,0.03689000967074171,-0.22368950925096986,-12.816464801433158,0.1543797382293377,0.03719067487750749
87.8,-1.331055256682499,-1.058615413744215,-1.3684813837396161,-1.0723661334607657,0.039872262027863675,-0.24068314924697043,-13.790128651768704,0.15445439274781592,0.03633221407728371
87.82,-1.328047128941624,-1.0583136133740243,-1.289280171063765,-1.0645671075628513,0.03926809407997027,-0.07115114936687009,-4.076660566226575,0.15074590294075207,0.0951899999479533
87.84,-1.325044660479578,-1.058006716096914,-1.289280171063765,-1.0645671075628513,0.036361207891929995,-0.07487879770751982,-4.2902390836547495,0.1509233928794984,0.09133221662294133
87.86,-1.3220392934919045,-1.0576940652861073,-1.289280171063765,-1.0645671075628513,0.03347235893091119,-0.078680089119956,-4.508037038286666,0.1511068288708728,0.08713319225028826
87.88,-1.3190307768555665,-1.057375880270927,-1.289280171063765,-1.0645671075628513,0.030607389548004477,-0.08256164905424022,-4.7304340404482295,0.1512823549637332,0.08320803790873299
87.9,-1.3160196103224195,-1.0570524255995752,-1.289280171063765,-1.0645671075628513,0.027775313803384247,-0.08654893670683582,-4.958888794646582,0.1514495560702045,0.07957793032309368
87.92,-1.3130057478223842,-1.0567239006992302,-1.289280171063765,-1.0645671075628513,0.024988375025893354,-0.09065661407644718,-5.194241371526712,0.15160980096400323,0.07618542172460607
87.94,-1.3099893123791155,-1.0563905111136347,-1.289280171063765,-1.0645671075628513,0.022264888580734114,-0.09490471015350332,-5.437639347708112,0.15176318956022783,0.0730286853456441
87.96,-1.306970272307932,-1.056052440242581,-1.289280171063765,-1.0645671075628513,0.019632606592191442,-0.09931212612025406,-5.6901656811615,0.151910193952709,0.07008945907438502
87.98,-1.3039490325176077,-1.055709893431391,-1.289280171063765,-1.0645671075628513,0.017135511037683553,-0.10390854335234607,-5.953520989441577,0.15205096071619906,0.06736371651938633
88.0,-1.300925406525194,-1.0553630110185157,-1.289280171063765,-1.0645671075628513,0.014843412752786268,-0.10871477798513504,-6.228897949249993,0.15218650587289773,0.06480903220307255
88.02,-1.2978997600247748,-1.0550119745499835,-1.289280171063765,-1.0645671075628513,0.012868484011349586,-0.11376503639939957,-6.518256441837782,0.15231663487380587,0.062436035144219915
88.04,-1.2948719151380144,-1.054656904458092,-1.289280171063765,-1.0645671075628513,0.011378915913631011,-0.1190873744714551,-6.82320395050836,0.1524422188442287,0.06020843831944234
88.06,-1.2918422048979519,-1.0542979619194552,-1.289280171063765,-1.0645671075628513,0.010583920332882316,-0.12472307028519707,-7.14610553525532,0.15256308124138585,0.05813584330716104
88.08,-1.2888106926241656,-1.0539352680147258,-1.289280171063765,-1.0645671075628513,0.01064220006306659,-0.13071383744224147,-7.489351209399552,0.15267997470633787,0.05618695937625873
88.1,-1.2857770983915213,-1.0535689102068302,-1.289280171063765,-1.0645671075628513,0.011542610763125054,-0.13710250593738538,-7.855394950879493,0.15279312817888524,0.054353301266463205
88.12,-1.2827417256195102,-1.053199031302689,-1.289280171063765,-1.0645671075628513,0.013114283308071385,-0.14394864259526916,-8.247649687346032,0.15290220151245038,0.05265138758425714
88.14,-1.2797047407413573,-1.0528257450339307,-1.289280171063765,-1.0645671075628513,0.015150856737981026,-0.1513186309004122,-8.669918912291504,0.1530078446719152,0.0510542520404389
88.16,-1.2766658847103902,-1.0524491195301902,-1.289280171063765,-1.0645671075628513,0.017491879663565447,-0.15928439370008168,-9.126323501314879,0.15311043231633903,0.049546794915755754
88.18,-1.273625821432737,-1.0520693093778177,-1.289280171063765,-1.0645671075628513,0.020031316028765924,-0.16794385281865665,-9.6224739616753,0.15320967665282126,0.048142982151944125
88.2,-1.2705838969671945,-1.0516863227718996,-1.289280171063765,-1.0645671075628513,0.022703860507079038,-0.177395763199648,-10.164028534841995,0.1533066645235337,0.046796291355288844
88.22,-1.2675405534427888,-1.0513002911564446,-1.289280171063765,-1.0645671075628513,0.025468007222151406,-0.1877742412823572,-10.758671526750259,0.15340052644461366,0.04554599084105604
88.24,-1.2644957378818185,-1.0509112799112892,-1.289280171063765,-1.0645671075628513,0.028297522099992038,-0.19923532676304084,-11.415343353432098,0.15349199351613052,0.04436117588269006
88.26,-1.2614494027539678,-1.0505193545803637,-1.289280171063765,-1.0645671075628513,0.03117516685714125,-0.21197102393235584,-12.145045050390557,0.15358107131326904,0.04324261423827025
88.28,-1.25840185258291,-1.0501246137944975,-1.289280171063765,-1.0645671075628513,0.03408894510620781,-0.226222879420514,-12.96161622009238,0.15366778025320826,0.04219042257114225
88.3,-1.2553527759574516,-1.0497270830000458,-1.289280171063765,-1.0645671075628513,0.03703099333969534,-0.2422880735458702,-13.882084040533654,0.15375258197583008,0.04118525078977697
88.32,-1.2523024651789172,-1.0493268565676215,-1.289280171063765,-1.0645671075628513,0.03999519949823862,-0.26055000362073333,-14.928415559586337,0.1538351535115723,0.0402421554501764
88.34,-1.2493268335760699,-1.0489324945266623,-1.210298065206564,-1.0548049100805064,0.03946808869045436,-0.07915467509466984,-4.535228811653871,0.14930701889772635,0.1120257229014765
88.36,-1.2463640745139823,-1.0485332227108732,-1.210298065206564,-1.0548049100805064,0.03660725460650117,-0.08340900547333552,-4.7789839870057085,0.14950712757819673,0.10776015417768292
88.38,-1.2433979219342386,-1.0481270913212326,-1.210298065206564,-1.0548049100805064,0.03376675552632044,-0.08773471122113191,-5.026828669769923,0.14972392755785435,0.10266095648581164
88.4,-1.2404282619389968,-1.0477143793713153,-1.210298065206564,-1.0548049100805064,0.030953261231622828,-0.0921421839681813,-5.279358256494785,0.1499307792315996,0.09791459451791162
88.42,-1.2374556806144543,-1.0472954206832008,-1.210298065206564,-1.0548049100805064,0.02817673695890149,-0.0966608909220533,-5.5382610938080665,0.150127557692592,0.09352992972111451
88.44,-1.2344806849389838,-1.0468705022910678,-1.210298065206564,-1.0548049100805064,0.02545101027644915,-0.1013190379727041,-5.80515326016167,0.15031593295322665,0.08943642969994059
88.46,-1.2315020931950464,-1.0464397165965964,-1.210298065206564,-1.0548049100805064,0.022794456891086383,-0.10611070533301836,-6.079695576738269,0.15049726191342927,0.08557699594735624
88.48,-1.2285208099496008,-1.0460034166633685,-1.210298065206564,-1.0548049100805064,0.020236964009994064,-0.11107694497631027,-6.36424014834945,0.1506691877917632,0.08205849561848666
88.5,-1.22553696022896,-1.0455618179002584,-1.210298065206564,-1.0548049100805064,0.017822981640459853,-0.11624428561316083,-6.66030695814743,0.15083400848334705,0.07878271543027004
88.52,-1.2225508141429107,-1.0451151362311661,-1.210298065206564,-1.0548049100805064,0.015621189895411345,-0.12164462548250732,-6.9697236405972145,0.15099222907108967,0.07572997428595407
88.54,-1.2195623083436025,-1.044663533963436,-1.210298065206564,-1.0548049100805064,0.013735854922430143,-0.12730677369344073,-7.294140836061249,0.15114460484237924,0.07286936129835553
88.56,-1.2165715398260606,-1.0442071876149404,-1.210298065206564,-1.0548049100805064,0.012315364601124484,-0.13326657387442248,-7.635612233172807,0.15129120175059185,0.07020021306369806
88.58,-1.2135787403290286,-1.0437462776991702,-1.210298065206564,-1.0548049100805064,0.011534998023610377,-0.1395667493535599,-7.996585698319192,0.15143240292117,0.06770784012677389
88.6,-1.2105837106668174,-1.043280920409688,-1.210298065206564,-1.0548049100805064,0.011527529278301207,-0.1462483472681992,-8.379413059231437,0.15156881555125068,0.06536752335861706
88.62,-1.2075866729977809,-1.0428112842557737,-1.210298065206564,-1.0548049100805064,0.012296288388515585,-0.15336612560378163,-8.787231717369961,0.15170025269224396,0.06318942903593694
88.64,-1.2045877019103968,-1.042337505026216,-1.210298065206564,-1.0548049100805064,0.013712929583497407,-0.1609803852820475,-9.223496661051236,0.15182728497915576,0.0611503397962565
88.66,-1.201586744049327,-1.0418596956881374,-1.210298065206564,-1.0548049100805064,0.015603387195379093,-0.1691593429924993,-9.692116418676108,0.1519501973858972,0.059239447506298504
88.68,-1.1985841104315258,-1.0413780102426273,-1.210298065206564,-1.0548049100805064,0.017818484102977924,-0.1779881591734218,-10.197970323939776,0.15206905845959184,0.05745541186930048
88.7,-1.1955798517677607,-1.0408925543373608,-1.210298065206564,-1.0548049100805064,0.020252887427574487,-0.18756275093176164,-10.746554022253392,0.15218450449445697,0.05577177384141763
88.72,-1.1925736810032537,-1.040403385854298,-1.210298065206564,-1.0548049100805064,0.022837637693610583,-0.19799320165229872,-11.344174826959355,0.15229672149779105,0.05418172396298715
88.74,-1.189565884229623,-1.039910643118936,-1.210298065206564,-1.0548049100805064,0.025527681374992898,-0.20941936938590122,-11.99884601410334,0.1524054029559352,0.05270015476011025
88.76,-1.1865566161813927,-1.0394144325743104,-1.210298065206564,-1.0548049100805064,0.028293518686857054,-0.22200771591883328,-12.720105141488489,0.15251109957929998,0.05130421151244846
88.78,-1.1835466301591655,-1.0389149378196765,-1.210298065206564,-1.0548049100805064,0.031114795444372203,-0.23596603334544558,-13.51985781913728,0.15260382406498962,0.050113503673454574
88.8,-1.1805341225857477,-1.038411953840262,-1.210298065206564,-1.0548049100805064,0.033979718872142066,-0.25152604279445395,-14.411380689749143,0.1527155445004702,0.04868545837255489
88.82,-1.1775202706561774,-1.0379057576125912,-1.210298065206564,-1.0548049100805064,0.0368777055918776,-0.2690077873620267,-15.413010871996814,0.152813044992417,0.04751952206505372
88.84,-1.1745052022853362,-1.0373964318685192,-1.210298065206564,-1.0548049100805064,0.03980181088537356,-0.28880135840184973,-16.547098954071046,0.1529083172235879,0.04641048945264181
88.86,-1.171578018015798,-1.0368974165858234,-1.1316568428129317,-1.0426060993205266,0.04032727722204224,-0.09022877521795214,-5.169728010623253,0.14751212041694828,0.13145453330976054
88.88,-1.168667105717845,-1.0363934627070726,-1.1316568428129317,-1.0426060993205266,0.03752807501033909,-0.09511012604113775,-5.449408811114497,0.14774578558744977,0.12642981591093339
88.9,-1.1657525057238927,-1.0358814043978808,-1.1316568428129317,-1.0426060993205266,0.03475249273276005,-0.10006496038910022,-5.733299907439203,0.14800015263558564,0.1203717187536757
88.92,-1.1628343155164036,-1.0353615886017105,-1.1316568428129317,-1.0426060993205266,0.03200808866100535,-0.10510998916497494,-6.022358763818876,0.14824271350342144,0.11473699910391488
88.94,-1.1599127231115298,-1.034834357056593,-1.1316568428129317,-1.0426060993205266,0.029305200037974825,-0.11026756944438668,-6.3178663463290725,0.14847387791769862,0.10951108872947479
88.96,-1.1569879031596983,-1.0343000282332695,-1.1316568428129317,-1.0426060993205266,0.02665808386208777,-0.1155612904192894,-6.621174216110878,0.14869446786933693,0.10466118220642251
88.98,-1.1540600167436743,-1.0337588987914945,-1.1316568428129317,-1.0426060993205266,0.024086825431592532,-0.12101621502856308,-6.93371837378431,0.1489052452073203,0.10015699321130889
89.0,-1.1511292125702393,-1.0332112452004487,-1.1316568428129317,-1.0426060993205266,0.021620279089383933,-0.12665922968049165,-7.2570392970703015,0.1491069104508469,0.09597080099954525
89.02,-1.1481956280654149,-1.0326573252437148,-1.1316568428129317,-1.0426060993205266,0.01930050577728985,-0.13251944661068474,-7.592804994201478,0.1493001079113654,0.09207722257542628
89.04,-1.145259390364437,-1.0320973794129393,-1.1316568428129317,-1.0426060993205266,0.017189022484920012,-0.13862867072369803,-7.942837751976692,0.14948543042958562,0.08845300327520178
89.06,-1.1423206172070168,-1.0315316321978913,-1.1316568428129317,-1.0426060993205266,0.01537400098797564,-0.1450219468353877,-8.30914549043832,0.14966342370321684,0.0850768277160796
89.08,-1.1393794177480694,-1.0309602932803534,-1.1316568428129317,-1.0426060993205266,0.013973652419970648,-0.1517382073164916,-8.693958870116077,0.14983459021156165,0.08192914878524249
89.1,-1.1364358932924001,-1.0303835586387138,-1.1316568428129317,-1.0426060993205266,0.013123636089280955,-0.1588210454761818,-9.099775603640534,0.14999939281334917,0.07899203313233016
89.12,-1.1334901379612903,-1.029801611569767,-1.1316568428129317,-1.0426060993205266,0.012935063883118159,-0.1663196470377191,-9.529413825366829,0.15015825801425464,0.07624902101599496
89.14,-1.130542087594463,-1.029214600389946,-1.1316568428129317,-1.0426060993205266,0.01343781689132738,-0.17428761373515125,-9.985944688430484,0.15031157896050473,0.07368499929549799
89.16,-1.1275921299177905,-1.0286227404635409,-1.1316568428129317,-1.0426060993205266,0.01456215011058358,-0.18279368734010498,-10.473306806221963,0.15045946176428515,0.07129746675937909
89.18,-1.1246401869598746,-1.0280261504598998,-1.1316568428129317,-1.0426060993205266,0.01618049344546497,-0.19190931125248836,-10.995593584030061,0.15060277295715352,0.06905016461611346
89.2,-1.1216864658271293,-1.027424994063591,-1.1316568428129317,-1.0426060993205266,0.018162444055280096,-0.20172200842082944,-11.55781971741598,0.1507415474781837,0.06694339062862653
89.22,-1.1187306233742749,-1.0268193304885311,-1.1316568428129317,-1.0426060993205266,0.02040365700386018,-0.2123269047364203,-12.165435518473172,0.15087627696948047,0.06495718583132692
89.24,-1.1157730000823551,-1.0262093427807941,-1.1316568428129317,-1.0426060993205266,0.022828711853999758,-0.22384613058857292,-12.825438543059507,0.15100658858253624,0.06310975032675081
89.26,-1.1128137791840573,-1.025595168702731,-1.1316568428129317,-1.0426060993205266,0.02538568114912943,-0.23642173045678236,-13.545967340353181,0.1511331775698288,0.061372086145317084
89.28,-1.1098526410711929,-1.0249768493353493,-1.1316568428129317,-1.0426060993205266,0.028039501932707735,-0.25021837080555775,-14.336456603797911,0.1512564430419694,0.059728035083361775
89.3,-1.1068901260816866,-1.0243545823915439,-1.1316568428129317,-1.0426060993205266,0.030765372220317423,-0.2654446072257861,-15.20885568854538,0.15137606351762756,0.05819326497680244
89.32,-1.103925921174194,-1.02372839313407,-1.1316568428129317,-1.0426060993205266,0.03354656175818901,-0.2823453622646115,-16.177197622854532,0.15149291047880098,0.056730628825718554
89.34,-1.10096030229599,-1.0230984196393758,-1.1316568428129317,-1.0426060993205266,0.03637069103344931,-0.30122798790461747,-17.259092378152392,0.15160666426385916,0.055355491119790656
89.36,-1.0979931957226827,-1.0224647245094767,-1.1316568428129317,-1.0426060993205266,0.03922902133237614,-0.3224711367843932,-18.476235152531604,0.15171778778801936,0.05404861419644469
89.38,-1.0950246412049713,-1.0218273909205153,-1.0535345205370037,-1.0274433309399096,0.04186847137577332,-0.10196856069235738,-5.842368170695662,0.15182627707917007,0.05281129379919314
89.4,-1.0921588889609037,-1.0212069082276551,-1.0535345205370037,-1.0274433309399096,0.03912460612442111,-0.10730475185206761,-6.148109402822078,0.14538735416058657,0.15600560610118386
89.42,-1.0893143233066493,-1.0205819192119605,-1.0535345205370037,-1.0274433309399096,0.03643176165292011,-0.1131039089148013,-6.480376627250201,0.14566204141930328,0.150009817566632
89.44,-1.0864663970147512,-1.0199473479572498,-1.0535345205370037,-1.0274433309399096,0.03377422462799029,-0.11900305566362121,-6.818372838685903,0.14596385979235293,0.1426650182212441
89.46,-1.0836139991896179,-1.0193033682170145,-1.0535345205370037,-1.0274433309399096,0.031161418920568965,-0.12499255218041015,-7.161545710506217,0.1462528622290904,0.1357741873575513
89.48,-1.0807579520330561,-1.0186505413300084,-1.0535345205370037,-1.0274433309399096,0.02860818714186982,-0.13111427927018943,-7.512294836081474,0.14652647785435846,0.12945590981860988
89.5,-1.0778984581543125,-1.0179892548495,-1.0535345205370037,-1.0274433309399096,0.026133905390189394,-0.13739680235305912,-7.872256893423426,0.146787285159089,0.12359966961361657
89.52,-1.0750359447732936,-1.0173199121179977,-1.0535345205370037,-1.0274433309399096,0.023765412953129048,-0.14387539535218877,-8.243452929456557,0.1470362413702908,0.1181667981675627
89.54,-1.0721700827695593,-1.0166427435854357,-1.0535345205370037,-1.0274433309399096,0.02153919373897437,-0.15057157983107247,-8.627116038937602,0.1472747481158443,0.11309862520403335
89.56,-1.0693010516217623,-1.015958082414034,-1.0535345205370037,-1.0274433309399096,0.01950626658660714,-0.15752115125619476,-9.025297151021826,0.14750246581964888,0.10841382193538251
89.58,-1.0664294486179984,-1.0152663166644367,-1.0535345205370037,-1.0274433309399096,0.017735806913673147,-0.16477125346959204,-9.440697408887946,0.14772023042572968,0.1040788794293146
89.6,-1.063555177139251,-1.0145676609306897,-1.0535345205370037,-1.0274433309399096,0.016315527479259982,-0.17235906940481424,-9.87544723769829,0.14792968866768064,0.10002393723507197
89.62,-1.0606783570487177,-1.0138623681618582,-1.0535345205370037,-1.0274433309399096,0.015345258228029816,-0.18033089751714815,-10.332199343538765,0.14813095302521617,0.0962470009335803
89.64,-1.05779891057918,-1.0131506375204615,-1.0535345205370037,-1.0274433309399096,0.014915297771554774,-0.18873539648651927,-10.81374166340578,0.14832458010847205,0.09272630896450806
89.66,-1.054917508317817,-1.0124328134650964,-1.0535345205370037,-1.0274433309399096,0.01507409334134399,-0.19764042785215863,-11.323962377088534,0.14851073686497074,0.08945731388543265
89.68,-1.0520342155738682,-1.0117090793722958,-1.0535345205370037,-1.0274433309399096,0.015805618854551857,-0.2071110876757753,-11.866591214185883,0.14869095909126884,0.0863744930246213
89.7,-1.0491482380106383,-1.0109794257411686,-1.0535345205370037,-1.0274433309399096,0.01703818208595707,-0.21720959727883477,-12.445193193813523,0.14886555777149368,0.0834663116111578
89.72,-1.0462600322565434,-1.0102441419106287,-1.0535345205370037,-1.0274433309399096,0.018674321487205076,-0.228029400128399,-13.065122232257176,0.14903336284923796,0.08078699411218082
89.74,-1.0433701690406032,-1.0095035103933594,-1.0535345205370037,-1.0274433309399096,0.02061919500331677,-0.2396783745521996,-13.732559302396789,0.14919547270064726,0.07829042053986157
89.76,-1.0404782351924327,-1.008757570314471,-1.0535345205370037,-1.0274433309399096,0.022795267867477393,-0.25226810820334633,-14.453897905801325,0.14935305217198547,0.07592703836656334
89.78,-1.0375844578589306,-1.008006513830437,-1.0535345205370037,-1.0274433309399096,0.025143475471412942,-0.26593947484291486,-15.237209514424553,0.14950561526294592,0.07372031334718088
89.8,-1.0346887564686473,-1.0072504496825172,-1.0535345205370037,-1.0274433309399096,0.027620920998317568,-0.2808554207273668,-16.09183026104918,0.1496537179087376,0.07164756176236686
89.82,-1.0317914815290397,-1.0064895810371957,-1.0535345205370037,-1.0274433309399096,0.030196347134832876,-0.29721507339259423,-17.02916931306666,0.1497974275819658,0.06970763488656218
89.84,-1.0288926789786457,-1.0057240245642738,-1.0535345205370037,-1.0274433309399096,0.03284735339149799,-0.3152536966591117,-18.0627062944646,0.14993742483087047,0.06787205778846506
89.86,-1.025992258537307,-1.0049538598329117,-1.0535345205370037,-1.0274433309399096,0.03555773483691603,-0.3352554186227827,-19.20872054597707,0.15007390317691716,0.06613376163810969
89.88,-1.0230900097145519,-1.004179138028658,-1.0535345205370037,-1.0274433309399096,0.03831567448225744,-0.357567357090376,-20.48710045292576,0.15020686601907585,0.06449406873443309
89.9,-1.0201863739955879,-1.0034000663265101,-1.0535345205370037,-1.0274433309399096,0.04111176779241791,-0.3826212384601359,-21.92258211583444,0.1503361820959448,0.06296032535435536
89.92,-1.017393954924484,-1.002645032328999,-0.9761962149545786,-1.0086979557007834,0.04164002473549486,-0.12280623723816599,-7.036279091629238,0.14272477976389197,0.18281807785958115
89.94,-1.0146363293412413,-1.0018888604627572,-0.9761962149545786,-1.0086979557007834,0.03903852164234985,-0.12942965955216498,-7.415773236154155,0.1430327796946962,0.17640702063448366
89.96,-1.0118746826093468,-1.0011212577026092,-0.9761962149545786,-1.0086979557007834,0.03647409226763391,-0.13613768625813735,-7.800114855267415,0.14338815816064,0.16769640078351244
89.98,-1.009108669127028,-1.0003426031170544,-0.9761962149545786,-1.0086979557007834,0.03395646560600793,-0.14293860664079816,-8.189778889998376,0.14372703521123853,0.1595900844042486
90.0,-1.0063388779763025,-0.9995534914285578,-0.9761962149545786,-1.0086979557007834,0.03149922794081165,-0.14987070342299844,-8.58695877879467,0.14404864727577404,0.1521263310544363
90.02,-1.0035655281367002,-0.9987543801373694,-0.9761962149545786,-1.0086979557007834,0.029119649706793788,-0.15696475811611474,-8.993418172345208,0.14435513906603248,0.1452136813717697
90.04,-1.0007888176408362,-0.9979456941854317,-0.9761962149545786,-1.0086979557007834,0.02684040302563718,-0.16425296915535909,-9.411001905094565,0.1446476402245267,0.13880591773318685
90.06,-0.9980089281697724,-0.9971278291812997,-0.9761962149545786,-1.0086979557007834,0.02469134029341352,-0.17176949310325668,-9.84166700391811,0.1449271743893199,0.13286145203239563
90.08,-0.9952260266570601,-0.9963011536148123,-0.9761962149545786,-1.0086979557007834,0.022711548502703086,-0.17955091028051418,-10.287509366805565,0.1451946806352744,0.1273423531833462
90.1,-0.9924402666864666,-0.9954660108957007,-0.9761962149545786,-1.0086979557007834,0.020951219057443973,-0.18763675226648116,-10.750793986411155,0.14545102107090813,0.12221399211864714
90.12,-0.9896515507225602,-0.994622661886075,-0.9761962149545786,-1.0086979557007834,0.01947203010986506,-0.19606573322659435,-11.23373902102177,0.14569698756474736,0.11744473144892353
90.14,-0.9868602622024067,-0.9937714814967714,-0.9761962149545786,-1.0086979557007834,0.01834452332078825,-0.20489018025247824,-11.739342592141687,0.1459328308800245,0.11302699893023238
90.16,-0.9840667412922085,-0.9929128029411133,-0.9761962149545786,-1.0086979557007834,0.017638487250256043,-0.21416618210376284,-12.270818348975833,0.14615976842495826,0.10890998861867729
90.18,-0.9812708664829772,-0.9920468136203019,-0.9761962149545786,-1.0086979557007834,0.017407257702437184,-0.2239480090433805,-12.831275748543295,0.14637882350641007,0.10505120354942221
90.2,-0.9784727395821925,-0.9911737568683933,-0.9761962149545786,-1.0086979557007834,0.01767144898125999,-0.23430133051903695,-13.424477373040567,0.14659008355062397,0.10144968127678844
90.22,-0.9756724563555558,-0.9902938607925736,-0.9761962149545786,-1.0086979557007834,0.018411546172454964,-0.245300501031532,-14.05468342155128,0.14679406336934875,0.09808537752453717
90.24,-0.9728699152495349,-0.9894072873543259,-0.9761962149545786,-1.0086979557007834,0.019575345590328374,-0.2570276088936866,-14.726597207947425,0.14699124341612801,0.09493963917805992
90.26,-0.9700653984125004,-0.9885142996228242,-0.9761962149545786,-1.0086979557007834,0.021094238174107095,-0.26958263595987036,-15.44594727051227,0.1471817518429397,0.09200942526432776
90.28,-0.9672593384526466,-0.987615183257854,-0.9761962149545786,-1.0086979557007834,0.022898712965822476,-0.2830815990817099,-16.219380885196415,0.1473663567368888,0.08926307239365272
90.3,-0.9644512629203833,-0.9867099450491836,-0.9761962149545786,-1.0086979557007834,0.024928227187275314,-0.29764751502951764,-17.0539463937481,0.14754598142321385,0.08666166996684765
90.32,-0.9616415845504279,-0.9857988576141185,-0.9761962149545786,-1.0086979557007834,0.027133115548792566,-0.3134356977925725,-17.95854263225234,0.14772008518457724,0.0842314117532883
90.34,-0.9588300301083122,-0.9848819731832735,-0.9761962149545786,-1.0086979557007834,0.029475165807659614,-0.3306207103518576,-18.943171322778685,0.1478895201117325,0.08193646911847097
90.36,-0.9560168268388807,-0.9839594947350223,-0.9761962149545786,-1.0086979557007834,0.03192489867921988,-0.34941463229539943,-20.01998373064194,0.14805408153311106,0.07978793331142597
90.38,-0.953201722630911,-0.9830314708149487,-0.9761962149545786,-1.0086979557007834,0.03446034131604026,-0.3700654908995955,-21.203190771983795,0.14821430196034768,0.07776403219916794
90.4,-0.9503853873942414,-0.9820982247173904,-0.9761962149545786,-1.0086979557007834,0.0370640595150928,-0.39287679275276427,-22.51018209336932,0.14837003241572333,0.07587329272085164
90.42,-0.9475675598026758,-0.9811597757064993,-0.9761962149545786,-1.0086979557007834,0.03972343455951614,-0.4182060199835197,-23.961439912019443,0.14852234622368954,0.07406955687572214
90.44,-0.9447481416249901,-0.9802161968964473,-0.9761962149545786,-1.0086979557007834,0.04242866838272856,-0.44648780621635875,-25.58186690025232,0.14867102645794716,0.0723639911837104
90.46,-0.9420552022923454,-0.9793082884158083,-0.9000067836971087,-0.9857386600314704,0.04253726819479311,-0.14517285244554687,-8.317791745005287,0.13975526930574134,0.2132084304562465
90.48,-0.9394042272179125,-0.9784022985826467,-0.9000067836971087,-0.9857386600314704,0.04007468970912574,-0.1528546098260364,-8.757924022150808,0.14011147029231452,0.20581130605434872
90.5,-0.9367496278953055,-0.9774830652617424,-0.9000067836971087,-0.9857386600314704,0.03765888268091498,-0.16063253644755177,-9.203566390926087,0.14052457232951454,0.19563655956233994
90.52,-0.9340914678628912,-0.9765511092991739,-0.9000067836971087,-0.9857386600314704,0.03530122920154006,-0.1685295253015616,-9.656030523122702,0.14091889787488654,0.18615324362092345
90.54,-0.9314288649313439,-0.9756066533317089,-0.9000067836971087,-0.9857386600314704,0.033015219957693534,-0.17655176380925366,-10.115670931860786,0.1412949976895561,0.17734058016527499
90.56,-0.9287628194746144,-0.9746505113291339,-0.9000067836971087,-0.9857386600314704,0.03081974424427154,-0.18475305492227556,-10.585570299195089,0.14165144138384989,0.16926766821967476
90.58,-0.9260938680137308,-0.9736832776129652,-0.9000067836971087,-0.9857386600314704,0.028737922913790293,-0.19317668143350356,-11.068208546482964,0.14199159130425798,0.16178827175861166
90.6,-0.9234218528639235,-0.9727052881602815,-0.9000067836971087,-0.9857386600314704,0.026798026912804966,-0.2018527341439933,-11.565309749627064,0.14231741166836898,0.1548185774125077
90.62,-0.9207478386348046,-0.9717172582178977,-0.9000067836971087,-0.9857386600314704,0.02503579574821174,-0.2108395889139242,-12.080218599041117,0.14262913973244196,0.14835218459685606
90.64,-0.9180701887477795,-0.9707189630392224,-0.9000067836971087,-0.9857386600314704,0.023492081639640575,-0.2201443309064345,-12.613341044670106,0.1429297239380567,0.1422609510626227
90.66,-0.9153904955413146,-0.9697113040254767,-0.9000067836971087,-0.9857386600314704,0.022215641576340334,-0.22984289043393447,-13.169027572952247,0.14321607321177154,0.1366872217956061
90.68,-0.9127078033098177,-0.9686942437413713,-0.9000067836971087,-0.9857386600314704,0.021256246749429077,-0.23996668778775151,-13.749078433971675,0.1434922345203482,0.13145410838633076
90.7,-0.9100227858308259,-0.9676683237415614,-0.9000067836971087,-0.9857386600314704,0.02066052643020081,-0.2505830103698483,-14.35734891187525,0.14375671267226053,0.1266322187654101
90.72,-0.90733556131671,-0.9666338503688399,-0.9000067836971087,-0.9857386600314704,0.02046227586665052,-0.2617549998890213,-14.997456760088252,0.14401142367699293,0.12213976523733905
90.74,-0.9046462355889123,-0.9655911085589121,-0.9000067836971087,-0.9857386600314704,0.020674823921759202,-0.27355290654644127,-15.673427018647713,0.14425705094511798,0.11794966183198419
90.76,-0.9019549064410991,-0.9645403647543702,-0.9000067836971087,-0.9857386600314704,0.02128762327928553,-0.2860555842133496,-16.38977768157403,0.14449420730038298,0.11403780784791095
90.78,-0.8992616644232234,-0.9634818683180135,-0.9000067836971087,-0.9857386600314704,0.02226926087925948,-0.2993520803501412,-17.151610792524195,0.14472345647238427,0.11038214219327713
90.8,-0.8965661741785007,-0.962415706558683,-0.9000067836971087,-0.9857386600314704,0.02357536749561583,-0.31353836464869445,-17.964425009804003,0.14494531745752326,0.10696245056007747
90.82,-0.8938689516003423,-0.9613422703770965,-0.9000067836971087,-0.9857386600314704,0.025156645464293043,-0.32873606353603163,-18.83518901435909,0.14515958432754772,0.1037909312950891
90.84,-0.8911714369294796,-0.960262258539172,-0.9000067836971087,-0.9857386600314704,0.026964984433539646,-0.3450917922005371,-19.772303237696395,0.14536748334359473,0.10081561450436816
90.86,-0.8884713277422208,-0.9591749369282425,-0.9000067836971087,-0.9857386600314704,0.028960285378292122,-0.36273281993819095,-20.78305967333718,0.14557149482632425,0.09792770593208822
90.88,-0.8857694811284981,-0.9580808265212234,-0.9000067836971087,-0.9857386600314704,0.031107178253752116,-0.38184563168473096,-21.878143121041987,0.14576821661087536,0.09528141839076909
90.9,-0.883066331894657,-0.9569802434875393,-0.9000067836971087,-0.9857386600314704,0.03337701948025676,-0.402640363007953,-23.069593461971102,0.1459593087059119,0.0928053406146212
90.92,-0.880361574710448,-0.9558732071587526,-0.9000067836971087,-0.9857386600314704,0.035747440627576475,-0.42535609834256194,-24.37110922518039,0.14614566221089476,0.09046181031036049
90.94,-0.8776557808128033,-0.9547600703230493,-0.9000067836971087,-0.9857386600314704,0.038200004584514405,-0.4502798198064669,-25.799133274821767,0.14632705453765382,0.0882628443676925
90.96,-0.8749484824878987,-0.9536407679726313,-0.9000067836971087,-0.9857386600314704,0.04072091764821099,-0.4777431216844951,-27.37266456392649,0.14650445981256865,0.08616672896977207
90.98,-0.8722398947704691,-0.9525155067093098,-0.9000067836971087,-0.9857386600314704,0.043298707109244335,-0.5081419049263497,-29.114386546017773,0.14667742210638934,0.08419567628092928
91.0,-0.8696892090844937,-0.9514474736081933,-0.8254869114539242,-0.9578473572351772,0.04466320214964872,-0.1695719957534514,-9.715759680283083,0.13645284158485538,0.2449378193958296
91.02,-0.8671701649214606,-0.950378430715005,-0.8254869114539242,-0.9578473572351772,0.042347118945716,-0.17831343768775926,-10.216607409977598,0.13689086646584414,0.23510818257688193
91.04,-0.8646492669526852,-0.9492947224796483,-0.8254869114539242,-0.9578473572351772,0.04008537949767743,-0.18718516164075058,-10.72491974948912,0.1373640317246405,0.2234548466695241
91.06,-0.8621230338528063,-0.9481955171914015,-0.8254869114539242,-0.9578473572351772,0.03788619116058655,-0.19612306244448738,-11.237023743249825,0.1378190987542105,0.2124466570452288
91.08,-0.8595935043913734,-0.947082281363975,-0.8254869114539242,-0.9578473572351772,0.035765158189411124,-0.2052101030117576,-11.757672816018575,0.1382472945262947,0.20248406431555566
91.1,-0.8570605391288393,-0.9459554875389622,-0.8254869114539242,-0.9578473572351772,0.033738857855978514,-0.21447592269019264,-12.288565177322168,0.13865525143543778,0.19327295040394432
91.12,-0.854525837547881,-0.9448163055273417,-0.8254869114539242,-0.9578473572351772,0.03182872189238158,-0.22399282777878723,-12.833843672925214,0.1390436395599437,0.1847879996197399
91.14,-0.8519880956645931,-0.9436646056727485,-0.8254869114539242,-0.9578473572351772,0.030057664687220532,-0.2337676225283075,-13.393898157679361,0.1394174580366503,0.17680853421908616
91.16,-0.8494471775666547,-0.9425007858000684,-0.8254869114539242,-0.9578473572351772,0.028453674753988474,-0.24383791627680365,-13.97088348792517,0.13977426689164574,0.16944864841605956
91.18,-0.8469042614220725,-0.9413257567832396,-0.8254869114539242,-0.9578473572351772,0.027049328293907972,-0.25427116242271175,-14.568664458706836,0.14011463616734332,0.16268766287796943
91.2,-0.844358855627197,-0.940139665958089,-0.8254869114539242,-0.9578473572351772,0.025878806140233666,-0.2651042007117764,-15.189351831973864,0.14044203978960113,0.15637415911151642
91.22,-0.8418116977994045,-0.9389431776206696,-0.8254869114539242,-0.9578473572351772,0.02497732283738883,-0.27640168134798593,-15.83664979155944,0.14075605080892117,0.1505315945593555
91.24,-0.8392623236547204,-0.9377364006677696,-0.8254869114539242,-0.9578473572351772,0.02437647544986765,-0.2882112972189159,-16.513290938634444,0.14105886676869517,0.145065510532838
91.26,-0.8367111339705227,-0.936519818392854,-0.8254869114539242,-0.9578473572351772,0.02410076936890026,-0.300602137164855,-17.223233772158864,0.14135009100737506,0.13999768034178572
91.28,-0.8341584882344754,-0.9352938628545449,-0.8254869114539242,-0.9578473572351772,0.024163119679342118,-0.31364849133792994,-17.970734804308943,0.14163109993514666,0.13527032346694057
91.3,-0.831604209113207,-0.9340587051933352,-0.8254869114539242,-0.9578473572351772,0.02456259954931685,-0.32742420252150756,-18.76002491491911,0.14190305879022702,0.13083474363018155
91.32,-0.829048381113859,-0.9328146279910939,-0.8254869114539242,-0.9578473572351772,0.02528480966007494,-0.342016683980592,-19.596112515147553,0.14216605895187584,0.1266902355678834
91.34,-0.8264910838404507,-0.9315618966325954,-0.8254869114539242,-0.9578473572351772,0.026304634596810983,-0.3575241365425733,-20.48462409794842,0.14242068277630082,0.12281403615754805
91.36,-0.8239323910286913,-0.9303007598778626,-0.8254869114539242,-0.9578473572351772,0.02759042514566378,-0.3740573000599112,-21.43190458949155,0.14266747370896837,0.11918497442975351
91.38,-0.8213723710705325,-0.929031451104771,-0.8254869114539242,-0.9578473572351772,0.029108175633023477,-0.3917415877750512,-22.44513963926412,0.14290693237697383,0.1157836410370372
91.4,-0.8188110875047047,-0.9277541894666478,-0.8254869114539242,-0.9578473572351772,0.03082475258207001,-0.4107195861218062,-23.532498848139433,0.14313952005871045,0.11259223671178376
91.42,-0.8162483938528652,-0.9264690864789391,-0.8254869114539242,-0.9578473572351772,0.032710030313603575,-0.4311523638523186,-24.70321077582669,0.14336566195503053,0.10959443087710241
91.44,-0.8136847572344691,-0.9251765346638303,-0.8254869114539242,-0.9578473572351772,0.034737206158645395,-0.4532295089586892,-25.968138014119624,0.14358545037742587,0.1067887745265228
91.46,-0.8111198291046786,-0.9238765211234411,-0.8254869114539242,-0.9578473572351772,0.03688401769547941,-0.47716176244904634,-27.339355133354324,0.14379986962405056,0.10413353147886717
91.48,-0.8085540460226415,-0.922569407888194,-0.8254869114539242,-0.9578473572351772,0.039131261694995784,-0.5031968510402997,-28.831055828882338,0.14400866773618404,0.10164237591037129
91.5,-0.8059870743093184,-0.9212551701433416,-0.8254869114539242,-0.9578473572351772,0.04146362025716099,-0.5316153239667649,-30.459314387775592,0.14421269983531104,0.09927908205420444
91.52,-0.8034196835554763,-0.9199343167164452,-0.8254869114539242,-0.9578473572351772,0.04386754140018619,-0.5627432746442578,-32.24281458648732,0.1444117306584225,0.0970563567570526
91.54,-0.8010016482124173,-0.9186812970970583,-0.8254869114539242,-0.9578473572351772,0.04618991646180626,-0.5976763247358339,-34.24433092225373,0.13371522504757039,0.263030046828705
91.56,-0.7986263109702615,-0.9174348886695188,-0.753351700156673,-0.9242817141538571,0.04578940274271865,-0.20331800998049154,-11.649263870880915,0.13417022167985238,0.25351150028329883
91.58,-0.7962487694277827,-0.9161721738993668,-0.753351700156673,-0.9242817141538571,0.04365688027321218,-0.21291615065902303,-12.199196822933601,0.13467914839147,0.24127974379783979
91.6,-0.7938686205217451,-0.9148935552995408,-0.753351700156673,-0.9242817141538571,0.04159036381835913,-0.22263241399334313,-12.755897704627852,0.1351653774075423,0.22989134038753356
91.62,-0.7914860787903156,-0.9135997274406782,-0.753351700156673,-0.9242817141538571,0.03960221804286412,-0.23250399415815493,-13.321497585196624,0.13562857661142402,0.21936513845632888
91.64,-0.7891013432005719,-0.9122913390306382,-0.753351700156673,-0.9242817141538571,0.037706843853095126,-0.24256917761192848,-13.898190117122759,0.13607046475039297,0.20962807970037467
91.66,-0.7867145933567031,-0.9109689932399723,-0.753351700156673,-0.9242817141538571,0.03592090172598128,-0.2528674201015911,-14.488235948182723,0.13649264202930667,0.20061269813242966
91.68,-0.7843259916211278,-0.9096332511526618,-0.753351700156673,-0.9242817141538571,0.03426345283275443,-0.2634397509375429,-15.09398588469878,0.13689657204114525,0.19225781547449472
91.7,-0.7819356850508982,-0.9082846349970567,-0.753351700156673,-0.9242817141538571,0.03275592670009859,-0.2743292096892034,-15.717905912350723,0.1372835941383599,0.18450790311153042
91.72,-0.7795441381434227,-0.906923800202408,-0.753351700156673,-0.9242817141538571,0.031421982503267366,-0.2855876141614504,-16.36296497266169,0.13765493492012837,0.1773125008353027
91.74,-0.777150490678928,-0.905550675677124,-0.753351700156673,-0.9242817141538571,0.0302858751357631,-0.297244727775895,-17.030868384073855,0.13801243808382324,0.17059321978485364
91.76,-0.7747558211650925,-0.9041662248577236,-0.753351700156673,-0.9242817141538571,0.0293729349191722,-0.3093711884705962,-17.725663402311515,0.13835496837986128,0.1644057356042783
91.78,-0.7723602076089069,-0.9027708124481485,-0.753351700156673,-0.9242817141538571,0.02870613606451221,-0.32202209336059195,-18.45050685952969,0.1386856360977795,0.15861484932044867
91.8,-0.7699631544971597,-0.901364477753933,-0.753351700156673,-0.9242817141538571,0.02830441908105656,-0.3352487224873615,-19.20833688567839,0.1390051821517524,0.15319128173651997
91.82,-0.7675653092420719,-0.8999478851763529,-0.753351700156673,-0.9242817141538571,0.028180878551580944,-0.3491269877905242,-20.00350291451246,0.1393131917861723,0.1481577293538372
91.84,-0.765166208274867,-0.8985210485876839,-0.753351700156673,-0.9242817141538571,0.028340686168247482,-0.36372246299364136,-20.83976204363892,0.1396115206667048,0.14343480629230854
91.86,-0.7627661932709716,-0.8970844323064302,-0.753351700156673,-0.9242817141538571,0.0287806327325782,-0.37912059438866286,-21.72200998496154,0.1398998071561408,0.13904252261109917
91.88,-0.760364841737654,-0.8956380492946913,-0.753351700156673,-0.9242817141538571,0.029489721792500766,-0.3954059441605101,-22.655091794782727,0.1401792098879362,0.1349325524391265
91.9,-0.7579631941079337,-0.8941827304926192,-0.753351700156673,-0.9242817141538571,0.030450200227617193,-0.4126907333163737,-23.645437263187205,0.14044948599059026,0.1311194851105757
91.92,-0.7555608185505199,-0.892718426826543,-0.753351700156673,-0.9242817141538571,0.031640501117786005,-0.4310810423387449,-24.699124354110435,0.14071286888128753,0.1275061355121565
91.94,-0.7531577646244387,-0.8912453702129198,-0.753351700156673,-0.9242817141538571,0.03303691317260987,-0.4507024076510971,-25.823345774792607,0.14096896515845003,0.12411311348659027
91.96,-0.7507540805829304,-0.8897637801861741,-0.753351700156673,-0.9242817141538571,0.03461553687070611,-0.47169592863649057,-27.02618592437498,0.1412182092922265,0.12092381487915915
91.98,-0.7483498113376955,-0.8882738634484596,-0.753351700156673,-0.9242817141538571,0.03635359960416031,-0.49422033474738425,-28.316739330567867,0.14146101371244058,0.11792248946762562
92.0,-0.7459449987362989,-0.8867758148110024,-0.753351700156673,-0.9242817141538571,0.038230246029118294,-0.5184543727628075,-29.705247429411212,0.14169775908952076,0.1150946663053265
92.02,-0.7435396818410488,-0.88526981808299,-0.753351700156673,-0.9242817141538571,0.0402269031677841,-0.5445993645103865,-31.203245111951855,0.14192879676979686,0.11242705107328277
92.04,-0.7411338971790854,-0.8837560468923568,-0.753351700156673,-0.9242817141538571,0.04232734832928925,-0.5728818435685892,-32.823711796154,0.14215445115670633,0.10990742598915304
92.06,-0.7387280577853891,-0.8822348917799543,-0.753351700156673,-0.9242817141538571,0.044517257192528616,-0.6035564283469443,-34.58123604226999,0.14237502189526907,0.10752455881446465
92.08,-0.7364560512664838,-0.8807883357031993,-0.753351700156673,-0.9242817141538571,0.0466597998331829,-0.6375616049258922,-36.52958914184082,0.13321001559143397,0.247065515787126
92.1,-0.7342092133548354,-0.8793424013052688,-0.753351700156673,-0.9242817141538571,0.04884645985393232,-0.6743245987187979,-38.63595352843996,0.1336626168705557,0.23781622163210336
92.12,-0.731960797123055,-0.8778805515246225,-0.6845562069973178,-0.8843305143638714,0.04784137524796742,-0.23151528373275054,-13.264848650660369,0.13414102410367335,0.22717512365155734
92.14,-0.7297116564143155,-0.8764038732696948,-0.6845562069973178,-0.8843305143638714,0.045845896774814265,-0.24125658299261296,-13.822983985224399,0.13459750257185377,0.217346111591743
92.16,-0.7274618938558205,-0.8749129335098955,-0.6845562069973178,-0.8843305143638714,0.04392708496976627,-0.2511857714250474,-14.391884576393009,0.1350351434998842,0.20819383310444195
92.18,-0.7252108800006867,-0.8734078274286278,-0.6845562069973178,-0.8843305143638714,0.04209640752957661,-0.2613207451629481,-14.972575797050649,0.1354551920799807,0.19966677047289494
92.2,-0.7229594450940282,-0.87188955300042,-0.6845562069973178,-0.8843305143638714,0.04036813366951117,-0.27171386476709675,-15.568057686343042,0.13585708374055372,0.19179520784229354
92.22,-0.720710920183537,-0.8703606652896007,-0.6845562069973178,-0.8843305143638714,0.038759772557842465,-0.2824660194845538,-16.18411077232501,0.13605045326077203,0.18812201636020376
92.24,-0.7184575974293207,-0.8688163870151691,-0.6845562069973178,-0.8843305143638714,0.03728260211700431,-0.29345912597568985,-16.813969378004973,0.13662374000666944,0.17725716598304686
92.26,-0.7162040897629853,-0.8672603598666356,-0.6845562069973178,-0.8843305143638714,0.035958012432682325,-0.30482977192804206,-17.465459401412268,0.13697969267143506,0.1709935239635474
92.28,-0.7139501767008083,-0.8656927797232383,-0.6845562069973178,-0.8843305143638714,0.0348047497831025,-0.31661766964325366,-18.1408561898258,0.13732355881286296,0.16513166272935642
92.3,-0.7116962038181106,-0.8641142005067772,-0.6845562069973178,-0.8843305143638714,0.033841967634893576,-0.3288754963563828,-18.843177926490817,0.13765558069813721,0.15966502723285814
92.32,-0.7094414050911082,-0.862524420693775,-0.6845562069973178,-0.8843305143638714,0.03308744180676727,-0.3416419910221449,-19.574644190015263,0.13797709740659414,0.15453751460614562
92.34,-0.7071869127142115,-0.8609245024815669,-0.6845562069973178,-0.8843305143638714,0.032557491203703444,-0.35499049289157847,-20.3394570099563,0.13828719793904654,0.14979423245020662
92.36,-0.7049319940386606,-0.8593142066819517,-0.6845562069973178,-0.8843305143638714,0.0322643510331547,-0.3689706682886516,-21.140462057061217,0.1385886837185879,0.14531313043075755
92.38,-0.7026774374639723,-0.8576943312969082,-0.6845562069973178,-0.8843305143638714,0.03221591597335681,-0.3836596418964845,-21.982078250169096,0.13888065431082453,0.14113829435835612
92.4,-0.700422082365148,-0.8560643117004513,-0.6845562069973178,-0.8843305143638714,0.03241456793167331,-0.39911624466031353,-22.867676354146745,0.13916501831756634,0.1371872982403044
92.42,-0.6981666938545535,-0.854424929290292,-0.6845562069973178,-0.8843305143638714,0.03285710533635129,-0.41543170299543786,-23.80248325757091,0.139440183114381,0.13353531472581892
92.44,-0.69591131051693,-0.8527764217543197,-0.6845562069973178,-0.8843305143638714,0.033535043407654626,-0.43269623578084393,-24.791668121439915,0.13970798414000285,0.1301032386824552
92.46,-0.6936561809019506,-0.8511191591296593,-0.6845562069973178,-0.8843305143638714,0.03443549972859445,-0.4510115607420393,-25.84105894212702,0.13996887703324745,0.1268735860437964
92.48,-0.6914013250729513,-0.8494533350496489,-0.6845562069973178,-0.8843305143638714,0.03554255587863365,-0.4704879640532849,-26.956974651956013,0.14022359310175148,0.12381614794332307
92.5,-0.6891461494914087,-0.8477787048186923,-0.6845562069973178,-0.8843305143638714,0.03683887013910862,-0.49124437391117054,-28.146229334656596,0.14047244837342987,0.12091923054180498
92.52,-0.6868912964981304,-0.8460959063085435,-0.6845562069973178,-0.8843305143638714,0.038305846761576175,-0.5134230371791245,-29.416973135152187,0.14071486621931584,0.11821161310376915
92.54,-0.6846365896624232,-0.8444049659269766,-0.6845562069973178,-0.8843305143638714,0.03992562935458487,-0.5371759625516415,-30.777915510086615,0.14095210172992978,0.11563911157530526
92.56,-0.6823820518418182,-0.8427060513465909,-0.6845562069973178,-0.8843305143638714,0.04168120526228984,-0.5626740370271377,-32.2388475632428,0.14118415170427667,0.11320417160898266
92.58,-0.6801277051533094,-0.8409993220113106,-0.6845562069973178,-0.8843305143638714,0.04355690369249192,-0.5901073350695922,-33.81065975919995,0.1414112905297138,0.11089661001384421
92.6,-0.6778733898522828,-0.8392847989738615,-0.6845562069973178,-0.8843305143638714,0.04553873647776965,-0.6196865604560703,-35.50542453511136,0.14163377601885685,0.1087068797578361
92.62,-0.6756194856875299,-0.8375628934048835,-0.6845562069973178,-0.8843305143638714,0.04761381478029649,-0.6516445165269784,-37.33648053983889,0.14185162772548665,0.10663621472062346
92.64,-0.6734620842323513,-0.8359049426300507,-0.6845562069973178,-0.8843305143638714,0.04968013242405428,-0.6866790327323843,-39.343810455691326,0.13464814048473883,0.21748108244179498
92.66,-0.6713282413678526,-0.8342505597379506,-0.620284708210357,-0.8374632057630007,0.05114453413301004,-0.23168241362403058,-13.274424488061197,0.13504196471547658,0.21032787024699573
92.68,-0.6691950015621436,-0.8325824404689993,-0.620284708210357,-0.8374632057630007,0.049153216228574034,-0.24104828448765636,-13.8110493600115,0.13546405109989834,0.20170719057799325
92.7,-0.6670616683849635,-0.8309005557272539,-0.620284708210357,-0.8374632057630007,0.04723507572417359,-0.2505932775564552,-14.3579371783353,0.13587005168522737,0.19364852235859153
92.72,-0.6649286477798252,-0.829205687753723,-0.620284708210357,-0.8374632057630007,0.04540118879452249,-0.26035823072311665,-14.917427781927907,0.1362589604658737,0.18620155499249336
92.74,-0.6627963008673327,-0.827498533935244,-0.620284708210357,-0.8374632057630007,0.043663831655816894,-0.27038309063648963,-15.491809945174063,0.1366328529703864,0.17927781848170454
92.76,-0.6606643655764645,-0.8257792890074974,-0.620284708210357,-0.8374632057630007,0.042036063561586845,-0.28069603915718366,-16.08269836974552,0.1369934857293309,0.1728028475744825
92.78,-0.6585326064278685,-0.8240481617328346,-0.620284708210357,-0.8374632057630007,0.04053227262797407,-0.29132899237880033,-16.691921713104183,0.137341033916627,0.16677317154600857
92.8,-0.656401887693842,-0.8223061778803759,-0.620284708210357,-0.8374632057630007,0.03916868836298886,-0.30233696132117643,-17.322631874513423,0.137675786195679,0.16118035825796184
92.82,-0.6542714375461673,-0.8205530538207375,-0.620284708210357,-0.8374632057630007,0.03796117766424088,-0.31374679410015194,-17.976367137698745,0.13800038403832815,0.15590983143409787
92.84,-0.6521415504877905,-0.8187893487196991,-0.620284708210357,-0.8374632057630007,0.03692656681527466,-0.3256086416245334,-18.656000938073504,0.13831378486042212,0.15101240487425116
92.86,-0.6500127366328639,-0.8170157550698747,-0.620284708210357,-0.8374632057630007,0.036081212753137845,-0.3379786453508405,-19.364749944152003,0.13861727889814546,0.14643414642634411
92.88,-0.6478835996792153,-0.8152314354045408,-0.620284708210357,-0.8374632057630007,0.035439390846642896,-0.35088807065521155,-20.10440553003185,0.1389124363220695,0.14210802009917423
92.9,-0.6457555660490929,-0.8134378230241754,-0.620284708210357,-0.8374632057630007,0.035014048820268394,-0.3644161247371562,-20.879505933952004,0.1391970849753399,0.138135535002748
92.92,-0.6436307836633185,-0.8116368919781466,-0.620284708210357,-0.8374632057630007,0.034814332145958485,-0.3786507358630516,-21.695089074475778,0.1393358163828573,0.13625318225796157
92.94,-0.641504119855431,-0.8098245449061806,-0.620284708210357,-0.8374632057630007,0.034844784466565755,-0.39359488785458274,-22.551325911992535,0.1397489365081661,0.13063111030109376
92.96,-0.6393779389607078,-0.808003094972374,-0.620284708210357,-0.8374632057630007,0.0351062613828665,-0.40935680887770154,-23.454417463635767,0.14001132064525024,0.12732080984179106
92.98,-0.6372528746480243,-0.8061732700323244,-0.620284708210357,-0.8374632057630007,0.03559464496643044,-0.42602782100189335,-24.409596098563384,0.14026662432486958,0.12422282309354493
93.0,-0.6351281503921782,-0.8043346102801133,-0.620284708210357,-0.8374632057630007,0.03630195056018141,-0.4436935877762935,-25.42176997659895,0.14051630916593894,0.12127400769612606
93.02,-0.633004360116259,-0.802487803964671,-0.620284708210357,-0.8374632057630007,0.037216505418455434,-0.4624633768170467,-26.497199670985015,0.14075944694598164,0.11851896900449965
93.04,-0.6308815083733793,-0.8006330186893216,-0.620284708210357,-0.8374632057630007,0.03832433761433107,-0.48245206768315513,-27.642467295604725,0.1409973113952745,0.11590273449657573
93.06,-0.6287592401922388,-0.7987701144624622,-0.620284708210357,-0.8374632057630007,0.0396102639060099,-0.503785744510954,-28.864796939333644,0.1412301633594737,0.11341575079315547
93.08,-0.6266379211680319,-0.796899561256642,-0.620284708210357,-0.8374632057630007,0.041058160827341206,-0.5266097380601978,-30.172515441339133,0.14145774095641883,0.11107216915995366
93.1,-0.6245172136762243,-0.7950212145238889,-0.620284708210357,-0.8374632057630007,0.04265251133121523,-0.5510821517621289,-31.574681460957912,0.14168082272778548,0.10883887543000625
93.12,-0.6223971320272658,-0.7931352341170221,-0.620284708210357,-0.8374632057630007,0.04437827626923925,-0.5773812603167496,-33.081509386094076,0.14189917046643075,0.10672876678663457
93.14,-0.6202781797543939,-0.7912421880486843,-0.620284708210357,-0.8374632057630007,0.046221018175370054,-0.605705039171983,-34.704342374360834,0.1421130500219192,0.10473188507775788
93.16,-0.6181597151520124,-0.7893416404576472,-0.620284708210357,-0.8374632057630007,0.048168461081245,-0.6362711087656435,-36.45564915838073,0.14232331254513397,0.10281131263556453
93.18,-0.6160422239992719,-0.7874341425847047,-0.620284708210357,-0.8374632057630007,0.05020862311176479,-0.6693191685734174,-38.349163506462105,0.14252931928568913,0.10099793053108819
93.2,-0.6139944456667846,-0.7855798338172507,-0.620284708210357,-0.8374632057630007,0.05226329196795879,-0.7054204616527032,-40.41761523487003,0.13718507910800426,0.18451386513018697
93.22,-0.6119630935116718,-0.7837269204830384,-0.5614862156548106,-0.7838849679570089,0.05047712528641572,-0.22744285411060328,-13.031515620947275,0.13752549108509982,0.17876869823796326
93.24,-0.6099333163014251,-0.7818622609776575,-0.5614862156548106,-0.7838849679570089,0.04848930711597674,-0.23627391321126992,-13.53749803604607,0.13788475203257988,0.17202029937268826
93.26,-0.6079047676328418,-0.7799859629008152,-0.5614862156548106,-0.7838849679570089,0.04658201593067234,-0.24532344654459193,-14.055998102608376,0.13823149199199136,0.16569294127743994
93.28,-0.6058772023743394,-0.7780982207954593,-0.5614862156548106,-0.7838849679570089,0.044766573965907684,-0.254617053976394,-14.588482584902051,0.13856540881826973,0.15980398339388024
93.3,-0.6038506468324105,-0.7761994549888285,-0.5614862156548106,-0.7838849679570089,0.04305591874046667,-0.26418861633940416,-15.136892711648798,0.13888678347360184,0.1543452051855354
93.32,-0.6018255939730605,-0.7742904617759658,-0.5614862156548106,-0.7838849679570089,0.041464683671299844,-0.2740826620788763,-15.703779774829947,0.13919656564063132,0.14927836424982743
93.34,-0.5998018098672879,-0.7723713485946436,-0.5614862156548106,-0.7838849679570089,0.040008101563016686,-0.2843309226361824,-16.290961852113977,0.1394966424230759,0.1445226601548555
93.36,-0.5977790786759327,-0.7704422347165616,-0.5614862156548106,-0.7838849679570089,0.038702441566957506,-0.29496906545654644,-16.90048253757823,0.1397871144546592,0.14007724137621302
93.38,-0.5957576254112685,-0.7685036247732875,-0.5614862156548106,-0.7838849679570089,0.03756481391981668,-0.30604395568383036,-17.53502700617228,0.14006815802245498,0.13593792283717043
93.4,-0.5937376547259471,-0.766555973644468,-0.5614862156548106,-0.7838849679570089,0.03661214779336638,-0.3176048197860374,-18.197415726753043,0.1403408617314028,0.13205934684235032
93.42,-0.5917189594943112,-0.7645993375280663,-0.5614862156548106,-0.7838849679570089,0.035860205536313056,-0.3296983128507059,-18.89032183892928,0.14060614399937776,0.12840339634223596
93.44,-0.589701538086669,-0.7626339572189745,-0.5614862156548106,-0.7838849679570089,0.035322936986068774,-0.3423794157985764,-19.616895517413166,0.14086404757769344,0.12497118399679152
93.46,-0.587685574042644,-0.760660230038232,-0.5614862156548106,-0.7838849679570089,0.03501135289202644,-0.3557109264405817,-20.380734811733817,0.1411150196095612,0.12174557492694582
93.48,-0.5856706985320664,-0.7586780195247447,-0.5614862156548106,-0.7838849679570089,0.03493249864105213,-0.3697547594143775,-21.185387169318975,0.14135980100373757,0.11869596618918621
93.5,-0.5836570910540537,-0.7566877074285109,-0.5614862156548106,-0.7838849679570089,0.03508901104653365,-0.38458724738387007,-22.035226129649466,0.1415981078194406,0.11583786491575765
93.52,-0.581644919639767,-0.7546896436023371,-0.5614862156548106,-0.7838849679570089,0.03547873039621893,-0.4002920950701308,-22.935047619968003,0.14183064098007847,0.11314233486214853
93.54,-0.5796336789718999,-0.7526835243195141,-0.5614862156548106,-0.7838849679570089,0.0360951590924443,-0.41695577830302655,-23.889806340355843,0.14205800386255518,0.11058452075496383
93.56,-0.5776240230849723,-0.7506701595307129,-0.5614862156548106,-0.7838849679570089,0.03692766344420568,-0.4346863387300311,-24.90569262122488,0.1422796844674501,0.10818995804240394
93.58,-0.5756153098197982,-0.7486490828113164,-0.5614862156548106,-0.7838849679570089,0.03796312558158935,-0.45359274623879275,-25.98894997723137,0.14249702220814342,0.10590030247947801
93.6,-0.5736081597620595,-0.7466210602878679,-0.5614862156548106,-0.7838849679570089,0.03918597126158201,-0.47380733354430943,-27.14716051443621,0.14270928074404665,0.10375098496662183
93.62,-0.571601810753775,-0.7445854889307344,-0.5614862156548106,-0.7838849679570089,0.04058046717255462,-0.4954694751329241,-28.388309802678645,0.14291764244154237,0.10169043997643179
93.64,-0.5695972989510422,-0.7425435345400078,-0.5614862156548106,-0.7838849679570089,0.04212960703840881,-0.5187451942148049,-29.721910271202532,0.143121229376586,0.09976044981985233
93.66,-0.5675937454004653,-0.7404944448756463,-0.5614862156548106,-0.7838849679570089,0.043818254333876844,-0.5438120859899751,-31.15813737543098,0.14332171527193793,0.09788678239974757
93.68,-0.5655914334231553,-0.738438639533791,-0.5614862156548106,-0.7838849679570089,0.045631366186829427,-0.5708745144814265,-32.70870031136573,0.14351805093681946,0.09611870637193931
93.7,-0.5635900857633821,-0.7363759672897706,-0.5614862156548106,-0.7838849679570089,0.047555561334436884,-0.6001603978926008,-34.38665783013821,0.14371081877255776,0.09443149230459191
93.72,-0.5615901119482832,-0.7343069595184739,-0.5614862156548106,-0.7838849679570089,0.049578117301600354,-0.6319235753896756,-36.206553844645505,0.14389985048000042,0.09283449399988264
93.74,-0.5596373585164949,-0.7322776545608022,-0.5614862156548106,-0.7838849679570089,0.05164042088027748,-0.6666835159437653,-38.19815173452048,0.14022476863075894,0.15003918188982723
93.76,-0.5576954409164434,-0.7302476160623732,-0.5079565761954674,-0.7250248876532897,0.050012314041309854,-0.2067886915365874,-11.848119276079105,0.14050675916221778,0.1457188140163712
93.78,-0.555755153965793,-0.7282075711645356,-0.5079565761954674,-0.7250248876532897,0.047904420580971656,-0.21458423612854327,-12.294771080204209,0.14079949290133342,0.1407938510855633
93.8,-0.5538168493840472,-0.7261582183622103,-0.5079565761954674,-0.7250248876532897,0.04587427487630678,-0.22260835717551242,-12.754519350497636,0.1410820655965317,0.1362068138466288
93.82,-0.5518803027882887,-0.7240996435568775,-0.5079565761954674,-0.7250248876532897,0.04393347054853351,-0.23088376267630295,-13.22866515945228,0.1413558553365668,0.13189916164724202
93.84,-0.5499454947821452,-0.7220321315076602,-0.5079565761954674,-0.7250248876532897,0.04209543767946658,-0.23943962357282456,-13.718879878923984,0.14162094595553398,0.1278704906793049
93.86,-0.5480124073771961,-0.719955949970561,-0.5079565761954674,-0.7250248876532897,0.04037528626388348,-0.24830725833379833,-14.226957924991282,0.14187789553874453,0.12409906598453979
93.88,-0.5460810229295563,-0.7178713498619578,-0.5079565761954674,-0.7250248876532897,0.0387897736744157,-0.25752040396142506,-14.754832285493702,0.14212722509974185,0.12056466250909281
93.9,-0.5441513241881695,-0.7157785665419256,-0.5079565761954674,-0.7250248876532897,0.037357117612975256,-0.2671156010966824,-15.304596584939967,0.14236941474585763,0.11724873189011831
93.92,-0.5422232943417278,-0.7136778210108787,-0.5079565761954674,-0.7250248876532897,0.03609659116734659,-0.27713263076425243,-15.878530108149063,0.14260490698863038,0.11413425888173734
93.94,-0.5402969170511864,-0.7115693210105821,-0.5079565761954674,-0.7250248876532897,0.035027844928576926,-0.287615011047774,-16.479126257645994,0.14283410984932132,0.11120562746769203
93.96,-0.5383721764702073,-0.7094532620371533,-0.5079565761954674,-0.7250248876532897,0.03416993216852896,-0.2986105645719871,-17.109125067993602,0.14305739969469045,0.10844849964941616
93.98,-0.5364492080750661,-0.7073299854274259,-0.5079565761954674,-0.7250248876532897,0.03354011980016178,-0.31017399620090136,-17.771660897018478,0.14327512383243146,0.10584970561611229
94.0,-0.5345275505932071,-0.7051991887608133,-0.5079565761954674,-0.7250248876532897,0.03315230032773707,-0.3223580248485374,-18.46975431599451,0.1434878627616598,0.1033853739640378
94.02,-0.532607629448027,-0.7030615166228884,-0.5079565761954674,-0.7250248876532897,0.033016118691929795,-0.3352334230607798,-19.207460293106287,0.14369512637584236,0.10107986719076756
94.04,-0.5306895654177273,-0.7009172587304577,-0.5079565761954674,-0.7250248876532897,0.03313557863174182,-0.3488737785916214,-19.98899509608144,0.1438979777629079,0.09888744180730491
94.06,-0.5287727923675125,-0.6987659566206086,-0.5079565761954674,-0.7250248876532897,0.03350889903742605,-0.36335453005010143,-20.818681038830256,0.14409684885983154,0.09679042365151602
94.08,-0.5268575701315779,-0.6966080588575093,-0.5079565761954674,-0.7250248876532897,0.03412863505301046,-0.37877015647853796,-21.70193137173,0.14429105881319515,0.0948214325280361
94.1,-0.5249440167201548,-0.6944438381165374,-0.5079565761954674,-0.7250248876532897,0.03498247741868898,-0.3952247416500364,-22.644709655695408,0.14448129237525364,0.09295148034826894
94.12,-0.5230316091489605,-0.6922728612787343,-0.5079565761954674,-0.7250248876532897,0.0360548450307094,-0.4128312570846994,-23.653488682033544,0.1446679433169784,0.09116443635659444
94.14,-0.5211210907251186,-0.6900960863526773,-0.5079565761954674,-0.7250248876532897,0.03732727693120753,-0.4317269169968757,-24.736130246115785,0.14485045089474013,0.08948742611480931
94.16,-0.5192119559859024,-0.687913068316021,-0.5079565761954674,-0.7250248876532897,0.03878106121225931,-0.4520586727971644,-25.901054043562958,0.14503009655202348,0.0878639612855725
94.18,-0.5173044332071307,-0.685724184947362,-0.5079565761954674,-0.7250248876532897,0.04039712445076027,-0.4739983716162365,-27.158106189683945,0.14520631151366814,0.08632120946483468
94.2,-0.5153981599871871,-0.6835291466106959,-0.5079565761954674,-0.7250248876532897,0.04215772401355637,-0.4977398024625116,-28.518389976777215,0.1453795710330219,0.08483902178890723
94.22,-0.5134934743121709,-0.6813284489747208,-0.5079565761954674,-0.7250248876532897,0.04404583968940408,-0.523505964693725,-29.99468232687513,0.14554954551426746,0.08343376317943019
94.24,-0.51159036383712,-0.6791221790190641,-0.5079565761954674,-0.7250248876532897,0.046046314429965284,-0.5515495667180637,-31.601462365214264,0.14571683461888085,0.08207952806538188
94.26,-0.5096884864078122,-0.6769100516942966,-0.5079565761954674,-0.7250248876532897,0.04814599622340815,-0.5821592791789952,-33.35526970133465,0.14588153536960746,0.08077305497455889
94.28,-0.507788590867249,-0.6746930169760301,-0.5079565761954674,-0.7250248876532897,0.05033215100651744,-0.6156591542940615,-35.274671159643276,0.14604334277388276,0.07952943618660946
94.3,-0.5059149515185765,-0.6724985587849223,-0.45892961042896074,-0.6623516285461661,0.04806851849784549,-0.18084980570716525,-10.361930592781517,0.1438336115487715,0.1152949306737483
94.32,-0.5040495048280743,-0.6703036187399312,-0.45892961042896074,-0.6623516285461661,0.045815270583386226,-0.18757951439266918,-10.747514497813425,0.14404989520730993,0.11248030890920191
94.34,-0.5021863447174699,-0.6681014415280588,-0.45892961042896074,-0.6623516285461661,0.043637202140300285,-0.1945355792208293,-11.146067654486396,0.14427541874937333,0.10916092135326849
94.36,-0.5003248148876861,-0.6658915332490439,-0.45892961042896074,-0.6623516285461661,0.04154628596499489,-0.20172857144753042,-11.558195751146778,0.14449506834797177,0.1060115450979282
94.38,-0.4984654653296673,-0.6636747736315742,-0.45892961042896074,-0.6623516285461661,0.03955798952988841,-0.20919643733890972,-11.986072948692513,0.14470772131423004,0.10308490310806384
94.4,-0.49660784295910776,-0.6614508624077001,-0.45892961042896074,-0.6623516285461661,0.03768899821210476,-0.2169595695140426,-12.430867658129843,0.14491506177751745,0.10030812846339998
94.42,-0.4947517890053892,-0.6592198508771637,-0.45892961042896074,-0.6623516285461661,0.03595881685108106,-0.2250473502434258,-12.894263359550738,0.1451165110668562,0.09770945803677655
94.44,-0.4928978085736785,-0.6569825321231445,-0.45892961042896074,-0.6623516285461661,0.03438990668202677,-0.23350310664705662,-13.378742514069504,0.1453121898508769,0.09528598564623181
94.46,-0.4910456150306249,-0.6547387534107763,-0.45892961042896074,-0.6623516285461661,0.03300596339150169,-0.24235962460214308,-13.886183614077792,0.14550348886430697,0.09297751891290673
94.48,-0.4891950599578026,-0.6524885279438123,-0.45892961042896074,-0.6623516285461661,0.03183203086004766,-0.2516564662631293,-14.418853404053698,0.14569013644178952,0.09079815760482113
94.5,-0.4873463635683359,-0.6502322901152688,-0.45892961042896074,-0.6623516285461661,0.030893206744959496,-0.26144314401662605,-14.979588734783635,0.14587216863013452,0.08874828449689787
94.52,-0.48549938373872903,-0.64797003111318,-0.45892961042896074,-0.6623516285461661,0.030212302104555847,-0.2717689489838765,-15.571213779482306,0.14605028016081434,0.0867985589159126
94.54,-0.4836542121656466,-0.6457020138125295,-0.45892961042896074,-0.6623516285461661,0.029807978828096684,-0.2826923848439803,-16.19708055204811,0.14622446219716423,0.0849510756950611
94.56,-0.48181049258381187,-0.6434279627419474,-0.45892961042896074,-0.6623516285461661,0.029692421518864774,-0.2942737159882062,-16.86064194775567,0.14639510334175654,0.08318998829248692
94.58,-0.47996853639538706,-0.641148398746875,-0.45892961042896074,-0.6623516285461661,0.029869940738848386,-0.3065893630820574,-17.566276548205902,0.14656183553602986,0.08153348452721865
94.6,-0.47812842786158716,-0.6388635493536079,-0.45892961042896074,-0.6623516285461661,0.03033619051507963,-0.3197220144819375,-18.318722047235603,0.14672539945710383,0.0799498059733672
94.62,-0.4762897300790163,-0.6365730109879859,-0.45892961042896074,-0.6623516285461661,0.031079106767652822,-0.3337608255494716,-19.123086670786858,0.14688609090880433,0.0784269433140583
94.64,-0.47445253102993423,-0.6342770248577053,-0.45892961042896074,-0.6623516285461661,0.03208028111236348,-0.3488135426442025,-19.985543830519365,0.1470434016539457,0.0769891478191731
94.66,-0.4726178017656549,-0.6319768857930084,-0.45892961042896074,-0.6623516285461661,0.033316536125330594,-0.36500844182174463,-20.91344320303242,0.14718224092300503,0.07575937776116426
94.68,-0.47078386768826025,-0.6296706244145637,-0.45892961042896074,-0.6623516285461661,0.0347645141806911,-0.38247426981281585,-21.914161432622254,0.14735041603417542,0.07425983021946969
94.7,-0.46895138798689345,-0.6273592001791467,-0.45892961042896074,-0.6623516285461661,0.0363992591743523,-0.40137767686952763,-22.997246875389656,0.14749934456785851,0.07300533229392947
94.72,-0.4671205389338283,-0.6250429339908578,-0.45892961042896074,-0.6623516285461661,0.03819725119944038,-0.42190664423852636,-24.173470063395072,0.14764560613160782,0.07180876992252117
94.74,-0.46529112144074414,-0.6227216773698084,-0.45892961042896074,-0.6623516285461661,0.04013728755899602,-0.44427759311531856,-25.455231017738193,0.147789582640101,0.07065399990846544
94.76,-0.4634633030117788,-0.6203957339719541,-0.45892961042896074,-0.6623516285461661,0.04220013575757656,-0.4687435064326027,-26.85702459275149,0.14793112159381394,0.06954895461319666
94.78,-0.46163698038195417,-0.6180650640600457,-0.45892961042896074,-0.6623516285461661,0.044369242117098154,-0.4955987394214223,-28.395716100851352,0.14807055101702105,0.06847978728075077
94.8,-0.45981222678030725,-0.6157298462106221,-0.45892961042896074,-0.6623516285461661,0.046630136175723425,-0.5251868936360458,-30.090992460931496,0.14820783134155135,0.06744921087209477
94.82,-0.4579887723495736,-0.6133898286820186,-0.41344862117256675,-0.5970510053266489,0.047442409461457564,-0.14821188957175668,-8.491915746120677,0.14834314199489995,0.06644998889138165
94.84,-0.4561785788865569,-0.6110598510307762,-0.41344862117256675,-0.5970510053266489,0.044967733367398344,-0.1535336444510913,-8.796829840309702,0.14743548780282723,0.0818859776552383
94.86,-0.4543716101017903,-0.6087262126134468,-0.41344862117256675,-0.5970510053266489,0.04255586314588215,-0.15908655857538923,-9.114988383630557,0.14759617255775126,0.08008954105132027
94.88,-0.45256648910845587,-0.6063872862021903,-0.41344862117256675,-0.5970510053266489,0.040216585290606933,-0.16485523775623523,-9.445509354058018,0.14775689057220376,0.07822484909159044
94.9,-0.4507628802177795,-0.6040428109946667,-0.41344862117256675,-0.5970510053266489,0.037963657286839037,-0.17085539692348886,-9.789293150748382,0.14791408614591717,0.07645029849845386
94.92,-0.44896105361406385,-0.6016932851972824,-0.41344862117256675,-0.5970510053266489,0.03581457273665546,-0.17711530644532847,-10.147959546483548,0.1480673416546452,0.07478610769773297
94.94,-0.44716088840906765,-0.5993386949353566,-0.41344862117256675,-0.5970510053266489,0.0337897985488378,-0.18365891956403313,-10.522880960951763,0.1482174131274938,0.07320002464283881
94.96,-0.4453623608681888,-0.5969791468152142,-0.41344862117256675,-0.5970510053266489,0.031913820595559986,-0.19051443733289222,-10.915673195484333,0.14836428900100174,0.07169394620865077
94.98,-0.4435653585833582,-0.5946146303261903,-0.41344862117256675,-0.5970510053266489,0.03021512527548786,-0.197711963730276,-11.328061080988423,0.14850812871740615,0.07026209004723505
95.0,-0.4417699505513767,-0.5922453610233759,-0.41344862117256675,-0.5970510053266489,0.028726153848933955,-0.2052876716132105,-11.762117169504556,0.14864893926933576,0.06890547419757809
95.02,-0.43997620256779424,-0.5898715386372564,-0.41344862117256675,-0.5970510053266489,0.02748194528457758,-0.2132814966384067,-12.220129605614359,0.14878702154144108,0.06761188683479524
95.04,-0.4381839246312919,-0.5874930300270459,-0.41344862117256675,-0.5970510053266489,0.026517732350693976,-0.22173501152593555,-12.704480330720772,0.14892263339163492,0.06637089989824929
95.06,-0.4363936742734632,-0.5851106589960199,-0.41344862117256675,-0.5970510053266489,0.025865949282760214,-0.23070368016607745,-13.218347191652237,0.1490556233884277,0.06519041602759401
95.08,-0.43460445776508255,-0.5827232264774063,-0.41344862117256675,-0.5970510053266489,0.02555102089314701,-0.24023250885887537,-13.764308859452719,0.14918694860774906,0.06402843729436114
95.1,-0.43281681870923105,-0.5803315611550558,-0.41344862117256675,-0.5970510053266489,0.02558645909902868,-0.2503911271852761,-14.346354815239733,0.14931523787815593,0.06294745148904823
95.12,-0.4310306620994173,-0.577935631331968,-0.41344862117256675,-0.5970510053266489,0.02597163233433683,-0.2612510871120876,-14.968584684727235,0.14944145707689316,0.06190528114236038
95.14,-0.42924604752714807,-0.5755356053407115,-0.41344862117256675,-0.5970510053266489,0.026692154577390277,-0.27289592829527565,-15.635784937624036,0.14956558029037836,0.06090400157310327
95.16,-0.42746280840034206,-0.573131351662654,-0.41344862117256675,-0.5970510053266489,0.027722685206534425,-0.2854200070154207,-16.353361790577953,0.14968778880568578,0.05993633465095627
95.18,-0.4256810039592839,-0.5707230367284981,-0.41344862117256675,-0.5970510053266489,0.029030899385757706,-0.29893461639962016,-17.12769187006048,0.14980795177592654,0.059009018842370864
95.2,-0.42390061966038683,-0.5683107236244567,-0.41344862117256675,-0.5970510053266489,0.030581825725596545,-0.3135684754796378,-17.966150233334687,0.1499262480082919,0.0581148711908952
95.22,-0.42212171202022347,-0.565894565446632,-0.41344862117256675,-0.5970510053266489,0.03234109229523357,-0.3294723244287413,-18.877373656131887,0.15004274599519363,0.05725160735714496
95.24,-0.4203441266293434,-0.563474432977179,-0.41344862117256675,-0.5970510053266489,0.03427731328799883,-0.3468222327477627,-19.87145017775073,0.15015759451539878,0.05641327491368031
95.26,-0.4185679193663263,-0.5610504779699453,-0.41344862117256675,-0.5970510053266489,0.03636268944890341,-0.3658272519938078,-20.960357570114017,0.15027067256436766,0.055606053179779735
95.28,-0.4167930097563949,-0.5586226666531571,-0.41344862117256675,-0.5970510053266489,0.038573593923877866,-0.3867350254234867,-22.15828474665038,0.15038212683728958,0.05482407522072741
95.3,-0.4150195188487854,-0.5561912319273205,-0.41344862117256675,-0.5970510053266489,0.04088995966925888,-0.4098411533352695,-23.482168356884966,0.15049193138372274,0.05406921874118176
95.32,-0.4132473679162382,-0.5537561340569984,-0.41344862117256675,-0.5970510053266489,0.04329533902314185,-0.4354995355150091,-24.952285364917724,0.15060029627909088,0.053332684323281754
95.34,-0.4114765445276211,-0.551317422774184,-0.41344862117256675,-0.5970510053266489,0.045776081739011446,-0.4641362171024686,-26.59304635913915,0.15070718260732363,0.05261684296375968
95.36,-0.40970513226325506,-0.5488726258052625,-0.3705198993274769,-0.5300398342272552,0.04347593033911816,-0.12106778596095447,-6.93667317055589,0.15099843589698736,0.049014903715782765
95.38,-0.4079345512532287,-0.5464239462465554,-0.3705198993274769,-0.5300398342272552,0.040844770845068275,-0.12521269653984235,-7.174159053185293,0.1510975462867492,0.0484757137075853
95.4,-0.4061652550866539,-0.5439720586112928,-0.3705198993274769,-0.5300398342272552,0.038271376555925773,-0.12954538276686178,-7.422403687947967,0.15119460555172992,0.047986435356417445
95.42,-0.4043971221874675,-0.5415168406064269,-0.3705198993274769,-0.5300398342272552,0.03576853231728994,-0.13408122099203368,-7.682288074804426,0.15129072520645437,0.04749866428066518
95.44,-0.4026302583867834,-0.5390584812342709,-0.3705198993274769,-0.5300398342272552,0.0333528282572069,-0.13883889384864578,-7.954882649792251,0.1513858200890006,0.04701667446593838
95.46,-0.4008646552065721,-0.5365970104873095,-0.3705198993274769,-0.5300398342272552,0.03104514084147954,-0.1438383081063208,-8.241327986794559,0.15147999803541978,0.046535939008940375
95.48,-0.39910019344198105,-0.5341323078129282,-0.3705198993274769,-0.5300398342272552,0.02887181240796966,-0.1491010152333072,-8.542858893984299,0.15157326220727185,0.04605666557466748
95.5,-0.39733692013445343,-0.5316644829578652,-0.3705198993274769,-0.5300398342272552,0.026866188573366406,-0.15465243411862617,-8.860931766422295,0.15166551932050965,0.04558345953364906
95.52,-0.39557477326670953,-0.5291934946439768,-0.3705198993274769,-0.5300398342272552,0.025069164302007785,-0.16052041655438087,-9.197142394247937,0.15175682820229852,0.04511403737583741
95.54,-0.39381385220376214,-0.5267195234519736,-0.3705198993274769,-0.5300398342272552,0.02352940084760017,-0.16673746851372007,-9.553353232531611,0.15184715016038908,0.04465053603852631
95.56,-0.3920540427571316,-0.5242424538141063,-0.3705198993274769,-0.5300398342272552,0.022300873366388675,-0.1733390016134102,-9.931593217459772,0.1519365902839631,0.04418856099586144
95.58,-0.39029538950231657,-0.52176239136988,-0.3705198993274769,-0.5300398342272552,0.021437958669432385,-0.18036639903644514,-10.334233430760785,0.15202505979994285,0.04373249577693805
95.6,-0.3885378327389707,-0.519279296507314,-0.3705198993274769,-0.5300398342272552,0.02098654560529916,-0.1878662862636289,-10.763945315702488,0.15211261600587278,0.0432801205429989
95.62,-0.38678151798724564,-0.5167934128722962,-0.3705198993274769,-0.5300398342272552,0.020973981981227418,-0.1958932942756897,-11.223858996911268,0.15219922148430598,0.042833498711258855
95.64,-0.3850262848413236,-0.5143045573103812,-0.3705198993274769,-0.5300398342272552,0.021401732647779954,-0.20450861632804251,-11.717480589657072,0.15228502246786846,0.04238636227893444
95.66,-0.3832721753213983,-0.5118128314954441,-0.3705198993274769,-0.5300398342272552,0.022245093203009797,-0.21378437943442885,-12.248942667416166,0.15236988462028478,0.041945122282172065
95.68,-0.3815191813086539,-0.5093182655193883,-0.3705198993274769,-0.5300398342272552,0.023459915042819184,-0.22380424752960248,-12.823038820547403,0.15245386311217857,0.041507650070382596
95.7,-0.37976739194560305,-0.5068210238808389,-0.3705198993274769,-0.5300398342272552,0.02499258437267231,-0.23466649391791206,-13.445399694628763,0.15253696590802335,0.04107393584473762
95.72,-0.3780166537632474,-0.5043209305939254,-0.3705198993274769,-0.5300398342272552,0.02678923909279156,-0.24648585782934374,-14.122599363283035,0.15261928726477691,0.04064005451720476
95.74,-0.3762671487705726,-0.5018182820591628,-0.3705198993274769,-0.5300398342272552,0.02880081392838621,-0.2593994971522612,-14.862496394640383,0.15270069753787752,0.04021218055538789
95.76,-0.3745186328233834,-0.49931277228987264,-0.3705198993274769,-0.5300398342272552,0.030986161505985675,-0.27356971023981713,-15.674389799358382,0.1527813786242227,0.03978245019964355
95.78,-0.37277114435934783,-0.4968045001263955,-0.3705198993274769,-0.5300398342272552,0.033311492566219424,-0.2891924541974121,-16.569507092542082,0.15286111541632508,0.03936086780620407
95.8,-0.37102467577844206,-0.49429349727615857,-0.3705198993274769,-0.5300398342272552,0.03574990076471242,-0.30650468455780877,-17.56142482615106,0.15293996362641948,0.03894530066772539
95.82,-0.36927926486879853,-0.4917798581878485,-0.3705198993274769,-0.5300398342272552,0.03828008542827507,-0.32579523681007205,-18.66669205468233,0.15301793734190383,0.03853547704824045
95.84,-0.36753499321608396,-0.4892637364044161,-0.3705198993274769,-0.5300398342272552,0.04088520292418241,-0.34741877693930434,-19.90562964221911,0.15309509026053547,0.03812932684921222
95.86,-0.36579176319953555,-0.48674503026246274,-0.3705198993274769,-0.5300398342272552,0.04355221373930553,-0.37181520246717836,-21.303441860171514,0.15317151137459462,0.03772316102157447
95.88,-0.3640362940546115,-0.48420539461552137,-0.32918978128066684,-0.46202827083716624,0.04130501509000056,-0.0897873343310437,-5.144435310898887,0.154600871598376,0.01605972674179057
95.9,-0.3622786093669042,-0.48166075778715334,-0.32918978128066684,-0.46202827083716624,0.038474733110990963,-0.09253785363522404,-5.302028458497681,0.15463949008536204,0.016664177876490882
95.92,-0.3605214189342131,-0.47911499439243055,-0.32918978128066684,-0.46202827083716624,0.03568792008379223,-0.09544662220184563,-5.468688620945415,0.15467263710657875,0.017492938790830692
95.94,-0.35876472245775864,-0.47656801334511206,-0.32918978128066684,-0.46202827083716624,0.032955746962036944,-0.09852734760986581,-5.64520118466369,0.15470729147839535,0.01824310093656578
95.96,-0.35700855843476276,-0.474019790177212,-0.32918978128066684,-0.46202827083716624,0.030293248396828308,-0.10179161515322022,-5.832229938099435,0.15474355263247475,0.018909718531023856
95.98,-0.3552529243798586,-0.4714702475477341,-0.32918978128066684,-0.46202827083716624,0.02772072063298235,-0.10525430287529713,-6.030627330346212,0.15478117208367337,0.019502793431325216
96.0,-0.35349785616970003,-0.46891937434598635,-0.32918978128066684,-0.46202827083716624,0.025265981326283743,-0.10893093193570569,-6.2412826583427705,0.154820059055627,0.020025671970680392
96.02,-0.351743389372873,-0.46636716895415903,-0.32918978128066684,-0.46202827083716624,0.022967178208183784,-0.1128395568275019,-6.465230368342471,0.15486000582338733,0.02048674956789398
96.04,-0.3499895148114619,-0.4638135689332014,-0.32918978128066684,-0.46202827083716624,0.02087621144374111,-0.11700201066378413,-6.703721405579482,0.154900840999872,0.020892940941763527
96.06,-0.3482362436726222,-0.4612585469240842,-0.32918978128066684,-0.46202827083716624,0.01906200945730905,-0.12144262569372555,-6.9581499052374856,0.1549425050241915,0.02124645374856904
96.08,-0.3464835856974664,-0.4587020789983341,-0.32918978128066684,-0.46202827083716624,0.017610770095462313,-0.12618933935758234,-7.230116564733559,0.15498489187724118,0.02155150585547716
96.1,-0.3447315256576462,-0.456144108638236,-0.32918978128066684,-0.46202827083716624,0.01661833875761019,-0.1312746707529452,-7.521484591113224,0.15502790337418304,0.02181202340523214
96.12,-0.34298009464000206,-0.45358465289848465,-0.32918978128066684,-0.46202827083716624,0.01616995443540535,-0.13673545077156143,-7.8343642390293065,0.1550714753165039,0.022030533943784292
96.14,-0.34122929888074716,-0.45102369716579327,-0.32918978128066684,-0.46202827083716624,0.016311058387833668,-0.14261487260046335,-8.171230295802474,0.15511549268190095,0.022211735348776074
96.16,-0.3394791931319039,-0.44846130314181903,-0.32918978128066684,-0.46202827083716624,0.017027466302740765,-0.1489628223418572,-8.534941024545503,0.1551598799138354,0.02235869636879606
96.18,-0.3377297074218989,-0.44589735162684974,-0.32918978128066684,-0.46202827083716624,0.01825203805243285,-0.15583905878828153,-8.928920351859652,0.15520453852140292,0.022475452412518138
96.2,-0.3359808704046918,-0.44333187128225043,-0.32918978128066684,-0.46202827083716624,0.019891562226419184,-0.16331289903286694,-9.35713985462942,0.15524945439944204,0.022562576088569486
96.22,-0.33423268491247343,-0.4407648562392884,-0.32918978128066684,-0.46202827083716624,0.02185323036534719,-0.17146681195057933,-9.824324651331542,0.15529455341409815,0.02262312679968126
96.24,-0.3324851277398388,-0.4381962650300082,-0.32918978128066684,-0.46202827083716624,0.02405875743005844,-0.1803994183159795,-10.336125296120667,0.15533978150301664,0.022659356799792363
96.26,-0.33073825119363487,-0.4356261700619223,-0.32918978128066684,-0.46202827083716624,0.026447470283894926,-0.19022880230579775,-10.899307513950713,0.1553850929708389,0.02267320785565019
96.28,-0.32899197978191713,-0.43305445814784205,-0.32918978128066684,-0.46202827083716624,0.02897448786758709,-0.20109898028674425,-11.522122834814986,0.1554304352303859,0.022666853940478404
96.3,-0.32724641584849434,-0.4304812798465341,-0.32918978128066684,-0.46202827083716624,0.031606792146087644,-0.2131849675128089,-12.214598894117517,0.1554757695738651,0.022642032942998824
96.32,-0.3255015338187215,-0.4279065993340594,-0.32918978128066684,-0.46202827083716624,0.034320425922568044,-0.22670374109057892,-12.98916756431671,0.15552106108653874,0.022600137672412757
96.34,-0.3237572821709333,-0.4253303445544479,-0.32918978128066684,-0.46202827083716624,0.03709784144703146,-0.2419262677994357,-13.861354098259376,0.15556627811932344,0.022542575794926023
96.36,-0.32201368533334473,-0.4227525570514579,-0.32918978128066684,-0.46202827083716624,0.039925906958039804,-0.2591941974907386,-14.850733590499672,0.1556113805396997,0.022471161890136315
96.38,-0.32027074193072347,-0.42017324177579496,-0.28856923172221716,-0.39358942787236373,0.041372513957364174,-0.05776654174934892,-3.309779039303961,0.15565634428700292,0.022386949576347348
96.4,-0.31851276509446036,-0.4175699653530156,-0.28856923172221716,-0.39358942787236373,0.03836249951027164,-0.059301984609964054,-3.3977534349007015,0.15816991571515615,-0.01711028277284754
96.42,-0.31674170411358793,-0.41494886197789094,-0.28856923172221716,-0.39358942787236373,0.03535411752470859,-0.06062546969834859,-3.4735835447136343,0.15816729294169107,-0.01623036993025906
96.44,-0.31497017645676456,-0.4123288046651681,-0.28856923172221716,-0.39358942787236373,0.032375517377477084,-0.06207845435275727,-3.5568334331085265,0.1581343922454792,-0.014042471858655148
96.46,-0.31319827975673453,-0.40970969618679176,-0.28856923172221716,-0.39358942787236373,0.029435574694843595,-0.06366664089078966,-3.6478298188172755,0.1581058697225579,-0.012027650387880229
96.48,-0.3114260349336277,-0.4070913646677552,-0.28856923172221716,-0.39358942787236373,0.026546859518065277,-0.06539283811632446,-3.7467336344476116,0.1580814114569229,-0.010174511436700229
96.5,-0.3096535438029952,-0.40447375101243965,-0.28856923172221716,-0.39358942787236373,0.023727973072667528,-0.0672709571386626,-3.8543419278508235,0.15806032117771096,-0.008454992256323735
96.52,-0.30788085375448004,-0.4018567273201535,-0.28856923172221716,-0.39358942787236373,0.021006831880995433,-0.06931015313770994,-3.9711792521961997,0.1580428953379176,-0.006883450703876193
96.54,-0.30610799517880866,-0.3992401660429652,-0.28856923172221716,-0.39358942787236373,0.018426585832946964,-0.07151982650147515,-4.0977842100424215,0.15802881412776415,-0.0054478225119947155
96.56,-0.3043349984999886,-0.3966239620088258,-0.28856923172221716,-0.39358942787236373,0.01605514869181954,-0.07391188960182549,-4.234839330021475,0.1580176313570547,-0.004130428181703394
96.58,-0.30256191689394707,-0.3940080442842852,-0.28856923172221716,-0.39358942787236373,0.013998945603704594,-0.07650470590391367,-4.383396761183845,0.15800897528244207,-0.002916580454925821
96.6,-0.30078877097216605,-0.39139231585388123,-0.28856923172221716,-0.39358942787236373,0.012415491963784676,-0.07931408186486433,-4.544362146811828,0.15800289935103962,-0.0018097455556365105
96.62,-0.29901559689071655,-0.38877670969067246,-0.28856923172221716,-0.39358942787236373,0.011501686899321293,-0.08236282630013825,-4.719042335767019,0.15799894780883506,-0.0007914500943506653
96.64,-0.2972424262669714,-0.38616115657095673,-0.28856923172221716,-0.39358942787236373,0.011419435981626301,-0.0856772703118045,-4.908945989067904,0.1579970594201896,0.0001399799787193956
96.66,-0.2954692799563839,-0.38354558960769447,-0.28856923172221716,-0.39358942787236373,0.012185620735960143,-0.08928539222708598,-5.115676146782192,0.15799715309450235,0.0009871080164369772
96.68,-0.293696183721776,-0.3809299509534739,-0.28856923172221716,-0.39358942787236373,0.013658257307053697,-0.09322444977527002,-5.341367519552287,0.15799887317227146,0.001764378750879203
96.7,-0.2919231585344335,-0.37831418662939237,-0.28856923172221716,-0.39358942787236373,0.01563911187032937,-0.09753578035905432,-5.588388566088802,0.15800224647488648,0.0024699058531751916
96.72,-0.29015022497559556,-0.37569825350005376,-0.28856923172221716,-0.39358942787236373,0.017960892519238266,-0.10226926393768453,-5.859597197538794,0.15800704518076358,0.0031127752742055037
96.74,-0.28837739940169205,-0.3730821059122539,-0.28856923172221716,-0.39358942787236373,0.020508219172195367,-0.10748657408779694,-6.158527049551001,0.1580130778712885,0.0037006060971123134
96.76,-0.2866046953340155,-0.37046569704158044,-0.28856923172221716,-0.39358942787236373,0.023207031924722423,-0.11326224761237802,-6.489448766354946,0.15802030273324164,0.00423465340348983
96.78,-0.2848321304180194,-0.36784899463127346,-0.28856923172221716,-0.39358942787236373,0.02601030237419129,-0.11968621179689098,-6.857514801870738,0.1580286652306917,0.0047167421690641476
96.8,-0.2830597220983729,-0.365231974238725,-0.28856923172221716,-0.39358942787236373,0.028887711451051346,-0.12686994468269353,-7.269112377376559,0.1580380022974559,0.00515340111362228
96.82,-0.2812874780680392,-0.3626145998413039,-0.28856923172221716,-0.39358942787236373,0.031819238014664394,-0.13495389088872822,-7.732288376793142,0.15804817810245453,0.005550056503267342
96.84,-0.2795154147347249,-0.35999685406455734,-0.28856923172221716,-0.39358942787236373,0.034791272139373164,-0.14411465367968324,-8.257161421835349,0.1580591592182934,0.005907781831515635
96.86,-0.2777435423517733,-0.3573787145790275,-0.28856923172221716,-0.39358942787236373,0.03779432903965276,-0.15457932472939107,-8.856742906976343,0.15807083169221414,0.006231134457301835
96.88,-0.27597184513501155,-0.3547601187564067,-0.24782166320023402,-0.32522630132483143,0.04080047934819752,-0.027459480375658818,-1.5733123331475587,0.15808313228404813,0.006522536974973292
96.9,-0.2741979717866656,-0.35213990152060015,-0.24782166320023402,-0.32522630132483143,0.037683571090653636,-0.027344997780777813,-1.566752963633171,0.1582671392562851,-0.051726112083594344
96.92,-0.27242003075029697,-0.34951931582101536,-0.24782166320023402,-0.32522630132483143,0.03457210203964741,-0.02710959152340464,-1.5532651786147178,0.15835213613026866,-0.04879507985000586
96.94,-0.2706388070655258,-0.3468993419494705,-0.24782166320023402,-0.32522630132483143,0.03146971153485008,-0.026937654929702903,-1.5434139374517526,0.15845060559946944,-0.045244678434919194
96.96,-0.26885386308233683,-0.34427890136081934,-0.24782166320023402,-0.32522630132483143,0.028378777281836014,-0.026874819480453005,-1.539813731405925,0.15854429031803008,-0.04186057031341228
96.98,-0.2670661960191726,-0.34165915667869,-0.24782166320023402,-0.32522630132483143,0.025305943540995305,-0.02686911208718057,-1.539486721859393,0.1586120794174306,-0.03943189324617791
97.0,-0.26527516838731974,-0.3390388022040756,-0.24782166320023402,-0.32522630132483143,0.02225780815477457,-0.026976842683939406,-1.5456592303781003,0.15871031915573042,-0.03590259280095154
97.02,-0.2634814711449924,-0.3364184813158397,-0.24782166320023402,-0.32522630132483143,0.01924823310898541,-0.027169183176362965,-1.556679528823438,0.1587830009808222,-0.03331866842537501
97.04,-0.26168536679585763,-0.3337983193367033,-0.24782166320023402,-0.32522630132483143,0.016299747549675808,-0.027441719939104048,-1.5722947350906604,0.15885041349585904,-0.03093199272385938
97.06,-0.25988688273062416,-0.33117808102176377,-0.24782166320023402,-0.32522630132483143,0.01345337146879263,-0.027806314009365285,-1.5931844365521255,0.15891347081948837,-0.028705117612881637
97.08,-0.2580862656114897,-0.32855788041593065,-0.24782166320023402,-0.32522630132483143,0.010791732108489573,-0.02826062561585896,-1.6192145741880213,0.15897154911739264,-0.026666737874547763
97.1,-0.2562837474544831,-0.32593785896108346,-0.24782166320023402,-0.32522630132483143,0.008491948197894237,-0.028802515384211743,-1.6502625708759575,0.1590254941075564,-0.024782299997694324
97.12,-0.2544792875262373,-0.3233177349008762,-0.24782166320023402,-0.32522630132483143,0.006925791468189007,-0.029448932007506867,-1.6872995151978663,0.15907618937029966,-0.02301530377946115
97.14,-0.2526731155946142,-0.32069764452278876,-0.24782166320023402,-0.32522630132483143,0.006636665033405295,-0.03020025501299095,-1.7303471524631886,0.15912275007616827,-0.021405265436813536
97.16,-0.25086537344341436,-0.3180776259260261,-0.24782166320023402,-0.32522630132483143,0.007769667431874113,-0.031062869488249212,-1.7797713212423791,0.1591660436195852,-0.019916422189236727
97.18,-0.24905614347871147,-0.3154576378916485,-0.24782166320023402,-0.32522630132483143,0.009846356017774055,-0.032048446514480355,-1.8362407252304782,0.15920647200102778,-0.018532755153843894
97.2,-0.24724549132397208,-0.3128376127704893,-0.24782166320023402,-0.32522630132483143,0.012402079588822286,-0.03317198374982344,-1.9006146669414337,0.1592440909793602,-0.01725303687805102
97.22,-0.24543356104669184,-0.3102176190980566,-0.24782166320023402,-0.32522630132483143,0.01519748578153831,-0.03444563793102329,-1.9735896760833755,0.15927885299689137,-0.016080483968838877
97.24,-0.24362045551926867,-0.3075976842669111,-0.24782166320023402,-0.32522630132483143,0.018122314569430763,-0.03588692874098154,-2.056169556544975,0.15931124847501366,-0.014995116888183446
97.26,-0.2418062043348443,-0.3049777237711803,-0.24782166320023402,-0.32522630132483143,0.021123225092476283,-0.03752239502183863,-2.1498748719740437,0.15934156431844926,-0.01398554090648041
97.28,-0.23999097687402898,-0.30235789040675287,-0.24782166320023402,-0.32522630132483143,0.02417196446831555,-0.039374492564584584,-2.2559922444199376,0.1593696363593189,-0.013059716371666141
97.3,-0.23817472963903985,-0.2997380108716253,-0.24782166320023402,-0.32522630132483143,0.027252821456889415,-0.04148635632533093,-2.376993124817329,0.15939621870462162,-0.012186047479989526
97.32,-0.2363575906672867,-0.29711817719015104,-0.24782166320023402,-0.32522630132483143,0.030356080139097,-0.04389978701815278,-2.5152725176633552,0.15942076553310258,-0.011388703718973048
97.34,-0.23453960352482525,-0.294498366090292,-0.24782166320023402,-0.32522630132483143,0.033475649553058255,-0.046674160412366605,-2.6742324039451923,0.15944378214349797,-0.0106467534632948
97.36,-0.2327208124746213,-0.29187855748373037,-0.24782166320023402,-0.32522630132483143,0.036607481638716036,-0.04988617928501371,-2.85826752906424,0.1594652982357836,-0.009959564725159353
97.38,-0.23090129237913765,-0.2892587876260574,-0.24782166320023402,-0.32522630132483143,0.03974872312911332,-0.053634601597436715,-3.073036307398747,0.15948535480347914,-0.009326007535115366
97.4,-0.22912456943643358,-0.2867045037117711,-0.20615297301046462,-0.25742199178967323,0.037217734305373736,0.004356882919878569,0.24963100314167677,0.15475156124455935,-0.0851929091050252
97.42,-0.2273516071228094,-0.2841646080092911,-0.20615297301046462,-0.25742199178967323,0.034125497952393856,0.00613281365652496,0.3513843390590743,0.1548964169071354,-0.08112507316360151
97.44,-0.22557277096825387,-0.2816248981737947,-0.20615297301046462,-0.25742199178967323,0.031030778755292365,0.007865002440453961,0.45063144569810454,0.15505988740525112,-0.0761742426513834
97.46,-0.2237883636676331,-0.27908530301319023,-0.20615297301046462,-0.25742199178967323,0.027933958845783088,0.00955871588733703,0.5476740779090595,0.15521372113944665,-0.07157852990768987
97.48,-0.22199871663586865,-0.27654582613047807,-0.20615297301046462,-0.25742199178967323,0.02483563228380906,0.011223152522100821,0.6430392723479824,0.1553582569143508,-0.06732647963025862
97.5,-0.22020413758539747,-0.27400647084828605,-0.20615297301046462,-0.25742199178967323,0.02173660901698826,0.012867499309604069,0.7372534033278137,0.15549418548941318,-0.0633911901426476
97.52,-0.2184049116276059,-0.27146723936790873,-0.20615297301046462,-0.25742199178967323,0.01863810557465881,0.01450098061241456,0.8308449878923861,0.15562214845781241,-0.059747727235714976
97.54,-0.21660124070664447,-0.2689280292901969,-0.20615297301046462,-0.25742199178967323,0.015542046094851597,0.0161295213575976,0.9241534993564644,0.15574273695131424,-0.05637318491902299
97.56,-0.21479350600164124,-0.2663890472182328,-0.20615297301046462,-0.25742199178967323,0.012452585813013752,0.017769821520674304,1.0181357758353802,0.15585615822901744,-0.053261258822212554
97.58,-0.2129818044475254,-0.2638500994917041,-0.20615297301046462,-0.25742199178967323,0.009378353129665068,0.019425443252622854,1.1129959135461718,0.1559636143255716,-0.050362165548989424
97.6,-0.2111664680500363,-0.26131136763862745,-0.20615297301046462,-0.25742199178967323,0.0063452641399896195,0.021113063043214364,1.209689404969817,0.15606491847641735,-0.04768633335983097
97.62,-0.20934757574242013,-0.25877267830474043,-0.20615297301046462,-0.25742199178967323,0.003468406071526519,0.022838559184829688,1.3085530514504828,0.1561610938931146,-0.0451914925536645
97.64,-0.2075253702661267,-0.2562341152115069,-0.20615297301046462,-0.25742199178967323,0.001815082640626846,0.024617238378922268,1.4104638623797183,0.15625197584645534,-0.04288682288078327
97.66,-0.20570001911924415,-0.2536956770001846,-0.20615297301046462,-0.25742199178967323,0.003753743350035215,0.026462921951036607,1.5162137413784997,0.15633821042584373,-0.04074623575212044
97.68,-0.20387167764185987,-0.25115736165136154,-0.20615297301046462,-0.25742199178967323,0.006667075770430436,0.02839108542459201,1.6266893706245091,0.1564201310164215,-0.038757041335157894
97.7,-0.20204053173499925,-0.24861923319032675,-0.20615297301046462,-0.25742199178967323,0.009716003921495693,0.03042121698588229,1.7430073409427465,0.15649804293751401,-0.03690765731034773
97.72,-0.20020666607190718,-0.24608122072602276,-0.20615297301046462,-0.25742199178967323,0.012805141722201603,0.032571529038433855,1.8662111461900643,0.15657241306845648,-0.03517935749486334
97.74,-0.19837020648284273,-0.24354332165106704,-0.20615297301046462,-0.25742199178967323,0.015911911878831873,0.03486571776520663,1.9976584776406365,0.15664329027300639,-0.03357144406135326
97.76,-0.19653145506711406,-0.241005817688954,-0.20615297301046462,-0.25742199178967323,0.01902798937458559,0.03733941211723979,2.139390723817485,0.15671091553555172,-0.032074845032203925
97.78,-0.19469012619796427,-0.23846814219040113,-0.20615297301046462,-0.25742199178967323,0.022150514027414272,0.04001099951907838,2.2924614065431577,0.15677626250463206,-0.03064855747747508
97.8,-0.1928465331118679,-0.2359305716368577,-0.20615297301046462,-0.25742199178967323,0.02527731162445508,0.04292905807598402,2.459653846225886,0.15683798750680822,-0.02935188969321878
97.82,-0.19100074017500648,-0.23339305631871604,-0.20615297301046462,-0.25742199178967323,0.028407391639630703,0.046142924764556836,2.6437948433987946,0.15689708028583382,-0.028143324312113194
97.84,-0.18915293512676407,-0.23085574064121675,-0.20615297301046462,-0.25742199178967323,0.03153992688847137,0.049719321405206414,2.8487072767727812,0.15695360864871333,-0.02702100399210039
97.86,-0.18730309845145324,-0.2283184793715219,-0.20615297301046462,-0.25742199178967323,0.034674662304973555,0.05373507418421308,3.078792962577795,0.15700809958412165,-0.02596307652091845
97.88,-0.1854513419821975,-0.22578131684176325,-0.20615297301046462,-0.25742199178967323,0.0378112395775358,0.05829526667816887,3.3400727462486985,0.15706034311611106,-0.024979519278600648
97.9,-0.18359771044045226,-0.2232442093954316,-0.16282424614177246,-0.19066853101509484,0.03863562657583883,0.03363205824759585,1.9269749939253937,0.1571105972223208,-0.024060058729791223
97.92,-0.1818033279077997,-0.22079428571785006,-0.16282424614177246,-0.19066853101509484,0.035605710793243914,0.03675502900933758,2.1059080381159507,0.15058977197721646,-0.12981167013093042
97.94,-0.18001521859818992,-0.21836579544617973,-0.16282424614177246,-0.19066853101509484,0.032598588787902213,0.040270243144932334,2.307314972170258,0.15081091146438297,-0.12409606278795948
97.96,-0.17821829201779277,-0.21593768568380828,-0.16282424614177246,-0.19066853101509484,0.02958896460007311,0.0437720234521215,2.507952204554222,0.15106024671203144,-0.11702239001043502
97.98,-0.1764131143920475,-0.21351009183441608,-0.16282424614177246,-0.19066853101509484,0.026578078203400704,0.047280623127165855,2.7089801579352355,0.15129570622818278,-0.11046434694295115
98.0,-0.17460047953292573,-0.2110835609386036,-0.16282424614177246,-0.19066853101509484,0.02356805294589841,0.05083112124692646,2.9124087153666527,0.1515186023353543,-0.10436805506164326
98.02,-0.1727797571450164,-0.20865661199980626,-0.16282424614177246,-0.19066853101509484,0.020559262069642658,0.054391946788871604,3.1164289905024933,0.15173160585071344,-0.09861943541800144
98.04,-0.17095192011260768,-0.20622998035121826,-0.16282424614177246,-0.19066853101509484,0.01755613253586701,0.05800782264731086,3.3236034164343065,0.15193056930886684,-0.0934048550838007
98.06,-0.16911724012812304,-0.20380351711766612,-0.16282424614177246,-0.19066853101509484,0.014564670721543452,0.06169458360107827,3.534839259158805,0.15211894339444143,-0.08857665070749476
98.08,-0.1672762829749612,-0.2013775373807509,-0.16282424614177246,-0.19066853101509484,0.011597562213833174,0.06548373644362226,3.7519417249665747,0.15229706233759188,-0.08412368902699363
98.1,-0.16542924676155835,-0.19895188612695625,-0.16282424614177246,-0.19066853101509484,0.008683317346399662,0.06939355210734044,3.975957661171767,0.15246664560448764,-0.07997368001277927
98.12,-0.16357651599718104,-0.19652669465181621,-0.16282424614177246,-0.19066853101509484,0.0059062671062153115,0.07345316496519584,4.208556344383924,0.15262783796829993,-0.07612327220463122
98.14,-0.16171808603464208,-0.19410156644895124,-0.16282424614177246,-0.19066853101509484,0.0036068438381388615,0.07767920192454358,4.4506904262208495,0.15278162467540213,-0.07253208287427704
98.16,-0.15985441745677773,-0.19167676311190007,-0.16282424614177246,-0.19066853101509484,0.003136305849123428,0.08211084412543335,4.7046048206439,0.15292740707995023,-0.06922918032392644
98.18,-0.15798598230023753,-0.18925262721885042,-0.16282424614177246,-0.19066853101509484,0.005041188407560638,0.08679239487286705,4.972837920048168,0.15306652602191662,-0.0661585260663955
98.2,-0.15611272292358436,-0.18682879974645217,-0.16282424614177246,-0.19066853101509484,0.0077322752229644735,0.09175402267539912,5.257118252648024,0.15320037840176326,-0.0632611784556758
98.22,-0.15423455389763932,-0.18440485085913413,-0.16282424614177246,-0.19066853101509484,0.010630921970605231,0.09703142329946988,5.559491035206985,0.15332834943233564,-0.06056616783212121
98.24,-0.1523521483245793,-0.18198141459998735,-0.16282424614177246,-0.19066853101509484,0.013606278855825788,0.10269509198012727,5.883995347169081,0.1534497512701627,-0.058105999708457645
98.26,-0.15046592912297405,-0.17955885305233985,-0.16282424614177246,-0.19066853101509484,0.016617850160993947,0.1088163580968654,6.234718060934611,0.15356670132042893,-0.055790173210112926
98.28,-0.14857519927334556,-0.1771360229656951,-0.16282424614177246,-0.19066853101509484,0.019651058769585294,0.1154438399730715,6.614444801240665,0.15368036591070222,-0.05356928223676505
98.3,-0.14668056960830078,-0.17471348116291177,-0.16282424614177246,-0.19066853101509484,0.022697618989731307,0.12268170421757874,7.029143875139573,0.15378817074234163,-0.05155752890062537
98.32,-0.1447821875526507,-0.17229122705750002,-0.16282424614177246,-0.19066853101509484,0.025753469259172292,0.13064039709726916,7.485143387586653,0.15389188932646292,-0.049679466814778195
98.34,-0.14288013009459502,-0.1698691748313119,-0.16282424614177246,-0.19066853101509484,0.02881633187210251,0.13945396063565318,7.9901233808064465,0.153991811678722,-0.04792401432140991
98.36,-0.1409746453031131,-0.16744748237258075,-0.16282424614177246,-0.19066853101509484,0.03188451280585528,0.1492945542168973,8.553947860915262,0.1540880107984144,-0.04628951279728177
98.38,-0.13906573284393578,-0.16502598968157153,-0.16282424614177246,-0.19066853101509484,0.03495721499440328,0.1603726803485609,9.188677733173176,0.15418108017541954,-0.044751427694667
98.4,-0.13715356429890682,-0.1626047698318817,-0.16282424614177246,-0.19066853101509484,0.03803365086375553,0.1729634372370623,9.910074963759575,0.15427089064843358,-0.04331671989321606
98.42,-0.13523834501756699,-0.1601839597405966,-0.11709864556199016,-0.125536883580129,0.039108420868246487,0.06847110828612712,3.923105523378324,0.15435781102945967,-0.04197054935928257
98.44,-0.13332000743229735,-0.1577633434495727,-0.11709864556199016,-0.125536883580129,0.03607876517626848,0.07113426987397387,4.075693442523301,0.15444229059662362,-0.04069439514364781
98.46,-0.13139865038578633,-0.15534291991267987,-0.11709864556199016,-0.125536883580129,0.033058885943388,0.0738967842723498,4.233973858394364,0.15452406223390724,-0.03950099659699724
98.48,-0.1294744608369349,-0.15292281731794005,-0.11709864556199016,-0.125536883580129,0.03005245697794664,0.07677246065806166,4.398737978541088,0.15460330290668622,-0.03838372766074016
98.5,-0.1275474672684297,-0.15050296703621466,-0.11709864556199016,-0.125536883580129,0.027064426803263292,0.07977257369083157,4.570631793380998,0.15468040554260654,-0.03732640726727965
98.52,-0.12561774569622564,-0.148083365303443,-0.11709864556199016,-0.125536883580129,0.024102259338013583,0.08291087581014112,4.750443259654396,0.15475537555369456,-0.036329700777715246
98.54,-0.12375547430905381,-0.1457552361489311,-0.11709864556199016,-0.125536883580129,0.021286031794679815,0.08795606247645671,5.039511162489958,0.14764341366193534,-0.14974756198715689
98.56,-0.1219015473813639,-0.14345134543671706,-0.11709864556199016,-0.125536883580129,0.018547124022276134,0.09357311178483818,5.361344381177093,0.14789754162389812,-0.14376406653582308
98.58,-0.1200375542016202,-0.1411482782171302,-0.11709864556199016,-0.125536883580129,0.015885616969582326,0.09930653550335378,5.6898453624082395,0.14818686480637666,-0.13608273239595903
98.6,-0.11816392126888738,-0.13884590709723366,-0.11709864556199016,-0.125536883580129,0.013351588643698939,0.10518204275611642,6.026487130490044,0.14846133467285583,-0.12894980335853568
98.62,-0.1162808407827783,-0.13654380469958224,-0.11709864556199016,-0.125536883580129,0.01103726040223605,0.1112219357718599,6.372547509002689,0.14872137415880005,-0.12235062273879826
98.64,-0.11438941852382778,-0.1342428119636258,-0.11709864556199016,-0.125536883580129,0.009117735473399394,0.11749092046671106,6.731733873849768,0.14896673532431848,-0.11630063558087933
98.66,-0.11248959608249728,-0.1319423192533788,-0.11709864556199016,-0.125536883580129,0.007891320755650143,0.1240119498996014,7.105361338434974,0.14920115159231528,-0.11063825307022768
98.68,-0.11058192849675391,-0.12964251430616439,-0.11709864556199016,-0.125536883580129,0.007702194814915248,0.13083732662031156,7.496426618118507,0.14942356057563444,-0.1054142810641423
98.7,-0.10866690558641505,-0.12734356119535545,-0.11709864556199016,-0.125536883580129,0.00862312721818899,0.13802348078274984,7.90816292255659,0.14963543393262668,-0.10056730962326732
98.72,-0.1067447177579813,-0.12504527442060343,-0.11709864556199016,-0.125536883580129,0.010365592145958528,0.14562375790061333,8.343626724540021,0.14983802264412205,-0.09604537268059765
98.74,-0.10481568061307027,-0.12274764357638286,-0.11709864556199016,-0.125536883580129,0.012595677343235353,0.15370506495789282,8.806651511871424,0.1500314699710792,-0.0918453422638077
98.76,-0.1028799774692836,-0.12045051107067165,-0.11709864556199016,-0.125536883580129,0.015101049885207161,0.16234109245726758,9.301459439344514,0.15021642066548324,-0.08794186599714315
98.78,-0.10093811783415518,-0.11815416113908284,-0.11709864556199016,-0.125536883580129,0.017767026962428174,0.17162930344490077,9.833634728162934,0.15039308509345872,-0.0843286982343816
98.8,-0.09899023232770372,-0.11585843916172298,-0.11709864556199016,-0.125536883580129,0.02053258182070279,0.18167201520951193,10.409039727141534,0.15056282644057006,-0.08094848526374321
98.82,-0.09703655784642469,-0.11356333415167699,-0.11709864556199016,-0.125536883580129,0.023363502507599887,0.1925952039300669,11.03489233965424,0.15072573747518803,-0.07779970797261448
98.84,-0.0950772203763965,-0.11126871203774504,-0.11709864556199016,-0.125536883580129,0.02623973868710575,0.2045476746046014,11.719718464058952,0.15088228152615457,-0.07486444170257123
98.86,-0.0931126278963488,-0.10897480949249341,-0.11709864556199016,-0.125536883580129,0.02914843634812662,0.21771807623850556,12.474326892173861,0.15103259746238606,-0.0721389940527839
98.88,-0.09114286781270026,-0.10668149537332394,-0.11709864556199016,-0.125536883580129,0.03208158448393495,0.23232889676733126,13.311465243698676,0.15117769308607976,-0.06958118715316708
98.9,-0.08916811995454192,-0.10438875944922388,-0.11709864556199016,-0.125536883580129,0.0350336611698591,0.24865923091483788,14.247124468389174,0.1513176228023383,-0.06719066856231137
98.92,-0.08718855312035033,-0.10209659248128451,-0.11709864556199016,-0.125536883580129,0.03800080100032114,0.2670594697834695,15.301380497594339,0.1514527212951755,-0.06495468547362826
98.94,-0.08520432530686774,-0.099804985494323,-0.06833292333296723,-0.0626544235526875,0.04080206437356118,0.07721555899728848,4.424125643288041,0.15158330146194388,-0.0628613371278508
98.96,-0.08321558452218626,-0.0975139297813922,-0.06833292333296723,-0.0626544235526875,0.03790354572572583,0.0802086643962373,4.595617950285629,0.15170965214066356,-0.06089967788391881
98.98,-0.08122239293271291,-0.095223321340465,-0.06833292333296723,-0.0626544235526875,0.035026725934255785,0.08327445238818787,4.771274663106284,0.15183203999411532,-0.0590596401484067
99.0,-0.07922504013930766,-0.0929333419690787,-0.06833292333296723,-0.0626544235526875,0.032178426142206486,0.08642607716560446,4.951849461461112,0.15195052728289582,-0.05734010526947664
99.02,-0.07722356560090356,-0.09064388997477317,-0.06833292333296723,-0.0626544235526875,0.02936756289734437,0.08967169863373126,5.137809873481832,0.15206572335451085,-0.0557157334646341
99.04,-0.07521808398927272,-0.08835495729109656,-0.06833292333296723,-0.0626544235526875,0.02660682002235968,0.09302201736619875,5.329768996875838,0.15217764213231177,-0.054187277845896276
99.06,-0.07325245830181895,-0.0861185215568757,-0.06833292333296723,-0.0626544235526875,0.023974272031907537,0.09751299481280606,5.5870830504548765,0.148506421218908,-0.1121336505838233
99.08,-0.07128423654825866,-0.08388905576083344,-0.06833292333296723,-0.0626544235526875,0.021438746575067842,0.10221385320595,5.856422396470674,0.14871909923597215,-0.10762824709131813
99.1,-0.06930857555231026,-0.08166069717781212,-0.06833292333296723,-0.0626544235526875,0.019031298809230462,0.10701832741014083,6.131698491150283,0.14893525681145547,-0.10287603869230111
99.12,-0.06732562981142581,-0.07943323177469229,-0.06833292333296723,-0.0626544235526875,0.0168090167942493,0.1119400896561128,6.413694695611306,0.14914243455272924,-0.09843405809117911
99.14,-0.06533570742022138,-0.07720664138142139,-0.06833292333296723,-0.0626544235526875,0.01485766963431808,0.11700047217623676,6.703633256736184,0.14934063526350627,-0.09430529057441461
99.16,-0.06333921605656782,-0.07498105729005032,-0.06833292333296723,-0.0626544235526875,0.013299737277760633,0.12222600978371767,7.003034507331731,0.14953048447585715,-0.09046515986654846
99.18,-0.06133617198764508,-0.07275617045174244,-0.06833292333296723,-0.0626544235526875,0.012288198395242225,0.12763363220504043,7.312868449273839,0.14971295084817982,-0.08687370500193303
99.2,-0.05932695762532983,-0.07053210897556648,-0.06833292333296723,-0.0626544235526875,0.011965172207243024,0.1332537902062242,7.6348797829383495,0.14988777569566736,-0.0835451333669468
99.22,-0.05731212918615035,-0.06830924664409031,-0.06833292333296723,-0.0626544235526875,0.01238688531558986,0.13912440655953662,7.971241323123634,0.15005586453353814,-0.0804421584044146
99.24,-0.055291228357014194,-0.06608679822944721,-0.06833292333296723,-0.0626544235526875,0.013485807494082807,0.14525946641998366,8.32275436018737,0.150218610636621,-0.07750557791341706
99.26,-0.053264712071413485,-0.06386500813847254,-0.06833292333296723,-0.0626544235526875,0.015116762406750837,0.15170113187374523,8.691834603723132,0.1503745027671144,-0.0748044111364976
99.28,-0.051233076996237636,-0.061644217776069335,-0.06833292333296723,-0.0626544235526875,0.017129660254975202,0.15849672827899963,9.081193597018483,0.15052465182270325,-0.07229214195603184
99.3,-0.049196283781256234,-0.05942417923884305,-0.06833292333296723,-0.0626544235526875,0.019407355607069035,0.16568579628651414,9.493096852481589,0.15067024101460547,-0.06991859446858761
99.32,-0.047154315963670874,-0.057204662632357565,-0.06833292333296723,-0.0626544235526875,0.021868546000856325,0.1733149952839932,9.930217756102577,0.1508110276223995,-0.06769634769532296
99.34,-0.04510753271642054,-0.054985874864243285,-0.06833292333296723,-0.0626544235526875,0.024458646902030666,0.18144674306584152,10.396132584067354,0.15094686476766483,-0.06563385806512834
99.36,-0.04305607912202646,-0.05276780449563686,-0.06833292333296723,-0.0626544235526875,0.02714155650738193,0.19014756486923723,10.894652951697335,0.15107854498284112,-0.06369802874606201
99.38,-0.04100009072583037,-0.05055043976325802,-0.06833292333296723,-0.0626544235526875,0.02989297847161663,0.19949438180541088,11.430186114021483,0.15120632820595503,-0.061879048524060565
99.4,-0.03893969495761919,-0.04833376937497069,-0.06833292333296723,-0.0626544235526875,0.03269622318255004,0.20957680907831233,12.007866644006333,0.15133045009987356,-0.06016808374975646
99.42,-0.03687509084860687,-0.04611787374288665,-0.06833292333296723,-0.0626544235526875,0.03553945278456186,0.2205012561979118,12.633791357473232,0.1514511284608666,-0.05855700373369466
99.44,-0.03480615066563747,-0.043902472192677865,-0.06833292333296723,-0.0626544235526875,0.03841458271665822,0.23238819455310888,13.314862756558204,0.15156872579167313,-0.05703117184174822
99.46,-0.032733375730355715,-0.04168799319926148,-0.06833292333296723,-0.0626544235526875,0.04131487614982848,0.24539133634259014,14.05988790150567,0.1516829407193221,-0.055605261307656306
99.48,-0.030656547282183744,-0.039474082253386576,-0.06833292333296723,-0.0626544235526875,0.04423615642290961,0.2596837051688916,14.87878031449709,0.15179472160653518,-0.05423862672992996
99.5,-0.02857591294854292,-0.03726089536861814,-0.06833292333296723,-0.0626544235526875,0.04717468758076037,0.2754819553089001,15.783953371211537,0.15190360885002363,-0.052952685892782014
99.52,-0.026491415106202294,-0.03504826202481057,-0.06833292333296723,-0.0626544235526875,0.05012795592275501,0.2930466710434071,16.79033745114582,0.15201002859779322,-0.051729765291330665
99.54,-0.024403147196756136,-0.03283617638669353,-0.004099797678237288,0.009800949585576063,0.04722446942895522,0.09088626578009251,5.207399444903579,0.1521138550045542,-0.05057650224071786
99.56,-0.02231133278388881,-0.030624785084318915,-0.004099797678237288,0.009800949585576063,0.044338471269374256,0.0941575036478034,5.394827568506788,0.152215238662734,-0.04948733489662516
99.58,-0.02021590996919377,-0.028413930004361695,-0.004099797678237288,0.009800949585576063,0.04147416180525123,0.0975496089702622,5.58918088714754,0.1523145400825321,-0.048447308721444315
99.6,-0.018122944485335392,-0.026210147955990283,-0.004099797678237288,0.009800949585576063,0.03864515225124144,0.10120792061564865,5.798786704571744,0.15184647173915877,-0.05651256738681276
99.62,-0.016027856708316857,-0.02400905636828762,-0.004099797678237288,0.009800949585576063,0.03585240709945931,0.10505139397464157,6.019001506713008,0.15195546424315864,-0.0552036309509063
99.64,-0.013928836351798505,-0.0218086585931406,-0.004099797678237288,0.009800949585576063,0.03310252755392484,0.10904936643766051,6.248068455453517,0.15206626418615699,-0.05376891651365234
99.66,-0.011825973765353544,-0.01960893238169022,-0.004099797678237288,0.009800949585576063,0.030407810744242366,0.1132176160655648,6.486891567089407,0.15217423243392147,-0.05241239511288853
99.68,-0.009719364562070247,-0.01740986710705046,-0.004099797678237288,0.009800949585576063,0.027785033328063407,0.117574235754329,6.736507488199194,0.15227946418008287,-0.05113101336995385
99.7,-0.0076090992383052525,-0.015211452755329568,-0.004099797678237288,0.009800949585576063,0.025257384431148784,0.12213924608359827,6.998063313499951,0.15238211062156282,-0.04991923703401291
99.72,-0.00549519617920071,-0.013013605376212644,-0.004099797678237288,0.009800949585576063,0.022857188258422527,0.12693385383317157,7.272774101971218,0.15248231262967593,-0.048771928050639346
99.74,-0.0033778747213510747,-0.010816463577823256,-0.004099797678237288,0.009800949585576063,0.020630048431983645,0.13198508045005475,7.562188068482769,0.15258008594720707,-0.04768943869581932
99.76,-0.0012571406558785356,-0.008619945487525392,-0.004099797678237288,0.009800949585576063,0.018638939729528046,0.13731975470006896,7.867842388085701,0.15267578957134376,-0.04665689968486042
99.78,0.0008669332724178289,-0.0064240423765449025,-0.004099797678237288,0.009800949585576063,0.01696816962748444,0.14296937323026618,8.191541685724905,0.15276941313215886,-0.045675658099098015
99.8,0.002994277649304143,-0.004228746135182753,-0.004099797678237288,0.009800949585576063,0.015721267975895275,0.14896968159630852,8.53533403087617,0.15286105882141854,-0.044742077923709545
99.82,0.005124643418071814,-0.0020342466473415506,-0.004099797678237288,0.009800949585576063,0.015005405139846892,0.15536367706388932,8.901682985394327,0.15295082305142316,-0.04385273678964019
99.84,0.007258402276823795,0.00015992155017781237,-0.004099797678237288,0.009800949585576063,0.014898259220408425,0.16219275085323506,9.29296009150725,0.15303906212986718,-0.04299264523610624
99.86,0.00939523817639659,0.002353505264976984,-0.004099797678237288,0.009800949585576063,0.015413643943801136,0.1695139054769924,9.712431352611235,0.1531252194389765,-0.04218713603121316
99.88,0.01153509365741622,0.004546510843626454,-0.004099797678237288,0.009800949585576063,0.01649420969827273,0.17738956942124273,10.163673657480134,0.15320975481216692,-0.04141672887758574
99.9,0.01367785772458306,0.006738884231442173,-0.004099797678237288,0.009800949585576063,0.018039436683400474,0.1858930451882299,10.65088693012027,0.1532927423522068,-0.04067883887293178
99.92,0.015823426566494384,0.008930574119811614,-0.004099797678237288,0.009800949585576063,0.019942227000946222,0.1951100702037385,11.178983563175414,0.15337432139679308,-0.039967946910968166
99.94,0.01797197791731447,0.011121823855540223,-0.004099797678237288,0.009800949585576063,0.02211126379873949,0.2051393796241513,11.753620664395866,0.1534546127365921,-0.0392792961834143
99.96,0.02012329298371378,0.013312464737798855,-0.004099797678237288,0.009800949585576063,0.02447629179188284,0.21610239027248734,12.3817549053025,0.15353337792429755,-0.038624021621025406
99.98,0.022277488209563164,0.01550267293809667,-0.004099797678237288,0.009800949585576063,0.02698649402933689,0.2281416449513578,13.071553386884908,0.15361088807734902,-0.03799074976940098
100.0,0.024434354317344593,0.017692285166006332,-0.004099797678237288,0.009800949585576063,0.029605253036411195,0.24143200318938884,13.83303482214101,0.15368699623214965,-0.03738655164897686
100.02,0.026593903327555964,0.019881362519618487,-0.004099797678237288,0.009800949585576063,0.03230662480597197,0.256184672067195,14.678300485393303,0.15376195059406683,-0.03680100971958922
100.04,0.02875614458011,0.022069964109504993,-0.004099797678237288,0.009800949585576063,0.035071949747230054,0.2726596577513072,15.622247632631383,0.15383572827696312,-0.03623563705867916
100.06,0.030920834372978375,0.024257883449746363,-0.004099797678237288,0.009800949585576063,0.03788730138212047,0.29118081549406827,16.68343180298764,0.15390831262545035,-0.03569168163797265
100.08,0.03308794261712684,0.026445129044127998,-0.004099797678237288,0.009800949585576063,0.040742566660974255,0.3121531598356226,17.885058620253776,0.15397996796675528,-0.03515790972796751
100.1,0.03525783265058565,0.028632117326959017,0.052827187242635916,0.06540357743784331,0.04075319005265174,0.07795207739666932,4.466325039106294,0.1540507108034106,-0.034633988823529194
100.12,0.03746221706836064,0.03085231272917929,0.052827187242635916,0.06540357743784331,0.037813650993054615,0.07995636135851203,4.581162051065641,0.15702778814441487,0.012643578254367682
100.14,0.039674326595148864,0.03308130499864766,0.052827187242635916,0.06540357743784331,0.03489594587979813,0.08196982709827239,4.696525140148095,0.15701668426642001,0.010917027631895948
100.16,0.041885681127694474,0.03531042146405215,0.052827187242635916,0.06540357743784331,0.03202053392006797,0.08415121854792229,4.821509663678959,0.15699450490025413,0.008703008798072176
100.18,0.044096453552210334,0.03753966199636336,0.052827187242635916,0.06540357743784331,0.02919971737026023,0.08650378134835857,4.956301583183436,0.15697687747975309,0.006674333142830946
100.2,0.046306753344435674,0.039768962569095574,0.052827187242635916,0.06540357743784331,0.026450889166336568,0.08904230321496254,5.101748172341515,0.15696292021063485,0.00479516422013937
100.22,0.04851671910381505,0.04199830656506223,0.052827187242635916,0.06540357743784331,0.023798883171360037,0.09177700772338937,5.258435198889771,0.15695276613154618,0.0030729930222683777
100.24,0.050726459715459776,0.04422764332324953,0.052827187242635916,0.06540357743784331,0.02127987880061943,0.09472710681578578,5.427463426029459,0.15694593127664191,0.0014887414001574228
100.26,0.0529361076651804,0.04645697382738385,0.052827187242635916,0.06540357743784331,0.018946916689274874,0.09790387601887961,5.609478893853874,0.15694263694374655,5.350061726971944e-05
100.28,0.05514576035414141,0.04868627285175006,0.052827187242635916,0.06540357743784331,0.016877323659206474,0.10132810343426524,5.805672672848461,0.15694209936949477,-0.0012649002045783675
100.3,0.05735551257631672,0.05091552203208906,0.052827187242635916,0.06540357743784331,0.01517924503286841,0.10502214870212723,6.017325876027226,0.15694423364900345,-0.0024688547772822034
100.32,0.05956545123528029,0.05314470496148993,0.052827187242635916,0.06540357743784331,0.01398871531006554,0.10901208936668239,6.24593263661386,0.1569488101726968,-0.00356704860648982
100.34,0.06177565559885075,0.055373806688874865,0.052827187242635916,0.06540357743784331,0.013441405700262204,0.11332841729484344,6.493240009891935,0.1569556148116824,-0.00456761165446018
100.36,0.0639861978830391,0.05760281359658171,0.052827187242635916,0.06540357743784331,0.013615264778173274,0.11800687690535416,6.7612960001966185,0.15696444986597058,-0.0054780683578226075
100.38,0.06619715293301542,0.05983171927694825,0.052827187242635916,0.06540357743784331,0.014484529192454205,0.12309038834033059,7.05255975052726,0.15697513286516696,-0.006305380179094655
100.4,0.06840852490092562,0.062060469338967965,0.052827187242635916,0.06540357743784331,0.015935948512165912,0.1286236720647517,7.36959355478502,0.15698757816338116,-0.0070524195683319135
100.42,0.07062045526055234,0.06428913243167522,0.052827187242635916,0.06540357743784331,0.01782813435077211,0.13467374420682465,7.716237154275473,0.1570011600747101,-0.007745366844558177
100.44,0.07283294353049057,0.06651764772522294,0.052827187242635916,0.06540357743784331,0.020036752163318735,0.14130630365314734,8.09625481791939,0.15701651221879942,-0.008356438098156005
100.46,0.07504606881526373,0.0687460379747377,0.052827187242635916,0.06540357743784331,0.02246888383474257,0.14860794560003687,8.514608084991846,0.15703304177341337,-0.008910398109351902
100.48,0.07725981018206705,0.07097424019617309,0.052827187242635916,0.06540357743784331,0.025059635816736425,0.15667815409064612,8.976996971294398,0.15705080717358655,-0.009404218895836536
100.5,0.07947418129823308,0.0732022316603632,0.052827187242635916,0.06540357743784331,0.027764749231380753,0.16564189155809564,9.49058129684254,0.1570694180829335,-0.0098541788196016
100.52,0.08168934780344576,0.07543013345098071,0.052827187242635916,0.06540357743784331,0.030554150908224387,0.17565868823870867,10.06450147088232,0.15708876647320125,-0.010264546723703916
100.54,0.08390524967753361,0.07765784872612437,0.052827187242635916,0.06540357743784331,0.03340678268726561,0.186917261845698,10.709570221900188,0.15710921349274543,-0.01061949855163391
100.56,0.08612192624351399,0.0798853865493193,0.052827187242635916,0.06540357743784331,0.03630788399614911,0.19966043739272968,11.439700398339417,0.15713034600448594,-0.010936329293276259
100.58,0.08833940025835195,0.08211274243717337,0.052827187242635916,0.06540357743784331,0.03924682749278505,0.2141976695908252,12.27262244909198,0.15715212361300246,-0.011216489264054275
100.6,0.09055769192373604,0.08433991249237059,0.11182083569849667,0.11882057853699914,0.0405097224634697,0.039762491997726405,2.2782229743924325,0.15717447254415262,-0.011462880865620306
100.62,0.09276281874506832,0.08655574557065719,0.11182083569849667,0.11882057853699914,0.037473023050497385,0.03933980533222581,2.25400481240279,0.15590452548748246,0.10034969891159484
100.64,0.09495983937483522,0.08877188862763194,0.11182083569849667,0.11882057853699914,0.034456014892843174,0.03847443753413238,2.2044228898455076,0.15605259801487747,0.09565353561336032
100.66,0.09715548452468999,0.09099489791991441,0.11182083569849667,0.11882057853699914,0.031453791931261285,0.03775279127475928,2.163075604882026,0.1562453139359654,0.08894521282720724
100.68,0.09934940392380867,0.09322392559321575,0.11182083569849667,0.11882057853699914,0.028473237477238025,0.03715023334972822,2.128551578865586,0.15642454602637912,0.08274856889478599
100.7,0.10154235133120867,0.09545918321792897,0.11182083569849667,0.11882057853699914,0.025522578869355213,0.03669533129506641,2.1024876110416346,0.1565931414872601,0.07694381442768794
100.72,0.10373414299984263,0.09769998469751244,0.11182083569849667,0.11882057853699914,0.022615792777062403,0.03637112052758029,2.083911702391983,0.15674877054356884,0.0716362741493004
100.74,0.10592484438053869,0.099945946384032,0.11182083569849667,0.11882057853699914,0.01977408537786911,0.03617470791728539,2.0726580887789368,0.15689363535553724,0.0667344455718144
100.76,0.10811462302214661,0.10219680454697395,0.11182083569849667,0.11882057853699914,0.017031907528922755,0.036109237777360415,2.068906926077105,0.15702857479551469,0.06220558676051091
100.78,0.11030333809583319,0.10445204296880846,0.11182083569849667,0.11882057853699914,0.014448446745185103,0.03616472450345931,2.0720860813015705,0.15715389174211225,0.058040083776855766
100.8,0.11249114388397997,0.10671146447032795,0.11182083569849667,0.11882057853699914,0.012127652556994693,0.03634691083334807,2.082524589089174,0.15727122156139473,0.05417024841358753
100.82,0.11467801235542938,0.10897471988369405,0.11182083569849667,0.11882057853699914,0.010252043263163878,0.03665439300468598,2.1001420197823553,0.15738072300885975,0.050592132582183424
100.84,0.11686400128109954,0.1112415724689217,0.11182083569849667,0.11882057853699914,0.009103562603371534,0.03709160653284771,2.125192509692046,0.15748333852068086,0.04726768722984609
100.86,0.11904938214230854,0.11351199422529,0.11182083569849667,0.11882057853699914,0.008968441954145074,0.03767434434685901,2.1585809269975735,0.15757953611910125,0.044179181164505366
100.88,0.1212340525348624,0.11578560552297304,0.11182083569849667,0.11882057853699914,0.009890384846117256,0.03840291077226077,2.200324708268027,0.15766882103243063,0.041350531509998234
100.9,0.12341805217935038,0.11806220115647748,0.11182083569849667,0.11882057853699914,0.011621986334317892,0.03928698044735801,2.250978169446601,0.15775237069108883,0.038733290009806964
100.92,0.12560136099756136,0.12034154060622948,0.11182083569849667,0.11882057853699914,0.013864205824142956,0.04033650046248627,2.3111112368279563,0.15783062244443258,0.03631070518150814
100.94,0.12778418537862407,0.12262361070069608,0.11182083569849667,0.11882057853699914,0.01641010623512648,0.0415748570438087,2.382063842469981,0.15790421288928158,0.03405723766669588
100.96,0.12996629291010012,0.1249079923781257,0.11182083569849667,0.11882057853699914,0.019139337101667625,0.043010070513699435,2.4642955169950462,0.15797277805855714,0.031990513063018255
100.98,0.13214796714565546,0.1271947896655924,0.11182083569849667,0.11882057853699914,0.021984532855995078,0.044678304587052346,2.5598782886380858,0.1580377924470966,0.030048607990718068
101.0,0.13432918676249989,0.12948379906471397,0.11182083569849667,0.11882057853699914,0.024906427677270252,0.04660835660926366,2.670462123751484,0.1580984722351353,0.028266904424922856
101.02,0.1365098892148917,0.13177480416459325,0.11182083569849667,0.11882057853699914,0.02788120020992702,0.04883580527593989,2.7980855314340745,0.1581553623842602,0.026623546517390295
101.04,0.13869014311395086,0.13406773253962356,0.11182083569849667,0.11882057853699914,0.030893937692788982,0.05141282496251354,2.9457378831968706,0.15820910248569575,0.025092360448342177
101.06,0.14086997277938954,0.1363624742738614,0.11182083569849667,0.11882057853699914,0.03393479735002776,0.05440399979421906,3.117119576839351,0.15825974656253905,0.02367229285371586
101.08,0.1430494005102253,0.13865892699961824,0.11182083569849667,0.11882057853699914,0.036997071910147665,0.05789332438008987,3.3170431489609826,0.15830751716920943,0.022354975875993333
101.1,0.14522844710172783,0.14095699573562367,0.11182083569849667,0.11882057853699914,0.04007604603826157,0.06199176854994237,3.551866702463529,0.1583526223151388,0.02113258734337542
101.12,0.14729042289910008,0.1431376930673909,0.17111643323240885,0.17190420451532856,0.03735225494246987,-0.017846867686417967,-1.0225501959601575,0.14658838140864106,0.20982585857920455
101.14,0.14929980331054726,0.14527993218886137,0.17111643323240885,0.17190420451532856,0.034421173978546306,-0.022415286881564023,-1.2843013348885788,0.146904587970198,0.20151666207501862
101.16,0.15130606671796162,0.14743581658412533,0.17111643323240885,0.17190420451532856,0.031482576600217846,-0.026879165707525132,-1.5400627518739634,0.14731011405491046,0.18898985711057747
101.18,0.15330985299117833,0.14960502723548336,0.17111643323240885,0.17190420451532856,0.028536425971823206,-0.03123459050567434,-1.7896102107945313,0.14769185181284783,0.17738089058139117
101.2,0.15531045471077518,0.15178597266146931,0.17111643323240885,0.17190420451532856,0.025584608848915048,-0.03554054419041974,-2.0363231837092486,0.14804893538835628,0.16673384780507838
101.22,0.15730874980664408,0.15397874199451048,0.17111643323240885,0.17190420451532856,0.02262684971823062,-0.039786609566490494,-2.279604809294731,0.14838666190346572,0.15681738936734746
101.24,0.1593048213819117,0.15618260018887825,0.17111643323240885,0.17190420451532856,0.0196642573494212,-0.04399836140584101,-2.5209204140459773,0.1487032716217307,0.1477150754702894
101.26,0.16129830991396868,0.15839645336236122,0.17111643323240885,0.17190420451532856,0.016698948670697485,-0.04821872092036416,-2.762729202256035,0.14900052223598692,0.13935395312358878
101.28,0.16328972810054096,0.16062016766618237,0.17111643323240885,0.17190420451532856,0.0137326909538552,-0.052454734435896655,-3.0054348986564214,0.14928173847987836,0.13159103422921703
101.3,0.1652789582611214,0.1628529799865865,0.17111643323240885,0.17190420451532856,0.010770365802056566,-0.056740320267555704,-3.250980879551548,0.14954647313407676,0.12445082067880087
101.32,0.16726590420166204,0.16509422411357502,0.17111643323240885,0.17190420451532856,0.00782319671802335,-0.061108539683363716,-3.501261416064449,0.14979680281888008,0.11784576786966205
101.34,0.16925082888997267,0.16734365275318283,0.17111643323240885,0.17190420451532856,0.00492738388373864,-0.06558002592862389,-3.757458706068656,0.1500344758722072,0.11170255690751141
101.36,0.1712338107612103,0.16960084399956107,0.17111643323240885,0.17190420451532856,0.0023063493121954024,-0.07018506489578702,-4.021308003380387,0.15025972395017462,0.1060148823450735
101.38,0.17321507418391338,0.17186555685119115,0.17111643323240885,0.17190420451532856,0.0020989967806728776,-0.07495165428134742,-4.294413457844855,0.1504734600185742,0.10074624793077191
101.4,0.17519424938364667,0.17413696256142513,0.17111643323240885,0.17190420451532856,0.00464906367516137,-0.07993214322985898,-4.579774454506116,0.15067600624147914,0.09588619011791089
101.42,0.1771718254153223,0.17641519718559964,0.17111643323240885,0.17190420451532856,0.007550948904616478,-0.08515274432245502,-4.878892863633256,0.1508697226454636,0.09133395930782662
101.44,0.17914785920137305,0.17869992020791492,0.17111643323240885,0.17190420451532856,0.010520720263813545,-0.09066129091640485,-5.194509334717745,0.1510537562338321,0.08713036671603724
101.46,0.18112215552747613,0.18099056236251856,0.17111643323240885,0.17190420451532856,0.013515782536471855,-0.0965204937304487,-5.530216927273633,0.15122885768699135,0.08324563476880265
101.48,0.18309489310258062,0.18328699887923966,0.17111643323240885,0.17190420451532856,0.01652427028320469,-0.1027893820714979,-5.889397771454521,0.15139651437694468,0.07961720963955976
101.5,0.1850660148260736,0.18558886335319727,0.17111643323240885,0.17190420451532856,0.019541256718726367,-0.10954577458077096,-6.2765105469696705,0.1515568373241294,0.07624291448848908
101.52,0.18703568221678463,0.18789605347143534,0.17111643323240885,0.17190420451532856,0.022564612145159566,-0.11687528797853874,-6.696460730546357,0.1517106728722517,0.07308808903094821
101.54,0.18900404463658543,0.19020845820400684,0.17111643323240885,0.17190420451532856,0.025593208959533,-0.12488302529201456,-7.155270282057949,0.15185811097984114,0.0701512002587723
101.56,0.190971044234877,0.19252575196689287,0.17111643323240885,0.17190420451532856,0.02862610342600697,-0.1337041882976198,-7.660685692676065,0.15199929444831284,0.06742838606688117
101.58,0.1929367220838895,0.19484774507058053,0.17111643323240885,0.17190420451532856,0.03166277086378485,-0.1435028329198472,-8.222106674478256,0.15213496806492088,0.06488920538005871
101.6,0.1949011175969458,0.19717426134931448,0.17111643323240885,0.17190420451532856,0.03470283825155411,-0.15448549642425036,-8.851366941092916,0.1522655082304425,0.06251920851685355
101.62,0.19686435353514717,0.1995052286807072,0.17111643323240885,0.17190420451532856,0.0377461512593533,-0.16691445687031412,-9.563493918387406,0.15239125764665573,0.060305307580943435
101.64,0.1986674102198407,0.20165686597069254,0.22883813117582644,0.22668397688497552,0.039199855659425326,-0.09295683067256222,-5.326034074450053,0.1352729948979281,0.3298329173662129
101.66,0.20039737781266617,0.20374794965016602,0.22883813117582644,0.22668397688497552,0.0365368005876272,-0.10159823522073097,-5.821150084125277,0.13577153604993342,0.31775036558268077
101.68,0.2021221231103069,0.20585932845800373,0.22883813117582644,0.22668397688497552,0.03387345670379514,-0.11014904216945375,-6.3110752337182285,0.13641066154796988,0.2988119730251704
101.7,0.20384212565865162,0.2079902404935901,0.22883813117582644,0.22668397688497552,0.0312130753384738,-0.11862550744582356,-6.796740919243413,0.1370139670156867,0.281308084354448
101.72,0.20555788946260384,0.21013998286641195,0.22883813117582644,0.22668397688497552,0.028559996364011266,-0.1270540178638232,-7.279658993776836,0.13758183435292892,0.2652231076827327
101.74,0.20726877790068118,0.2123066297407744,0.22883813117582644,0.22668397688497552,0.025921904089261788,-0.13550904759756077,-7.76409651317762,0.1381154975668153,0.25050412147731294
101.76,0.20897527478303782,0.21448969014055266,0.22883813117582644,0.22668397688497552,0.023307374225462436,-0.14401609897595957,-8.25151465326082,0.13862092150764838,0.23688308575686712
101.78,0.21067750372233102,0.21668828445744803,0.22883813117582644,0.22668397688497552,0.020729743283754914,-0.15261737629164995,-8.744331541871492,0.13909877399234105,0.2243337162821657
101.8,0.2123755841257643,0.2189015969389757,0.22883813117582644,0.22668397688497552,0.01820936278400235,-0.16135631061401745,-9.245035595985168,0.13955120623840855,0.21276281097604155
101.82,0.2140690752025626,0.22112822094020723,0.22883813117582644,0.22668397688497552,0.01577946255292709,-0.1702982214477248,-9.757369347538907,0.13998020313357173,0.20208507658270314
101.84,0.21575891862145127,0.2233685182618362,0.22883813117582644,0.22668397688497552,0.013492889494999718,-0.17945796973463835,-10.28218426578124,0.1403897121557307,0.19212663826317922
101.86,0.21744521749058007,0.22562178307554911,0.22883813117582644,0.22668397688497552,0.011442322226202934,-0.1888874155662803,-10.82245171508155,0.1407779488086902,0.18297246883181018
101.88,0.21912782429176644,0.22788707164344202,0.22883813117582644,0.22668397688497552,0.009784553989859347,-0.19865028727630474,-11.38182305999362,0.14114663999906796,0.1745497541827401
101.9,0.2208066172683952,0.2301635583360866,0.22883813117582644,0.22668397688497552,0.008752868256758898,-0.2088119842059909,-11.964045406755682,0.14149826632294804,0.16675173743596616
101.92,0.22248213420631302,0.23245130003310166,0.22883813117582644,0.22668397688497552,0.008582581999105826,-0.2194214918009686,-12.571925414659898,0.14183488900521013,0.15949027674544425
101.94,0.22415425882781403,0.23474952806603117,0.22883813117582644,0.22668397688497552,0.009326938191427204,-0.23055659614660837,-13.209919898102838,0.14215604799883153,0.15279043810378923
101.96,0.22582288870233536,0.23705756057699928,0.22883813117582644,0.22668397688497552,0.010802912838182395,-0.24230133836646017,-13.882844058769457,0.14246363882639557,0.14657169237319856
101.98,0.22748848788121184,0.2393754893733964,0.22883813117582644,0.22668397688497552,0.012763072759584236,-0.2547329276473737,-14.595121657205876,0.14275926971070163,0.140766066614173
102.0,0.22915113258405634,0.24170289866091316,0.22883813117582644,0.22668397688497552,0.015022182970303872,-0.2679527678546857,-15.352562706922203,0.14304254353296741,0.1353953451699308
102.02,0.2308108920358252,0.24403940103615396,0.22883813117582644,0.22668397688497552,0.01746718445766377,-0.28207670451495237,-16.161804667665585,0.14331440836850007,0.13042120473705232
102.04,0.23246734902901695,0.24638402083876915,0.22883813117582644,0.22668397688497552,0.020031548966750364,-0.29724864739780965,-17.031092961866854,0.14357574819303665,0.1258080254928906
102.06,0.23412105115859289,0.2487371119711145,0.22883813117582644,0.22668397688497552,0.02267708117619654,-0.31361003752142147,-17.968531562916837,0.14382874819807157,0.12146146910585465
102.08,0.23577176465359892,0.251097977400479,0.22883813117582644,0.22668397688497552,0.025379493579957266,-0.3313463804682384,-18.984749157766075,0.14407254044783713,0.11742360775279792
102.1,0.23741984430835097,0.25346675209695935,0.22883813117582644,0.22668397688497552,0.02812406173269785,-0.35066223903757177,-20.09146633146048,0.14430859902256898,0.11363174343359539
102.12,0.239065071317382,0.2558428001139027,0.22883813117582644,0.22668397688497552,0.030900279557874295,-0.37181189809398196,-21.303252533533424,0.14453662088316221,0.11010247801590545
102.14,0.24070777282385944,0.2582262649147507,0.22883813117582644,0.22668397688497552,0.03370169620369305,-0.3950876892712814,-22.63685713282052,0.14475788461894012,0.10678155694332503
102.16,0.2423477436199187,0.2606165644012585,0.22883813117582644,0.22668397688497552,0.03652300814472677,-0.42084890079735626,-24.11286582840838,0.14497211191741854,0.1036841847645853
102.18,0.24394210142819303,0.2629514008740938,0.22883813117582644,0.22668397688497552,0.039286842074552734,-0.45014296444706203,-25.79129204032412,0.13775467866228297,0.23345189894996565
102.2,0.24534824725161902,0.26503846428889843,0.22883813117582644,0.22668397688497552,0.04175704296108414,-0.4842388998120774,-27.74484523529035,0.12586211014822268,0.403607947619955
102.22,0.2467453071296706,0.26714794121465546,0.28263166107170984,0.28529559304583935,0.04021402325357644,-0.20257740546558145,-11.606830357888233,0.1266693593839463,0.38062602441435445
102.24,0.24813549422672962,0.26928146795873914,0.28263166107170984,0.28529559304583935,0.038032061859725734,-0.21439021419010382,-12.283654441998682,0.1274398042057534,0.3591062260654976
102.26,0.24951851795625485,0.2714370496317233,0.28263166107170984,0.28529559304583935,0.035896232010415,-0.22619367806242988,-12.959943105518109,0.1281644726007336,0.33945747890062883
102.28,0.2508937349244625,0.2736123598144972,0.28263166107170984,0.28529559304583935,0.03382002210031898,-0.23807341136987856,-13.640601685775907,0.12884928218594993,0.32140631289645505
102.3,0.2522632352834231,0.27580915581278015,0.28263166107170984,0.28529559304583935,0.031815621575500476,-0.24999482397145711,-14.323648313680435,0.12950112039709083,0.3046375543858115
102.32,0.2536253535660863,0.2780235862120223,0.28263166107170984,0.28529559304583935,0.029903978974408663,-0.2620902795314101,-15.016666868553788,0.13011374926046315,0.289437674144688
102.34,0.2549809487449868,0.28025584468094683,0.28263166107170984,0.28529559304583935,0.02810624407060878,-0.27437907526344346,-15.720762999297676,0.13069870456332566,0.27528376821295275
102.36,0.25633050136514757,0.2825055283827079,0.28263166107170984,0.28529559304583935,0.026448732724547494,-0.286901134347614,-16.4382241356341,0.13125493366450414,0.26222692505517564
102.38,0.2576738582316531,0.28477130868438694,0.28263166107170984,0.28529559304583935,0.024963309009320197,-0.2997237969890253,-17.17290858710704,0.13178330456948828,0.2502317576680291
102.4,0.2590111706821511,0.2870524403169137,0.28263166107170984,0.28529559304583935,0.02368573576178534,-0.31290296357758995,-17.928019210131623,0.13228736663695173,0.23914216706444336
102.42,0.26034258789204473,0.28934823764482165,0.28263166107170984,0.28529559304583935,0.022654507530602535,-0.32649705535996604,-18.70690329557525,0.13276897784990638,0.2288789100357569
102.44,0.2616682539381856,0.291658065723966,0.28263166107170984,0.28529559304583935,0.021907658414942553,-0.34056788065321564,-19.513102199144377,0.13322981464849448,0.21937122633097772
102.46,0.2629880718759681,0.29398096193341083,0.28263166107170984,0.28529559304583935,0.0214780406276796,-0.3551886191643333,-20.350808809195808,0.13367140940827582,0.21055504285327764
102.48,0.2643024087520122,0.2963167916929737,0.28263166107170984,0.28529559304583935,0.021387573733800118,-0.37042167402887793,-21.223598562025444,0.13409604596867908,0.20233241505018817
102.5,0.26561118175522325,0.2986646980484738,0.28263166107170984,0.28529559304583935,0.021643236466259225,-0.38634947547614495,-22.136194361876207,0.13450399985117656,0.1946957934118032
102.52,0.2669149273696489,0.3010249220358158,0.28263166107170984,0.28529559304583935,0.022235725954787552,-0.4030430831635915,-23.09266762721404,0.13489720974959596,0.18756282896825738
102.54,0.2682135632976116,0.30339665318609604,0.28263166107170984,0.28529559304583935,0.0231415194320651,-0.42059975299255226,-24.09859071071816,0.13527518859453025,0.1809602365610008
102.56,0.2695073851896937,0.30577979007441325,0.28263166107170984,0.28529559304583935,0.02432794576886233,-0.4391152943016902,-25.159453083131897,0.1356397501052875,0.17481143778641517
102.58,0.2707963135831804,0.30817360848129755,0.28263166107170984,0.28529559304583935,0.025758086894008717,-0.45870486150779766,-26.281852606529736,0.13599121762197797,0.1691066622866444
102.6,0.27208044707463225,0.3105777521175284,0.28263166107170984,0.28529559304583935,0.02739554131858533,-0.47949009322444014,-27.47275866009481,0.13633114237974198,0.1637807882526321
102.62,0.2733595522913356,0.31299131894812154,0.28263166107170984,0.28529559304583935,0.029206595736056582,-0.501611164249418,-28.740202668135176,0.13666030171979315,0.15880313507743438
102.64,0.27463451911944886,0.31541544723581744,0.28263166107170984,0.28529559304583935,0.031163438446842693,-0.5252033997790316,-30.091938193260624,0.13698039681795393,0.1541010347816396
102.66,0.2759049644482664,0.31784894987321205,0.28263166107170984,0.28529559304583935,0.03324108133310495,-0.5504418331833889,-31.537993908852293,0.1372895393082274,0.14976346243811278
102.68,0.27717081986378944,0.32029129335967427,0.28263166107170984,0.28529559304583935,0.0354192013906845,-0.577511962666168,-33.08899807908819,0.13758993374786144,0.14569532143848818
102.7,0.27843244988051696,0.32274276143602804,0.28263166107170984,0.28529559304583935,0.03768187621485144,-0.6066141312900286,-34.75642951591345,0.13788254483380058,0.1418565834665486
102.72,0.2795653587961056,0.32496711276530155,0.28263166107170984,0.28529559304583935,0.03978984401197187,-0.6392442186377673,-36.6259958060821,0.11938460251235128,0.41689624961427363
102.74,0.2806368895306619,0.3271138789900741,0.28263166107170984,0.28529559304583935,0.041865835150092935,-0.6742277645376508,-38.630405338547625,0.1200695564887333,0.4024722833262384
102.76,0.2816983697914239,0.3292832509372864,0.28263166107170984,0.28529559304583935,0.04399755765254295,-0.7112522169706018,-40.75175020173859,0.12087882824838303,0.38179028063134446
102.78,0.2827502601392444,0.33147451150005686,0.28263166107170984,0.28529559304583935,0.0461790707500713,-0.7505273632942494,-43.00205032584235,0.12164861341306121,0.36265426143988755
102.8,0.283792783773429,0.33368654728270225,0.32912004981729676,0.34979897561443435,0.04810583533997484,-0.3034479847733257,-17.38628882926163,0.12237966274506462,0.34502642235589853
102.82,0.2848261593637759,0.33591832470934607,0.32912004981729676,0.34979897561443435,0.04641789742176429,-0.3164585569023649,-18.131739701306117,0.1230750039439954,0.32877001985287535
102.84,0.2858491038072717,0.33816593293903574,0.32912004981729676,0.34979897561443435,0.04480739281067522,-0.32966429848885337,-18.8883729595523,0.12373742090776574,0.3137612065629014
102.86,0.28686471376952666,0.3404345948140448,0.32912004981729676,0.34979897561443435,0.04328053895557082,-0.3429714644108619,-19.650817404163703,0.12437695037323948,0.29955084506205765
102.88,0.2878718271562672,0.34272035318958927,0.32912004981729676,0.34979897561443435,0.04185119792941885,-0.3564948160247239,-20.425648376509425,0.12498031517438335,0.28673861376393717
102.9,0.2888708876328769,0.34502295012109857,0.32912004981729676,0.34979897561443435,0.0405315368085239,-0.3702699981994382,-21.214908177144398,0.12555763607302595,0.27487599613351676
102.92,0.2898615966894797,0.3473406206726916,0.32912004981729676,0.34979897561443435,0.03933534861938559,-0.38436351856625556,-22.022407412644704,0.1261097605912198,0.26393035601479653
102.94,0.29084437284186143,0.3496732662828389,0.32912004981729676,0.34979897561443435,0.03827588340932081,-0.3988113337170238,-22.85020624396889,0.12664090499683311,0.253718360596622
102.96,0.2918196118435527,0.3520207534812328,0.32912004981729676,0.34979897561443435,0.0373665488093632,-0.4136538326594059,-23.700618790794774,0.12715140531733837,0.24423035956178119
102.98,0.29278706724516645,0.35438157478762133,0.32912004981729676,0.34979897561443435,0.03662083884578313,-0.42895693717768824,-24.57742209313993,0.12764176363910806,0.23544973107525458
103.0,0.29374729552048745,0.3567561294100831,0.32912004981729676,0.34979897561443435,0.036050433221790155,-0.44475863628640044,-25.482792761204774,0.12811529729068738,0.2272339437892068
103.02,0.2946997080366347,0.3591422180774982,0.32912004981729676,0.34979897561443435,0.035665895586977615,-0.46113800215508394,-26.42126129658097,0.1285714083375744,0.2196153578604143
103.04,0.29564534333372106,0.3615415508471495,0.32912004981729676,0.34979897561443435,0.035474554926841866,-0.4781231028677838,-27.39443588202332,0.12901444834767517,0.2124047314189248
103.06,0.29658366832945254,0.3639520529168109,0.32912004981729676,0.34979897561443435,0.03548134323062724,-0.4957962366608931,-28.407031859138513,0.12944142099895473,0.20574120886629466
103.08,0.29751562778033414,0.3663753132720028,0.32912004981729676,0.34979897561443435,0.03568773546231492,-0.5141999203229145,-29.46148526046621,0.1298562351791155,0.19945534825205335
103.1,0.29844072439430996,0.3688093688333656,0.32912004981729676,0.34979897561443435,0.036091772729361905,-0.5334218336533337,-30.562819768465484,0.13025640304888952,0.1936638001032165
103.12,0.2993593765484449,0.3712546294998714,0.32912004981729676,0.34979897561443435,0.03668845536496493,-0.5535287040020059,-31.71485857866114,0.13064546811465405,0.1882132200814457
103.14,0.3002712692451581,0.37370969388842806,0.32912004981729676,0.34979897561443435,0.037469648902514426,-0.5746085914084008,-32.922647159658545,0.13102298467089213,0.1831283984898846
103.16,0.30117692447162425,0.37617534645448364,0.32912004981729676,0.34979897561443435,0.038425658000556966,-0.5967367921549587,-34.190499670654546,0.13139127539822937,0.17830944777141866
103.18,0.3020764470223412,0.37865127742095533,0.32912004981729676,0.34979897561443435,0.039545060015960296,-0.6200041155864903,-35.52361910384715,0.1317493399788816,0.17380557296498012
103.2,0.3029696776891485,0.38113654316833195,0.32912004981729676,0.34979897561443435,0.040815255758548524,-0.6445101880372802,-36.927713627719235,0.1320978519006033,0.169590966341282
103.22,0.3038568326035849,0.3836312378058715,0.32912004981729676,0.34979897561443435,0.042223833423522,-0.6703541396386763,-38.40846298041959,0.13243829821671937,0.1656025924590132
103.24,0.3047381196701588,0.3861354383239636,0.32912004981729676,0.34979897561443435,0.043758622463931876,-0.6976419719044908,-39.97194060131168,0.13277069991408652,0.1618431804228937
103.26,0.30561350682618704,0.3886485964276895,0.32912004981729676,0.34979897561443435,0.045407605097897395,-0.7264870446414103,-41.62464152888504,0.13309513815800145,0.15831283234457594
103.28,0.30638656551429444,0.39090220396885944,0.32912004981729676,0.34979897561443435,0.046971126127769894,-0.758291428615903,-43.44689850063698,0.11478570795064869,0.42605271403428624
103.3,0.3071172138077943,0.3930917284020063,0.32912004981729676,0.34979897561443435,0.0485632292623429,-0.7917361124173106,-45.36313772960719,0.11552153302361035,0.4110134539936361
103.32,0.3078351648023811,0.3953025505053844,0.32912004981729676,0.34979897561443435,0.05023566121745068,-0.8265299450129784,-47.356677490423664,0.11634807171194694,0.3913650192610696
103.34,0.3085408622188649,0.39753398238478865,0.32912004981729676,0.34979897561443435,0.05198205299502149,-0.8627646971127672,-49.43277585744436,0.11713669628372614,0.37315120504533006
103.36,0.30923385472475734,0.39978288518452126,0.32912004981729676,0.34979897561443435,0.053794534770450105,-0.9005620724301995,-51.59840593980518,0.11788846284064292,0.3563226074898562
103.38,0.30991586471228966,0.40205268813338996,0.32912004981729676,0.34979897561443435,0.05567091877776973,-0.9399668927433792,-53.85613583622175,0.11861120521690083,0.3405319438409826
103.4,0.31058629776349095,0.40433963517954746,0.3638276227782267,0.42126573404883083,0.05586708791638853,-0.3815865897878404,-21.863301113633092,0.1192970063062404,0.3261337955318133
103.42,0.3112458430018723,0.406644238642211,0.3638276227782267,0.42126573404883083,0.054576842088699486,-0.3955816851576689,-22.665161012207346,0.11995503315818112,0.3127260198942938
103.44,0.3118945734768732,0.408965073751353,0.3638276227782267,0.42126573404883083,0.05336991524717612,-0.4097860636145124,-23.47901194839103,0.12058450753400507,0.3003480759700139
103.46,0.3125329272457899,0.4113020228756192,0.3638276227782267,0.42126573404883083,0.05225343366811962,-0.4242300016407723,-24.306588636844243,0.1211889170709135,0.28885136043599324
103.48,0.3131608019058064,0.41365326803940755,0.3638276227782267,0.42126573404883083,0.051235499178426576,-0.4389730736494838,-25.15130444000087,0.12176891913675547,0.2782129398681832
103.5,0.31377859159927796,0.4160188161368283,0.3638276227782267,0.42126573404883083,0.05032331139270029,-0.4540456964219448,-26.01490211105566,0.12232853654445819,0.26826120255840635
103.52,0.3143866744310829,0.4183986359627898,0.3638276227782267,0.42126573404883083,0.04952401058981311,-0.4694818586084789,-26.899329056223497,0.12286804447265709,0.25899004548857185
103.54,0.3149849730115508,0.4207911574339132,0.3638276227782267,0.42126573404883083,0.04884495530956695,-0.48533875176529784,-27.807862110299098,0.123387878796688,0.25038671232713305
103.56,0.31557382396600336,0.42319643839783266,0.3638276227782267,0.42126573404883083,0.048292408503757434,-0.5016523915820741,-28.742564820296952,0.12389123322193996,0.24231632772542255
103.58,0.31615342069270724,0.4256140347697378,0.3638276227782267,0.42126573404883083,0.04787209274358486,-0.5184677647176116,-29.706014731900915,0.12437828699409792,0.23477694691576012
103.6,0.31672394625305506,0.42804352901718207,0.3638276227782267,0.42126573404883083,0.047588810100915695,-0.5358316752663093,-30.700893522183982,0.12485010270264496,0.2277275960094194
103.62,0.3172855744713412,0.43048453087369337,0.3638276227782267,0.42126573404883083,0.04744626935280118,-0.5537928115213889,-31.729990824859456,0.1253076727018687,0.22113023974257295
103.64,0.31783869454139174,0.43293753545461905,0.3638276227782267,0.42126573404883083,0.047446943720633024,-0.5723944585344227,-32.79578669069843,0.1257519123887718,0.214950026149463
103.66,0.3183830394978459,0.43540045331233107,0.3638276227782267,0.42126573404883083,0.04759202074072325,-0.5917052718695222,-33.90221479376457,0.1261824304635617,0.20921034279530737
103.68,0.3189190556001312,0.43787425764545557,0.3638276227782267,0.42126573404883083,0.04788133730431055,-0.6117695744768443,-35.051814652037464,0.12660257305556755,0.20376758860796151
103.7,0.31944669308176177,0.44035782390304584,0.3638276227782267,0.42126573404883083,0.04831329853905635,-0.6326509709710298,-36.24823054149357,0.1270111967839327,0.19867769462500462
103.72,0.3199661745852357,0.4428512883530007,0.3638276227782267,0.42126573404883083,0.048885200134649164,-0.6544064816867492,-37.49472948665593,0.12741007914263136,0.1938661428246835
103.74,0.3204776273534128,0.44535438664656224,0.3638276227782267,0.42126573404883083,0.04959319799433771,-0.6770986368947349,-38.79489420812932,0.12779925489470045,0.18933591409031614
103.76,0.320981171756548,0.447866868107656,0.3638276227782267,0.42126573404883083,0.050432516280359274,-0.7007923447186521,-40.15244366745588,0.12817928579185178,0.18506630692360915
103.78,0.32147692202576783,0.45038849637929296,0.3638276227782267,0.42126573404883083,0.05139763749415829,-0.7255545964819526,-41.57121618473337,0.1285506992884322,0.1810379193467604
103.8,0.3219650643175581,0.4529194033601692,0.3638276227782267,0.42126573404883083,0.052482650292686846,-0.7514534421965763,-43.05511073844179,0.1289139836441855,0.1772328560922798
103.82,0.3224456288521643,0.4554590075462903,0.3638276227782267,0.42126573404883083,0.05368099639321843,-0.7785600926774368,-44.608207407731356,0.12926921036928718,0.17365196548269068
103.84,0.32286458492993375,0.45773306157923516,0.3638276227782267,0.42126573404883083,0.05484374574161094,-0.8082826028953564,-46.31118179975261,0.11010929451300555,0.4475140431170477
103.86,0.3232464799273423,0.45991325124033183,0.3638276227782267,0.42126573404883083,0.05603980496175245,-0.8394428421313559,-48.09653199659334,0.11085633225764724,0.4337677803745166
103.88,0.3236100527139696,0.46210035767566715,0.3638276227782267,0.42126573404883083,0.05731421663617859,-0.87170073408036,-49.944773061260314,0.11085633225764724,0.4337677803745166
103.9,0.3239603982665928,0.4643222565106694,0.3638276227782267,0.42126573404883083,0.05867929546925247,-0.9047365474817429,-51.837585741941275,0.11259827651244336,0.3938110028878228
103.92,0.3242958869501383,0.46656272927577014,0.3638276227782267,0.42126573404883083,0.06012134324989033,-0.9388091574651108,-53.789802490983575,0.11339189033172659,0.3768099971401817
103.94,0.3246170192204619,0.468821505450154,0.3638276227782267,0.42126573404883083,0.06163621358372939,-0.9739688634064636,-55.804305250344136,0.11415061062995946,0.36106861668439016
103.96,0.32492391581897684,0.47109623367717113,0.3638276227782267,0.42126573404883083,0.0632184870776042,-1.0102734850822301,-57.88440684918472,0.11487589614214144,0.346527814162334
103.98,0.32521715504576904,0.47338761341169905,0.38391175890555507,0.4981409191451472,0.06370072736626141,-0.42804363359441927,-24.525093652404443,0.11557331401377269,0.3329497043558227
104.0,0.3254969777274998,0.47569419948156716,0.38391175890555507,0.4981409191451472,0.06257908503434219,-0.44256532565812123,-25.35712531904319,0.11624192904617914,0.32038073898177366
104.02,0.32576370584732056,0.4780153383510372,0.38391175890555507,0.4981409191451472,0.06153239046846387,-0.45729949938156866,-26.201331288009285,0.11688520431984983,0.3086765661874935
104.04,0.3260173795912707,0.48034858497632427,0.38391175890555507,0.4981409191451472,0.06056670959662001,-0.4723074140453083,-27.061221457534064,0.11750489828710187,0.2977672557680222
104.06,0.32625875957206585,0.48269712571694817,0.38391175890555507,0.4981409191451472,0.059685669030347575,-0.4875704702388374,-27.93573015989429,0.11810588745584383,0.28744670168223685
104.08,0.32648785527518687,0.4850579589808031,0.38391175890555507,0.4981409191451472,0.05889540351174808,-0.5031594176908374,-28.828911055945113,0.11868284497200676,0.27795357032678325
104.1,0.32670492464527884,0.48743064427015803,0.38391175890555507,0.4981409191451472,0.0582007892900134,-0.519108842520925,-29.742745784370296,0.11924160005438722,0.2690415003581137
104.12,0.32691034215515175,0.4898158524821461,0.38391175890555507,0.4981409191451472,0.05760614764499161,-0.5354418912489094,-30.678560543065316,0.11978324788302075,0.26066923022094457
104.14,0.3271042429534369,0.4922120640661293,0.38391175890555507,0.4981409191451472,0.057116067714769715,-0.5522085088352893,-31.639216967474706,0.12030709802735018,0.2528736510465368
104.16,0.32728690240506786,0.49461942570460976,0.38391175890555507,0.4981409191451472,0.05673425146904219,-0.5694409788349495,-32.626564769041046,0.1208159635615047,0.2455385674937638
104.18,0.32745864045807654,0.4970385465258122,0.38391175890555507,0.4981409191451472,0.05646388055949484,-0.58717008653169,-33.64236781459718,0.12130997473178695,0.23866458097598908
104.2,0.32761954192031456,0.4994675584468246,0.38391175890555507,0.4981409191451472,0.05630784727682417,-0.6054506861808924,-34.689769021464805,0.12178867869181431,0.2322783343489121
104.22,0.32776983606983734,0.5019066338397193,0.38391175890555507,0.4981409191451472,0.05626807360175573,-0.62431982379675,-35.770890969905,0.12225515123596153,0.22625111287144506
104.24,0.3279097475867943,0.5043559196043869,0.38391175890555507,0.4981409191451472,0.056345820629883074,-0.6438172775666229,-36.888012782170144,0.12270946162873386,0.22058552797354913
104.26,0.32803935329091216,0.5068137690247696,0.38391175890555507,0.4981409191451472,0.05654152486625778,-0.6639957293488438,-38.04415290639964,0.12315176580299791,0.2152805507538158
104.28,0.32815890199025116,0.5092812637941304,0.38391175890555507,0.4981409191451472,0.05685497632676035,-0.6848917051536315,-39.24140412882146,0.1235844488957305,0.21023583092749654
104.3,0.3282685309067449,0.5117576993852888,0.38391175890555507,0.4981409191451472,0.05728512482517501,-0.7065541152299663,-40.48256880027711,0.12400643397381117,0.20550412329400913
104.32,0.3283683902652009,0.514242832157387,0.38391175890555507,0.4981409191451472,0.057830246433609574,-0.7290301395002194,-41.770350131196224,0.12441886173348848,0.2010398241059086
104.34,0.3284586226991422,0.516736433877111,0.38391175890555507,0.4981409191451472,0.05848797725407896,-0.7523676168857435,-43.10748908986875,0.12482228067289824,0.19682321353964305
104.36,0.3285393009689377,0.5192371055781353,0.38391175890555507,0.4981409191451472,0.05925502662186435,-0.7766171423743446,-44.49688455556051,0.12521719208393733,0.1928363610304018
104.38,0.3286106505882914,0.5217470311015533,0.38391175890555507,0.4981409191451472,0.06012870448310113,-0.8018214897156699,-45.94098728360023,0.125605256917094,0.1890084514688528
104.4,0.3286727799184398,0.5242651934443417,0.38391175890555507,0.4981409191451472,0.06110501212829043,-0.828031505512967,-47.44271056975657,0.1259844221935147,0.1854359907105252
104.42,0.32871637648392155,0.5264942876322307,0.38391175890555507,0.4981409191451472,0.062051943927927934,-0.8568287136601199,-49.09266905834818,0.1051822240492939,0.48347955706518064
104.44,0.3287377850996046,0.5286121837463867,0.38391175890555507,0.4981409191451472,0.06302908338170929,-0.8869098055000364,-50.81618866392081,0.1059804248059848,0.4693045528902928
104.46,0.32873964559609314,0.5307477888022134,0.38391175890555507,0.4981409191451472,0.0640872064913506,-0.9176709772842724,-52.578673980034445,0.10692186891487765,0.44820030404735256
104.48,0.32872254623055824,0.532902400901694,0.38391175890555507,0.4981409191451472,0.06522430382607981,-0.9491217902855819,-54.38067282726466,0.1078246008007433,0.42847873309104223
104.5,0.32868689496078085,0.5350672020451075,0.38391175890555507,0.4981409191451472,0.06643294338298375,-0.9813878240436542,-56.22938038322884,0.10868550258322784,0.41027173036667364
104.52,0.32863312061303246,0.537255343308512,0.38391175890555507,0.4981409191451472,0.06771754594717061,-1.014356035192013,-58.11831974012594,0.10952425304830982,0.3927347571119899
104.54,0.3285619227232819,0.539458874792345,0.38391175890555507,0.4981409191451472,0.06907081745765199,-1.048132874767842,-60.0535900931114,0.1103132299589582,0.3770555386017893
104.56,0.32847376453161525,0.5416754980560667,0.38391175890555507,0.4981409191451472,0.07048851524295333,-1.082749768947505,-62.036992029457075,0.11107047688243554,0.3624674998425892
104.58,0.32836902420538355,0.5439068692455381,0.3892891009726117,0.5774246271988385,0.06953197718705403,-0.48011707345923954,-27.50868198138694,0.11180124710001849,0.34875148796409405
104.6,0.3282481748048747,0.5461508640237634,0.3892891009726117,0.5774246271988385,0.06858602576724938,-0.49547460943647414,-28.388603976602802,0.11250286488149186,0.33602822194112036
104.62,0.3281115662841716,0.5484082991763881,0.3892891009726117,0.5774246271988385,0.06770995526849602,-0.5110299300722074,-29.279858198003076,0.11318001063438388,0.3241045426005673
104.64,0.3279596713784479,0.5506765923447313,0.3892891009726117,0.5774246271988385,0.06690856673776556,-0.5268439103740954,-30.185932526604276,0.11383179682500355,0.3130257119376978
104.66,0.32779269176331804,0.5529584921527523,0.3892891009726117,0.5774246271988385,0.06618459118050232,-0.542906747336207,-31.106265291540012,0.11446338766623043,0.30257813845913084
104.68,0.32761130244756875,0.5552478689212323,0.3892891009726117,0.5774246271988385,0.06554356901023291,-0.5593203457361697,-32.04669520648056,0.11507063345881363,0.2929472126811383
104.7,0.3274154565754623,0.5575492707757131,0.3892891009726117,0.5774246271988385,0.0649875192935626,-0.5760570814595762,-33.00563952625758,0.11566423262738823,0.28368155910563075
104.72,0.32720541580324625,0.559863927613031,0.3892891009726117,0.5774246271988385,0.06451947096924979,-0.5931347492008019,-33.984117811756526,0.11623715513806587,0.2750891162528468
104.74,0.32698181987434705,0.562187301195267,0.3892891009726117,0.5774246271988385,0.06414338143251634,-0.6106328035595137,-34.9866824762012,0.11678819261655704,0.2672307777185079
104.76,0.3267449203638022,0.5645191117049672,0.3892891009726117,0.5774246271988385,0.06386177932214178,-0.6285820914794189,-36.015100919276925,0.11732501167545095,0.25978506831836334
104.78,0.3264947487063602,0.5668617083495232,0.3892891009726117,0.5774246271988385,0.0636765728596892,-0.6469931742635933,-37.06997825907609,0.1178483046674117,0.25272810622256614
104.8,0.32623177335355147,0.5692126262161363,0.3892891009726117,0.5774246271988385,0.06358980678219897,-0.6659194090971605,-38.15437163711297,0.11835517227360981,0.24619221018706838
104.82,0.32595631206150066,0.5715706129451337,0.3892891009726117,0.5774246271988385,0.06360276435927867,-0.6854009787758606,-39.27058335799253,0.11884951746408134,0.24001531864770165
104.84,0.32566827305881657,0.5739383689166653,0.3892891009726117,0.5774246271988385,0.06371627532465121,-0.7054530219015219,-40.41948079970724,0.11933325423658658,0.23411959139796323
104.86,0.3253680574117046,0.5763141286200909,0.3892891009726117,0.5774246271988385,0.06393068916419394,-0.7261217726983226,-41.603712988171566,0.1198032621394951,0.22864705930270013
104.88,0.3250558220158764,0.5786980924130899,0.3892891009726117,0.5774246271988385,0.0642459013415306,-0.7474414021002906,-42.82523777368736,0.12026219801803961,0.2234881474616479
104.9,0.32473197036435325,0.5810882140648754,0.3892891009726117,0.5774246271988385,0.06466100046470624,-0.7694553595767448,-44.08654462746865,0.12071020609631944,0.21864242939262368
104.92,0.3243963981581428,0.5834865285240299,0.3892891009726117,0.5774246271988385,0.06517522171994,-0.7921901472541841,-45.38915200951195,0.12114991381420026,0.21399903453955815
104.94,0.32404940662872556,0.5858919258325419,0.3892891009726117,0.5774246271988385,0.06578687455895749,-0.8156849129326466,-46.73530292353667,0.12157930490266367,0.20965192920052722
104.96,0.32369121488163566,0.5883037870096257,0.3892891009726117,0.5774246271988385,0.06649390030516572,-0.8399751462339895,-48.12703077509175,0.1219999128935001,0.20553835278880328
104.98,0.32336315053717163,0.5904327931657162,0.3892891009726117,0.5774246271988385,0.0671970484667142,-0.8666745844640089,-49.656795901042095,0.10196841142988688,0.4843467706727722
105.0,0.3230310513297153,0.5924598299122922,0.3892891009726117,0.5774246271988385,0.06794252323188452,-0.8944936909073364,-51.25071329006996,0.10278511473931218,0.4704447778602905
105.02,0.3226779467023068,0.5944955078666999,0.3892891009726117,0.5774246271988385,0.06876380472311522,-0.9228827696216405,-52.87728768466426,0.10372878469624425,0.45050683215919207
105.04,0.32230214006073205,0.5965535060219359,0.3892891009726117,0.5774246271988385,0.06966467495968412,-0.9516915258957521,-54.527907832191886,0.1046477425145298,0.4313134769717841
105.06,0.32190590797446156,0.5986235717652669,0.3892891009726117,0.5774246271988385,0.07063915309059458,-0.9810714706666039,-56.21125466988915,0.10551228880704144,0.4141138997715288
105.08,0.321489362192522,0.6007075918011595,0.3892891009726117,0.5774246271988385,0.0716861285000197,-1.0110231571832726,-57.92735989659316,0.10634567648253324,0.3979368078543821
105.1,0.32105322455854896,0.6028039974106718,0.3892891009726117,0.5774246271988385,0.0728027970777534,-1.0415801935194686,-59.67814911308509,0.10714478551916429,0.38291891201525097
105.12,0.32059802147377825,0.6049121421557102,0.3892891009726117,0.5774246271988385,0.07398667367316432,-1.0727611378196231,-61.464685622716445,0.10791362692517126,0.368898859243183
105.14,0.3201245263246977,0.6070299741984113,0.3892891009726117,0.5774246271988385,0.07523440009192596,-1.104587766531179,-63.28821712401848,0.10865422865542484,0.3557989844571452
105.16,0.3196327435605483,0.6091591851847943,0.3798910290923154,0.6563298971645808,0.076525401298575,-0.513821971713623,-29.439830400280965,0.109371066576891,0.3434389367384938
105.18,0.31912316415936026,0.6112991990458901,0.3798910290923154,0.6563298971645808,0.07563396843724737,-0.5291202001947147,-30.316354326274354,0.11006165246643107,0.3319306647864284
105.2,0.31859666502081585,0.613447511508426,0.3798910290923154,0.6563298971645808,0.07480573551869352,-0.5446388931612218,-31.205509936814565,0.11072781545253818,0.3212061685331502
105.22,0.3180531900258782,0.6156056803624184,0.3798910290923154,0.6563298971645808,0.07404309673802226,-0.5603802200346553,-32.10742153059817,0.1113745175894465,0.3110651371707185
105.24,0.31749329765232454,0.6177726318523545,0.3798910290923154,0.6563298971645808,0.07334943487999504,-0.576380924863982,-33.02419438655318,0.11199969017408051,0.3016024251767391
105.26,0.316917499973884,0.6199473846789336,0.3798910290923154,0.6563298971645808,0.07272793537835513,-0.5926754381842791,-33.95780122902591,0.1126057338398212,0.2927253463025359
105.28,0.31632571538644666,0.6221313407394222,0.3798910290923154,0.6563298971645808,0.07218095571610465,-0.6092734059011569,-34.90879472769739,0.11319473536577362,0.2843536002350433
105.3,0.315718736893702,0.6243224091575301,0.3798910290923154,0.6563298971645808,0.07171166135675364,-0.6262212578036781,-35.87983511352462,0.11376511691638669,0.27656198214098815
